{"mean":{"confidence_interval":{"confidence_level":0.95,"lower_bound":6020832.447999999,"upper_bound":6032591.840249999},"point_estimate":6025722.642222221,"standard_error":3051.969400784135},"median":{"confidence_interval":{"confidence_level":0.95,"lower_bound":6018318.166666666,"upper_bound":6024091.111111111},"point_estimate":6020678.666666666,"standard_error":1475.4293052309602},"median_abs_dev":{"confidence_interval":{"confidence_level":0.95,"lower_bound":9359.488900502676,"upper_bound":19351.059589783195},"point_estimate":14574.040107924966,"standard_error":2812.354858547166},"slope":null,"std_dev":{"confidence_interval":{"confidence_level":0.95,"lower_bound":13436.895974317089,"upper_bound":48403.40423813515},"point_estimate":30599.543314449897,"standard_error":11486.232947491284}}