{"mean":{"confidence_interval":{"confidence_level":0.95,"lower_bound":6010989.070625,"upper_bound":6017631.25803125},"point_estimate":6014220.99625,"standard_error":1703.152928926415},"median":{"confidence_interval":{"confidence_level":0.95,"lower_bound":6007659.375,"upper_bound":6016190.75},"point_estimate":6010643.9375,"standard_error":2014.4527955271944},"median_abs_dev":{"confidence_interval":{"confidence_level":0.95,"lower_bound":12402.875404804945,"upper_bound":19194.443494230494},"point_estimate":15247.706766799092,"standard_error":1644.2924057339446},"slope":null,"std_dev":{"confidence_interval":{"confidence_level":0.95,"lower_bound":13879.160130893057,"upper_bound":20349.910474888144},"point_estimate":17168.063860501632,"standard_error":1663.4421630733639}}