{"mean":{"confidence_interval":{"confidence_level":0.95,"lower_bound":5936119.461527781,"upper_bound":6033452.462861114},"point_estimate":5977460.094444446,"standard_error":25128.0523081774},"median":{"confidence_interval":{"confidence_level":0.95,"lower_bound":5925820.555555556,"upper_bound":5935454.111111111},"point_estimate":5929478.555555556,"standard_error":2297.9420785110237},"median_abs_dev":{"confidence_interval":{"confidence_level":0.95,"lower_bound":11209.6686501553,"upper_bound":21764.73234693056},"point_estimate":16079.538014531136,"standard_error":2790.9504494025664},"slope":null,"std_dev":{"confidence_interval":{"confidence_level":0.95,"lower_bound":26043.61509249011,"upper_bound":404155.19697821373},"point_estimate":253568.73987898388,"standard_error":93072.53458090167}}