{"mean":{"confidence_interval":{"confidence_level":0.95,"lower_bound":6107006.920499997,"upper_bound":6113806.2910555545},"point_estimate":6110045.4,"standard_error":1744.7133444798528},"median":{"confidence_interval":{"confidence_level":0.95,"lower_bound":6105964.944444444,"upper_bound":6110654.277777778},"point_estimate":6109200.222222222,"standard_error":1223.935614472475},"median_abs_dev":{"confidence_interval":{"confidence_level":0.95,"lower_bound":7828.951527674226,"upper_bound":12584.390943248989},"point_estimate":10743.001775940182,"standard_error":1267.7762132976964},"slope":null,"std_dev":{"confidence_interval":{"confidence_level":0.95,"lower_bound":9068.289194639927,"upper_bound":25957.250987924646},"point_estimate":17504.66666047592,"standard_error":4762.1664647937905}}