{"mean":{"confidence_interval":{"confidence_level":0.95,"lower_bound":6151768.409500003,"upper_bound":6198594.794527776},"point_estimate":6170125.822222222,"standard_error":12398.815482424498},"median":{"confidence_interval":{"confidence_level":0.95,"lower_bound":6142293.611111111,"upper_bound":6158687.833333334},"point_estimate":6153603.166666666,"standard_error":4415.884852721871},"median_abs_dev":{"confidence_interval":{"confidence_level":0.95,"lower_bound":20870.806929468188,"upper_bound":32627.577620744705},"point_estimate":25655.321777859248,"standard_error":2966.616933749139},"slope":null,"std_dev":{"confidence_interval":{"confidence_level":0.95,"lower_bound":27681.431779064707,"upper_bound":203692.31737360798},"point_estimate":123842.01171927237,"standard_error":53843.50666113108}}