{"mean":{"confidence_interval":{"confidence_level":0.95,"lower_bound":6063750.187833335,"upper_bound":6077206.352750002},"point_estimate":6068836.99,"standard_error":3686.5491647126964},"median":{"confidence_interval":{"confidence_level":0.95,"lower_bound":6062591.555555556,"upper_bound":6066603.5},"point_estimate":6064687.722222222,"standard_error":1038.3048815979093},"median_abs_dev":{"confidence_interval":{"confidence_level":0.95,"lower_bound":5515.683735410679,"upper_bound":10541.368179520585},"point_estimate":7119.93927359604,"standard_error":1300.672032187668},"slope":null,"std_dev":{"confidence_interval":{"confidence_level":0.95,"lower_bound":8556.805700685205,"upper_bound":62063.484585356666},"point_estimate":37051.32360770596,"standard_error":18213.651192210455}}