{"mean":{"confidence_interval":{"confidence_level":0.95,"lower_bound":6028547.348749999,"upper_bound":6033266.346055555},"point_estimate":6030893.848888891,"standard_error":1203.4352165659332},"median":{"confidence_interval":{"confidence_level":0.95,"lower_bound":6026812.888888889,"upper_bound":6035469.777777778},"point_estimate":6030131.666666667,"standard_error":2091.7648547007775},"median_abs_dev":{"confidence_interval":{"confidence_level":0.95,"lower_bound":10725.787142911933,"upper_bound":15815.14101922489},"point_estimate":13206.918198863052,"standard_error":1226.881470073303},"slope":null,"std_dev":{"confidence_interval":{"confidence_level":0.95,"lower_bound":10414.715005626447,"upper_bound":13678.58435161377},"point_estimate":12085.775858324034,"standard_error":836.7768102393585}}