{"mean":{"confidence_interval":{"confidence_level":0.95,"lower_bound":6003308.140194443,"upper_bound":6011138.24488889},"point_estimate":6007075.443333335,"standard_error":1992.3225375026755},"median":{"confidence_interval":{"confidence_level":0.95,"lower_bound":5999677.0,"upper_bound":6008278.444444444},"point_estimate":6004424.833333334,"standard_error":2346.433762087007},"median_abs_dev":{"confidence_interval":{"confidence_level":0.95,"lower_bound":12145.458984375,"upper_bound":20314.914306004535},"point_estimate":15861.101618409617,"standard_error":2151.1402984722727},"slope":null,"std_dev":{"confidence_interval":{"confidence_level":0.95,"lower_bound":15701.234560844876,"upper_bound":24377.94546281998},"point_estimate":20057.029251199274,"standard_error":2238.639192582295}}