{"mean":{"confidence_interval":{"confidence_level":0.95,"lower_bound":6227046.141361114,"upper_bound":6233439.248083337},"point_estimate":6230096.255555559,"standard_error":1639.1583280899413},"median":{"confidence_interval":{"confidence_level":0.95,"lower_bound":6224068.666666667,"upper_bound":6228965.0},"point_estimate":6226757.833333333,"standard_error":1137.3902407958374},"median_abs_dev":{"confidence_interval":{"confidence_level":0.95,"lower_bound":7807.783294717087,"upper_bound":15166.108170747217},"point_estimate":10672.001710533865,"standard_error":1867.9567106667957},"slope":null,"std_dev":{"confidence_interval":{"confidence_level":0.95,"lower_bound":12085.686554169017,"upper_bound":20573.738219618386},"point_estimate":16515.972978271817,"standard_error":2185.981993468365}}