{"mean":{"confidence_interval":{"confidence_level":0.95,"lower_bound":6101211.046444444,"upper_bound":6127151.867138889},"point_estimate":6112405.255555557,"standard_error":6688.12011444666},"median":{"confidence_interval":{"confidence_level":0.95,"lower_bound":6094014.222222222,"upper_bound":6101273.333333333},"point_estimate":6096536.722222222,"standard_error":1650.2043073419684},"median_abs_dev":{"confidence_interval":{"confidence_level":0.95,"lower_bound":10481.734713912241,"upper_bound":19051.492028434994},"point_estimate":14102.73804962612,"standard_error":2132.5808073901208},"slope":null,"std_dev":{"confidence_interval":{"confidence_level":0.95,"lower_bound":24223.566193955347,"upper_bound":103115.90597884939},"point_estimate":67235.78320235363,"standard_error":20847.283203978302}}