{"mean":{"confidence_interval":{"confidence_level":0.95,"lower_bound":5981992.966666665,"upper_bound":5989610.066472222},"point_estimate":5985768.95222222,"standard_error":1947.4825598961859},"median":{"confidence_interval":{"confidence_level":0.95,"lower_bound":5979606.944444444,"upper_bound":5991072.222222222},"point_estimate":5987263.944444444,"standard_error":2906.67597053545},"median_abs_dev":{"confidence_interval":{"confidence_level":0.95,"lower_bound":15168.9745306971,"upper_bound":22887.225260336887},"point_estimate":18662.14480201411,"standard_error":1905.8595932345},"slope":null,"std_dev":{"confidence_interval":{"confidence_level":0.95,"lower_bound":16714.79824518102,"upper_bound":22234.222127813875},"point_estimate":19595.856291058964,"standard_error":1406.2351869724444}}