{"mean":{"confidence_interval":{"confidence_level":0.95,"lower_bound":-0.017487501714370066,"upper_bound":-0.01261195329360705},"point_estimate":-0.014920496239800962,"standard_error":0.0012453962043420688},"median":{"confidence_interval":{"confidence_level":0.95,"lower_bound":-0.01680669315341976,"upper_bound":-0.012589694495326875},"point_estimate":-0.014686733161957677,"standard_error":0.0009655044448044917}}