{"mean":{"confidence_interval":{"confidence_level":0.95,"lower_bound":16133.35117879493,"upper_bound":16166.008122334086},"point_estimate":16147.142266357025,"standard_error":8.457733187634409},"median":{"confidence_interval":{"confidence_level":0.95,"lower_bound":16129.131048387097,"upper_bound":16147.118447580646},"point_estimate":16136.970103686635,"standard_error":4.896075703692051},"median_abs_dev":{"confidence_interval":{"confidence_level":0.95,"lower_bound":26.96223146519039,"upper_bound":46.47713776768947},"point_estimate":36.288591645747694,"standard_error":5.154449142819925},"slope":{"confidence_interval":{"confidence_level":0.95,"lower_bound":16138.286060843855,"upper_bound":16155.582603432023},"point_estimate":16146.98857319916,"standard_error":4.423099624798966},"std_dev":{"confidence_interval":{"confidence_level":0.95,"lower_bound":36.958507969017205,"upper_bound":134.13229604880487},"point_estimate":85.14889480549459,"standard_error":30.911569776002555}}