{"mean":{"confidence_interval":{"confidence_level":0.95,"lower_bound":-0.017603463529230038,"upper_bound":-0.012950470119908833},"point_estimate":-0.01545246321569771,"standard_error":0.0012070539226237715},"median":{"confidence_interval":{"confidence_level":0.95,"lower_bound":-0.016707191194178184,"upper_bound":-0.01523972806297702},"point_estimate":-0.015832124948707227,"standard_error":0.0003839811523832265}}