{"mean":{"confidence_interval":{"confidence_level":0.95,"lower_bound":0.007284962428242548,"upper_bound":0.011590148251322518},"point_estimate":0.009339019141730853,"standard_error":0.0010768198603383532},"median":{"confidence_interval":{"confidence_level":0.95,"lower_bound":0.008433127189492762,"upper_bound":0.010032120043949044},"point_estimate":0.009316225820027668,"standard_error":0.00040699875488462193}}