{"mean":{"confidence_interval":{"confidence_level":0.95,"lower_bound":-0.03305056533918775,"upper_bound":-0.028539071550826002},"point_estimate":-0.03098909733981925,"standard_error":0.0011350034012907728},"median":{"confidence_interval":{"confidence_level":0.95,"lower_bound":-0.03230929083125088,"upper_bound":-0.030849614162354988},"point_estimate":-0.031428584764182865,"standard_error":0.0003754302446440885}}