{"mean":{"confidence_interval":{"confidence_level":0.95,"lower_bound":-0.011234904242992465,"upper_bound":-0.007903891226714074},"point_estimate":-0.009447371893734902,"standard_error":0.0008462190976866284},"median":{"confidence_interval":{"confidence_level":0.95,"lower_bound":-0.010092932772582164,"upper_bound":-0.008118591923993668},"point_estimate":-0.008997237192875485,"standard_error":0.000512396940784345}}