{"mean":{"confidence_interval":{"confidence_level":0.95,"lower_bound":-0.016512768668827765,"upper_bound":-0.013296026694373927},"point_estimate":-0.014804612532871353,"standard_error":0.000816429077325496},"median":{"confidence_interval":{"confidence_level":0.95,"lower_bound":-0.015382638268340632,"upper_bound":-0.013843357018138214},"point_estimate":-0.014484763150414248,"standard_error":0.0003961521438704531}}