{"mean":{"confidence_interval":{"confidence_level":0.95,"lower_bound":-0.0034739112638041605,"upper_bound":0.00195662993993089},"point_estimate":-0.001187231601877503,"standard_error":0.0014109841073313373},"median":{"confidence_interval":{"confidence_level":0.95,"lower_bound":-0.00277235747431126,"upper_bound":-0.0009519051050270707},"point_estimate":-0.001867933961240742,"standard_error":0.000472444399244476}}