{"mean":{"confidence_interval":{"confidence_level":0.95,"lower_bound":-0.014314312768805314,"upper_bound":-0.009191783216620793},"point_estimate":-0.01190447186560939,"standard_error":0.0013082679316614209},"median":{"confidence_interval":{"confidence_level":0.95,"lower_bound":-0.01409827041051015,"upper_bound":-0.012547914039111374},"point_estimate":-0.013227581374421593,"standard_error":0.0004024824984570784}}