{"mean":{"confidence_interval":{"confidence_level":0.95,"lower_bound":-0.003512851785736925,"upper_bound":-0.0002871287889289373},"point_estimate":-0.0018455827148251558,"standard_error":0.0008147366332446592},"median":{"confidence_interval":{"confidence_level":0.95,"lower_bound":-0.002523205049067112,"upper_bound":-0.0008698785975377321},"point_estimate":-0.0015839116495536265,"standard_error":0.0004197036016072003}}