{"mean":{"confidence_interval":{"confidence_level":0.95,"lower_bound":-0.01044985797389227,"upper_bound":-0.007123268647281373},"point_estimate":-0.00865869557998733,"standard_error":0.000840331525660949},"median":{"confidence_interval":{"confidence_level":0.95,"lower_bound":-0.009528902823878305,"upper_bound":-0.00768558502689522},"point_estimate":-0.008479687972723582,"standard_error":0.00046626147702527436}}