{"mean":{"confidence_interval":{"confidence_level":0.95,"lower_bound":-0.007909211551617664,"upper_bound":-0.003410009841237763},"point_estimate":-0.005742800489028754,"standard_error":0.0011639112836117715},"median":{"confidence_interval":{"confidence_level":0.95,"lower_bound":-0.007064276830892835,"upper_bound":-0.005518395844170021},"point_estimate":-0.006123518163221098,"standard_error":0.00039963500181183884}}