{"mean":{"confidence_interval":{"confidence_level":0.95,"lower_bound":0.003772664096258655,"upper_bound":0.008291111004995189},"point_estimate":0.005910551132493724,"standard_error":0.0011416558728936743},"median":{"confidence_interval":{"confidence_level":0.95,"lower_bound":0.003988933579747833,"upper_bound":0.005774149143288998},"point_estimate":0.004940232707575154,"standard_error":0.00045805719719442414}}