{"mean":{"confidence_interval":{"confidence_level":0.95,"lower_bound":-0.006182033541519169,"upper_bound":-0.0010605574052037884},"point_estimate":-0.003992468033277352,"standard_error":0.0012946964352293442},"median":{"confidence_interval":{"confidence_level":0.95,"lower_bound":-0.005249017800193089,"upper_bound":-0.003601643638990404},"point_estimate":-0.004348333895722978,"standard_error":0.00043054798661905656}}