{"mean":{"confidence_interval":{"confidence_level":0.95,"lower_bound":-0.03173529774693397,"upper_bound":-0.026631289399276226},"point_estimate":-0.029503922698686513,"standard_error":0.0013083851812024513},"median":{"confidence_interval":{"confidence_level":0.95,"lower_bound":-0.03163191612775618,"upper_bound":-0.030139642435848102},"point_estimate":-0.030736160260326884,"standard_error":0.0003890411119148381}}