{"mean":{"confidence_interval":{"confidence_level":0.95,"lower_bound":0.0017842767316542277,"upper_bound":0.00487139175555265},"point_estimate":0.003483589409800647,"standard_error":0.0007818373413922105},"median":{"confidence_interval":{"confidence_level":0.95,"lower_bound":0.0032520332946346375,"upper_bound":0.004971188022394421},"point_estimate":0.004196588926573597,"standard_error":0.0004453797244306414}}