{"mean":{"confidence_interval":{"confidence_level":0.95,"lower_bound":-0.011675413800772649,"upper_bound":-0.008585808113130105},"point_estimate":-0.010013211369088282,"standard_error":0.0007857723043548302},"median":{"confidence_interval":{"confidence_level":0.95,"lower_bound":-0.010655091044472598,"upper_bound":-0.009170808381893769},"point_estimate":-0.009747387243986383,"standard_error":0.00038247894704870704}}