{"mean":{"confidence_interval":{"confidence_level":0.95,"lower_bound":-0.007128546888644482,"upper_bound":-0.00038172992230439494},"point_estimate":-0.00413414422797187,"standard_error":0.0017266290936024582},"median":{"confidence_interval":{"confidence_level":0.95,"lower_bound":-0.0068431122901045915,"upper_bound":-0.004985061378616651},"point_estimate":-0.005925088386055433,"standard_error":0.0004612730559330326}}