{"mean":{"confidence_interval":{"confidence_level":0.95,"lower_bound":-0.007078211229383931,"upper_bound":0.0009442048747824021},"point_estimate":-0.0026461630027433403,"standard_error":0.002066406714608892},"median":{"confidence_interval":{"confidence_level":0.95,"lower_bound":0.0007754501049766113,"upper_bound":0.0021196355542922873},"point_estimate":0.0015247487461529374,"standard_error":0.000334929310340394}}