{"mean":{"confidence_interval":{"confidence_level":0.95,"lower_bound":-0.0031503899299186755,"upper_bound":0.0016058429971558539},"point_estimate":-0.0009771618622327338,"standard_error":0.0011854902743043637},"median":{"confidence_interval":{"confidence_level":0.95,"lower_bound":-0.0028845121733405525,"upper_bound":-0.0008989925765655077},"point_estimate":-0.0016916130896535986,"standard_error":0.0005210375871719371}}