{"mean":{"confidence_interval":{"confidence_level":0.95,"lower_bound":-0.005863004998088268,"upper_bound":0.002873512187909608},"point_estimate":-0.001138329352466827,"standard_error":0.002234351349780613},"median":{"confidence_interval":{"confidence_level":0.95,"lower_bound":0.0013333981299810116,"upper_bound":0.0027421803242688725},"point_estimate":0.0020506685122334556,"standard_error":0.00034626936196645964}}