{"mean":{"confidence_interval":{"confidence_level":0.95,"lower_bound":0.015553895583358414,"upper_bound":0.036715687036662406},"point_estimate":0.023589250004318663,"standard_error":0.005990364916268691},"median":{"confidence_interval":{"confidence_level":0.95,"lower_bound":0.014785140094897165,"upper_bound":0.016674867626496725},"point_estimate":0.015993612797954304,"standard_error":0.0004882318539749138}}