{"mean":{"confidence_interval":{"confidence_level":0.95,"lower_bound":8415573.449668111,"upper_bound":8444969.636118326},"point_estimate":8426900.266421357,"standard_error":8135.4584122664},"median":{"confidence_interval":{"confidence_level":0.95,"lower_bound":8413322.151298702,"upper_bound":8426809.40909091},"point_estimate":8419277.780303031,"standard_error":3687.259236949226},"median_abs_dev":{"confidence_interval":{"confidence_level":0.95,"lower_bound":2306.1078826958023,"upper_bound":16357.93466867948},"point_estimate":7682.7918802695385,"standard_error":4330.3374703383815},"slope":{"confidence_interval":{"confidence_level":0.95,"lower_bound":8412291.814651368,"upper_bound":8471396.528320916},"point_estimate":8436818.469657615,"standard_error":18099.143514365933},"std_dev":{"confidence_interval":{"confidence_level":0.95,"lower_bound":4316.9948276747655,"upper_bound":41453.296776767136},"point_estimate":27186.12938806937,"standard_error":12464.788592687606}}