{"mean":{"confidence_interval":{"confidence_level":0.95,"lower_bound":7381217.972357142,"upper_bound":7399295.018142857},"point_estimate":7389288.734285716,"standard_error":4626.696951098075},"median":{"confidence_interval":{"confidence_level":0.95,"lower_bound":7376436.285714285,"upper_bound":7390457.857142856},"point_estimate":7385004.285714285,"standard_error":3342.1549515666393},"median_abs_dev":{"confidence_interval":{"confidence_level":0.95,"lower_bound":27096.103018947222,"upper_bound":42773.432840620066},"point_estimate":35016.25797833764,"standard_error":4187.570361235484},"slope":null,"std_dev":{"confidence_interval":{"confidence_level":0.95,"lower_bound":27552.258727638105,"upper_bound":68516.3802555137},"point_estimate":46557.124224612155,"standard_error":12815.35739318159}}