{"mean":{"confidence_interval":{"confidence_level":0.95,"lower_bound":7447685.227357144,"upper_bound":7467912.737178573},"point_estimate":7457578.250000003,"standard_error":5152.78874634585},"median":{"confidence_interval":{"confidence_level":0.95,"lower_bound":7438060.571428572,"upper_bound":7457809.214285715},"point_estimate":7450359.142857143,"standard_error":5680.730007076332},"median_abs_dev":{"confidence_interval":{"confidence_level":0.95,"lower_bound":35449.537230644986,"upper_bound":59028.23535203934},"point_estimate":47508.32765655868,"standard_error":5857.379595581376},"slope":null,"std_dev":{"confidence_interval":{"confidence_level":0.95,"lower_bound":42821.41618423207,"upper_bound":60957.10872573114},"point_estimate":51984.481500777816,"standard_error":4640.264348507329}}