{"mean":{"confidence_interval":{"confidence_level":0.95,"lower_bound":7651455.152749999,"upper_bound":7669091.6517499965},"point_estimate":7659872.290000001,"standard_error":4513.018358513162},"median":{"confidence_interval":{"confidence_level":0.95,"lower_bound":7643219.571428572,"upper_bound":7654768.142857143},"point_estimate":7648789.857142857,"standard_error":3065.043770913061},"median_abs_dev":{"confidence_interval":{"confidence_level":0.95,"lower_bound":18798.308666262914,"upper_bound":36244.16845653758},"point_estimate":27275.603515761042,"standard_error":4414.692386521789},"slope":null,"std_dev":{"confidence_interval":{"confidence_level":0.95,"lower_bound":33804.654785609426,"upper_bound":56052.28148128663},"point_estimate":45386.280884871885,"standard_error":5710.423580795645}}