{"mean":{"confidence_interval":{"confidence_level":0.95,"lower_bound":7411392.2564285705,"upper_bound":7424902.143071429},"point_estimate":7418050.560000001,"standard_error":3453.5100925130637},"median":{"confidence_interval":{"confidence_level":0.95,"lower_bound":7410918.642857144,"upper_bound":7423072.285714285},"point_estimate":7416650.857142856,"standard_error":2947.0446229111217},"median_abs_dev":{"confidence_interval":{"confidence_level":0.95,"lower_bound":19800.228548475574,"upper_bound":40730.51597688899},"point_estimate":28896.08528699174,"standard_error":5262.857318017045},"slope":null,"std_dev":{"confidence_interval":{"confidence_level":0.95,"lower_bound":28533.83009627833,"upper_bound":40879.931501344785},"point_estimate":34752.789571172885,"standard_error":3162.8757905061593}}