{"mean":{"confidence_interval":{"confidence_level":0.95,"lower_bound":7486381.419607143,"upper_bound":7526581.943392857},"point_estimate":7505882.202857145,"standard_error":10235.459833423318},"median":{"confidence_interval":{"confidence_level":0.95,"lower_bound":7454862.571428572,"upper_bound":7502632.857142857},"point_estimate":7479977.785714285,"standard_error":10632.065108695617},"median_abs_dev":{"confidence_interval":{"confidence_level":0.95,"lower_bound":59555.61734267614,"upper_bound":106564.67945809902},"point_estimate":83680.8018143682,"standard_error":12260.384623433569},"slope":null,"std_dev":{"confidence_interval":{"confidence_level":0.95,"lower_bound":82876.82281861693,"upper_bound":120276.81599290666},"point_estimate":102994.87468654268,"standard_error":9584.223343167476}}