{"mean":{"confidence_interval":{"confidence_level":0.95,"lower_bound":290726.6221050545,"upper_bound":292243.8923210698},"point_estimate":291358.0158008321,"standard_error":392.38496774913506},"median":{"confidence_interval":{"confidence_level":0.95,"lower_bound":290495.5654761905,"upper_bound":290822.48897058825},"point_estimate":290630.7063802084,"standard_error":92.78356199639597},"median_abs_dev":{"confidence_interval":{"confidence_level":0.95,"lower_bound":407.65482230814763,"upper_bound":610.6976187984063},"point_estimate":529.8073501900188,"standard_error":51.335332136153724},"slope":{"confidence_interval":{"confidence_level":0.95,"lower_bound":290720.78058659204,"upper_bound":290972.9866265676},"point_estimate":290840.47115339147,"standard_error":64.39687670246042},"std_dev":{"confidence_interval":{"confidence_level":0.95,"lower_bound":884.034288914898,"upper_bound":6226.318510623428},"point_estimate":3929.0578545075355,"standard_error":1423.8892140975495}}