{"mean":{"confidence_interval":{"confidence_level":0.95,"lower_bound":378804.0134460957,"upper_bound":379642.09801439283},"point_estimate":379177.4358125895,"standard_error":215.03847918084446},"median":{"confidence_interval":{"confidence_level":0.95,"lower_bound":378559.79835390946,"upper_bound":379255.06638176634},"point_estimate":378770.3021885522,"standard_error":194.34562204343945},"median_abs_dev":{"confidence_interval":{"confidence_level":0.95,"lower_bound":1044.2748117795713,"upper_bound":1772.546466221599},"point_estimate":1480.8341892654867,"standard_error":186.68296354903674},"slope":{"confidence_interval":{"confidence_level":0.95,"lower_bound":379080.3074142598,"upper_bound":379687.72640730103},"point_estimate":379385.5861218659,"standard_error":154.80678017505713},"std_dev":{"confidence_interval":{"confidence_level":0.95,"lower_bound":1193.5266364456363,"upper_bound":3210.4666304550788},"point_estimate":2161.499978448795,"standard_error":602.7170273415127}}