{"mean":{"confidence_interval":{"confidence_level":0.95,"lower_bound":294558.8064066478,"upper_bound":295724.49635941966},"point_estimate":294995.03842675226,"standard_error":323.4383857115151},"median":{"confidence_interval":{"confidence_level":0.95,"lower_bound":294395.0520833333,"upper_bound":294721.2532051282},"point_estimate":294588.7173382173,"standard_error":91.97052562394217},"median_abs_dev":{"confidence_interval":{"confidence_level":0.95,"lower_bound":485.80051091209555,"upper_bound":875.5693964019842},"point_estimate":692.808731522964,"standard_error":99.82932642183219},"slope":{"confidence_interval":{"confidence_level":0.95,"lower_bound":294590.1654587311,"upper_bound":294974.6616075147},"point_estimate":294770.12883109204,"standard_error":98.1377410993806},"std_dev":{"confidence_interval":{"confidence_level":0.95,"lower_bound":712.8351815538426,"upper_bound":5467.4955266491515},"point_estimate":3247.60175445626,"standard_error":1648.5973266422864}}