{"mean":{"confidence_interval":{"confidence_level":0.95,"lower_bound":305094.00810528314,"upper_bound":307519.1963905338},"point_estimate":306172.8877555579,"standard_error":622.1627345383872},"median":{"confidence_interval":{"confidence_level":0.95,"lower_bound":304507.79326923075,"upper_bound":304782.38317923184},"point_estimate":304682.7506414956,"standard_error":81.1078048878976},"median_abs_dev":{"confidence_interval":{"confidence_level":0.95,"lower_bound":539.4196454704196,"upper_bound":992.1522465251643},"point_estimate":807.3982228711897,"standard_error":111.21601644453379},"slope":{"confidence_interval":{"confidence_level":0.95,"lower_bound":304840.41800185957,"upper_bound":307616.7216686032},"point_estimate":305989.46547509974,"standard_error":724.5165956552491},"std_dev":{"confidence_interval":{"confidence_level":0.95,"lower_bound":2929.246505103794,"upper_bound":8881.29373742986},"point_estimate":6275.393175685528,"standard_error":1517.4747625176317}}