{"mean":{"confidence_interval":{"confidence_level":0.95,"lower_bound":83018.530349327,"upper_bound":83458.22592902409},"point_estimate":83176.42235992366,"standard_error":129.69832249062242},"median":{"confidence_interval":{"confidence_level":0.95,"lower_bound":82981.24161793373,"upper_bound":83013.35632487667},"point_estimate":83003.8533117726,"standard_error":9.498214423888374},"median_abs_dev":{"confidence_interval":{"confidence_level":0.95,"lower_bound":64.02561335919789,"upper_bound":127.5355712268479},"point_estimate":104.09539327389638,"standard_error":16.573774721951715},"slope":{"confidence_interval":{"confidence_level":0.95,"lower_bound":83002.92900089036,"upper_bound":83067.94922202962},"point_estimate":83033.26309319738,"standard_error":16.598137995794588},"std_dev":{"confidence_interval":{"confidence_level":0.95,"lower_bound":149.4162626686583,"upper_bound":2219.383100685141},"point_estimate":1303.7280971904486,"standard_error":724.3402815398996}}