{"mean":{"confidence_interval":{"confidence_level":0.95,"lower_bound":77000.63099275637,"upper_bound":77316.87783686318},"point_estimate":77126.06432169302,"standard_error":83.67455501440956},"median":{"confidence_interval":{"confidence_level":0.95,"lower_bound":76950.85111831104,"upper_bound":77009.36369583211},"point_estimate":76972.74863299352,"standard_error":17.617082019118524},"median_abs_dev":{"confidence_interval":{"confidence_level":0.95,"lower_bound":83.35783714190002,"upper_bound":163.76821139339813},"point_estimate":106.10439252186443,"standard_error":19.839063427116322},"slope":{"confidence_interval":{"confidence_level":0.95,"lower_bound":76965.94399339992,"upper_bound":77022.9648473048},"point_estimate":76992.88607381978,"standard_error":14.5892990523787},"std_dev":{"confidence_interval":{"confidence_level":0.95,"lower_bound":150.28691095535638,"upper_bound":1382.7842092599078},"point_estimate":843.6625764371933,"standard_error":362.0184550854923}}