{"mean":{"confidence_interval":{"confidence_level":0.95,"lower_bound":76989.20949250976,"upper_bound":77341.63030192345},"point_estimate":77122.43229587987,"standard_error":97.90199505021795},"median":{"confidence_interval":{"confidence_level":0.95,"lower_bound":76969.54143557593,"upper_bound":77086.62256410257},"point_estimate":77031.49657534246,"standard_error":31.995324241390858},"median_abs_dev":{"confidence_interval":{"confidence_level":0.95,"lower_bound":178.10740925363464,"upper_bound":283.68557872425055},"point_estimate":232.94524332097365,"standard_error":26.461509510902047},"slope":{"confidence_interval":{"confidence_level":0.95,"lower_bound":76950.58618953687,"upper_bound":77056.60205505103},"point_estimate":77002.9036934899,"standard_error":27.00346397558429},"std_dev":{"confidence_interval":{"confidence_level":0.95,"lower_bound":207.767034277437,"upper_bound":1654.064434278757},"point_estimate":985.0438690620307,"standard_error":494.73484436482016}}