{"mean":{"confidence_interval":{"confidence_level":0.95,"lower_bound":1594171.0282360658,"upper_bound":1602477.7379326124},"point_estimate":1597154.5232103074,"standard_error":2439.0885136264938},"median":{"confidence_interval":{"confidence_level":0.95,"lower_bound":1593343.4939759036,"upper_bound":1594943.5739726028},"point_estimate":1594159.6628134795,"standard_error":388.0419253654066},"median_abs_dev":{"confidence_interval":{"confidence_level":0.95,"lower_bound":2086.295903011121,"upper_bound":3570.6610488122346},"point_estimate":2584.9779829015747,"standard_error":369.1710708646343},"slope":{"confidence_interval":{"confidence_level":0.95,"lower_bound":1594412.7285336147,"upper_bound":1596363.918955626},"point_estimate":1595257.7027456774,"standard_error":501.69929327776117},"std_dev":{"confidence_interval":{"confidence_level":0.95,"lower_bound":3111.114953824091,"upper_bound":41680.27111299849},"point_estimate":24482.07289158661,"standard_error":13558.527331147692}}