{"mean":{"confidence_interval":{"confidence_level":0.95,"lower_bound":1493935.679075023,"upper_bound":1506127.5352661381},"point_estimate":1499104.8903237698,"standard_error":3147.8938835318304},"median":{"confidence_interval":{"confidence_level":0.95,"lower_bound":1503247.0,"upper_bound":1506612.6097560977},"point_estimate":1505291.7666666666,"standard_error":1015.5343570722597},"median_abs_dev":{"confidence_interval":{"confidence_level":0.95,"lower_bound":4251.403578591299,"upper_bound":11493.075511689978},"point_estimate":5988.602533681111,"standard_error":1975.970291583382},"slope":{"confidence_interval":{"confidence_level":0.95,"lower_bound":1487524.2520003663,"upper_bound":1495929.0459359114},"point_estimate":1491737.0235820895,"standard_error":2145.4950168066403},"std_dev":{"confidence_interval":{"confidence_level":0.95,"lower_bound":15060.734874202926,"upper_bound":49516.20422746011},"point_estimate":31519.500700125613,"standard_error":11319.830996410925}}