{"mean":{"confidence_interval":{"confidence_level":0.95,"lower_bound":1530189.6539742188,"upper_bound":1536464.7794991129},"point_estimate":1533337.5833205604,"standard_error":1603.689343306288},"median":{"confidence_interval":{"confidence_level":0.95,"lower_bound":1536471.2173913044,"upper_bound":1540425.1296296297},"point_estimate":1538176.5454545454,"standard_error":1098.5772163112438},"median_abs_dev":{"confidence_interval":{"confidence_level":0.95,"lower_bound":6848.20074172926,"upper_bound":14698.72787728848},"point_estimate":9571.626382984201,"standard_error":1935.3358361451105},"slope":{"confidence_interval":{"confidence_level":0.95,"lower_bound":1522432.1605612996,"upper_bound":1530491.427270699},"point_estimate":1526509.1672380671,"standard_error":2058.068644017725},"std_dev":{"confidence_interval":{"confidence_level":0.95,"lower_bound":13383.127138256008,"upper_bound":18945.6103903482},"point_estimate":16120.100876320179,"standard_error":1424.3181836653139}}