{"mean":{"confidence_interval":{"confidence_level":0.95,"lower_bound":1479043.9353805843,"upper_bound":1486520.2988852814},"point_estimate":1482620.7572999469,"standard_error":1906.242051842784},"median":{"confidence_interval":{"confidence_level":0.95,"lower_bound":1469543.0,"upper_bound":1478389.166988417},"point_estimate":1472042.167943806,"standard_error":2392.6392799170544},"median_abs_dev":{"confidence_interval":{"confidence_level":0.95,"lower_bound":4438.091937646313,"upper_bound":18140.64379624803},"point_estimate":8310.597477748066,"standard_error":3434.624233555186},"slope":{"confidence_interval":{"confidence_level":0.95,"lower_bound":1471867.7006933347,"upper_bound":1476817.2015068422},"point_estimate":1474138.0351440816,"standard_error":1268.192773128898},"std_dev":{"confidence_interval":{"confidence_level":0.95,"lower_bound":15566.260293565538,"upper_bound":23758.608299450505},"point_estimate":19262.84702939295,"standard_error":2277.000709857138}}