{"mean":{"confidence_interval":{"confidence_level":0.95,"lower_bound":1506570.7608336569,"upper_bound":1518133.410191723},"point_estimate":1511671.984756807,"standard_error":2962.9062864554094},"median":{"confidence_interval":{"confidence_level":0.95,"lower_bound":1510912.6,"upper_bound":1514574.7692307692},"point_estimate":1512998.3454545455,"standard_error":884.7679833616544},"median_abs_dev":{"confidence_interval":{"confidence_level":0.95,"lower_bound":6167.522396481271,"upper_bound":12153.09206656782},"point_estimate":8052.468557841589,"standard_error":1467.7423544846547},"slope":{"confidence_interval":{"confidence_level":0.95,"lower_bound":1497955.642055969,"upper_bound":1508747.4428659496},"point_estimate":1503173.491358061,"standard_error":2755.4043332638257},"std_dev":{"confidence_interval":{"confidence_level":0.95,"lower_bound":15670.889552606819,"upper_bound":45361.08099043995},"point_estimate":29773.946111849258,"standard_error":9296.71405476517}}