{"mean":{"confidence_interval":{"confidence_level":0.95,"lower_bound":1490583.8696998016,"upper_bound":1501218.1479908738},"point_estimate":1495130.1137859903,"standard_error":2729.7928323799097},"median":{"confidence_interval":{"confidence_level":0.95,"lower_bound":1483060.265625,"upper_bound":1488756.800483351},"point_estimate":1485112.550595238,"standard_error":1681.8804749940132},"median_abs_dev":{"confidence_interval":{"confidence_level":0.95,"lower_bound":5846.757105249109,"upper_bound":15176.663902119686},"point_estimate":8799.421740404818,"standard_error":2492.196257596758},"slope":{"confidence_interval":{"confidence_level":0.95,"lower_bound":1484528.9359743951,"upper_bound":1488934.1942988224},"point_estimate":1486583.2839219742,"standard_error":1122.2292313357807},"std_dev":{"confidence_interval":{"confidence_level":0.95,"lower_bound":14133.511189255161,"upper_bound":42086.73893337109},"point_estimate":27417.88694178291,"standard_error":9205.803790536038}}