{"mean":{"confidence_interval":{"confidence_level":0.95,"lower_bound":937624.8798554656,"upper_bound":939664.2697708912},"point_estimate":938373.93668462,"standard_error":581.6368094205898},"median":{"confidence_interval":{"confidence_level":0.95,"lower_bound":937467.5396286233,"upper_bound":937817.3181818182},"point_estimate":937588.5064285714,"standard_error":99.79322702560957},"median_abs_dev":{"confidence_interval":{"confidence_level":0.95,"lower_bound":665.2355177981108,"upper_bound":1084.1638093721813},"point_estimate":823.7807096943785,"standard_error":113.78776996495336},"slope":{"confidence_interval":{"confidence_level":0.95,"lower_bound":937618.0798977073,"upper_bound":938049.4532283053},"point_estimate":937824.1273607211,"standard_error":109.69505464378014},"std_dev":{"confidence_interval":{"confidence_level":0.95,"lower_bound":1018.792520714291,"upper_bound":9893.47445541939},"point_estimate":5841.471216781921,"standard_error":3102.0356851022907}}