{"mean":{"confidence_interval":{"confidence_level":0.95,"lower_bound":853260.8042532976,"upper_bound":854284.6566036124},"point_estimate":853810.2971175198,"standard_error":262.8232736584544},"median":{"confidence_interval":{"confidence_level":0.95,"lower_bound":853337.5737480439,"upper_bound":854610.5492957747},"point_estimate":853890.1318075117,"standard_error":288.4230000404905},"median_abs_dev":{"confidence_interval":{"confidence_level":0.95,"lower_bound":115.83460013447446,"upper_bound":1392.217021120443},"point_estimate":754.6584678228076,"standard_error":340.35203679385603},"slope":{"confidence_interval":{"confidence_level":0.95,"lower_bound":852908.6756381745,"upper_bound":854365.5539536431},"point_estimate":853726.6924211938,"standard_error":369.0572022602081},"std_dev":{"confidence_interval":{"confidence_level":0.95,"lower_bound":404.96607676021523,"upper_bound":1193.748288118277},"point_estimate":877.2794817175024,"standard_error":223.79557852235402}}