{"mean":{"confidence_interval":{"confidence_level":0.95,"lower_bound":6094301.693138888,"upper_bound":6098142.612111112},"point_estimate":6096193.088888886,"standard_error":981.5993048466258},"median":{"confidence_interval":{"confidence_level":0.95,"lower_bound":6093156.166666667,"upper_bound":6098319.166666666},"point_estimate":6095970.277777778,"standard_error":1543.910654778796},"median_abs_dev":{"confidence_interval":{"confidence_level":0.95,"lower_bound":7086.14423086239,"upper_bound":11512.388795614243},"point_estimate":8755.41177789378,"standard_error":1141.837710795218},"slope":null,"std_dev":{"confidence_interval":{"confidence_level":0.95,"lower_bound":8190.376293586619,"upper_bound":11471.705763602897},"point_estimate":9856.250300926484,"standard_error":840.1126941886998}}