{"mean":{"confidence_interval":{"confidence_level":0.95,"lower_bound":6221597.3355555525,"upper_bound":6231879.112111108},"point_estimate":6226480.094444446,"standard_error":2617.9520051503728},"median":{"confidence_interval":{"confidence_level":0.95,"lower_bound":6215874.888888889,"upper_bound":6222112.611111111},"point_estimate":6218671.777777778,"standard_error":1634.1387301885031},"median_abs_dev":{"confidence_interval":{"confidence_level":0.95,"lower_bound":10775.252443701183,"upper_bound":18504.330271482468},"point_estimate":15192.94323027134,"standard_error":2020.9986032449585},"slope":null,"std_dev":{"confidence_interval":{"confidence_level":0.95,"lower_bound":19952.828498311676,"upper_bound":31573.68587175245},"point_estimate":26311.48820448392,"standard_error":2965.3885286620684}}