{"mean":{"confidence_interval":{"confidence_level":0.95,"lower_bound":5718770.2566944435,"upper_bound":5744204.111666666},"point_estimate":5729055.775555557,"standard_error":6652.492252298172},"median":{"confidence_interval":{"confidence_level":0.95,"lower_bound":5712813.222222222,"upper_bound":5720714.555555556},"point_estimate":5717067.611111111,"standard_error":2269.1228420459656},"median_abs_dev":{"confidence_interval":{"confidence_level":0.95,"lower_bound":9168.546497226298,"upper_bound":15238.903829455376},"point_estimate":12324.606481194727,"standard_error":1546.8027918965552},"slope":null,"std_dev":{"confidence_interval":{"confidence_level":0.95,"lower_bound":13735.41013642885,"upper_bound":109312.71609398827},"point_estimate":67355.36506950346,"standard_error":27340.787542697588}}