{"mean":{"confidence_interval":{"confidence_level":0.95,"lower_bound":5971878.798805557,"upper_bound":5979550.707277778},"point_estimate":5975616.14666667,"standard_error":1953.3672036739424},"median":{"confidence_interval":{"confidence_level":0.95,"lower_bound":5968116.388888889,"upper_bound":5975844.777777778},"point_estimate":5972100.555555556,"standard_error":1847.2841937908388},"median_abs_dev":{"confidence_interval":{"confidence_level":0.95,"lower_bound":12502.76557803154,"upper_bound":20492.496836185455},"point_estimate":17397.157557805072,"standard_error":1997.6485441239709},"slope":null,"std_dev":{"confidence_interval":{"confidence_level":0.95,"lower_bound":15166.7056816007,"upper_bound":23752.07622699524},"point_estimate":19486.047289302627,"standard_error":2211.357754617535}}