{"mean":{"confidence_interval":{"confidence_level":0.95,"lower_bound":6002516.362861109,"upper_bound":6014690.083000001},"point_estimate":6007682.283333336,"standard_error":3161.5331763251206},"median":{"confidence_interval":{"confidence_level":0.95,"lower_bound":5999592.388888889,"upper_bound":6003041.055555556},"point_estimate":6001889.388888889,"standard_error":1015.818916583198},"median_abs_dev":{"confidence_interval":{"confidence_level":0.95,"lower_bound":6861.555044849637,"upper_bound":11844.079356391918},"point_estimate":9482.379964987744,"standard_error":1346.720552777451},"slope":null,"std_dev":{"confidence_interval":{"confidence_level":0.95,"lower_bound":9952.671099819048,"upper_bound":49849.858081391234},"point_estimate":31821.351728944257,"standard_error":10860.351927549718}}