{"mean":{"confidence_interval":{"confidence_level":0.95,"lower_bound":5873042.856111111,"upper_bound":5884747.916583334},"point_estimate":5878476.526666666,"standard_error":2989.3058465026147},"median":{"confidence_interval":{"confidence_level":0.95,"lower_bound":5869667.166666666,"upper_bound":5880562.0},"point_estimate":5873606.777777778,"standard_error":2986.6475616831012},"median_abs_dev":{"confidence_interval":{"confidence_level":0.95,"lower_bound":18984.857396284584,"upper_bound":29793.99960438372},"point_estimate":26181.562401851403,"standard_error":2782.0485783249796},"slope":null,"std_dev":{"confidence_interval":{"confidence_level":0.95,"lower_bound":20083.56759661607,"upper_bound":41702.4392544788},"point_estimate":29981.73217658413,"standard_error":6376.970000305134}}