{"mean":{"confidence_interval":{"confidence_level":0.95,"lower_bound":5895192.619972222,"upper_bound":5917578.679972222},"point_estimate":5903676.476666668,"standard_error":6079.360503937806},"median":{"confidence_interval":{"confidence_level":0.95,"lower_bound":5891914.055555556,"upper_bound":5898163.111111111},"point_estimate":5894694.388888889,"standard_error":1699.3106052909563},"median_abs_dev":{"confidence_interval":{"confidence_level":0.95,"lower_bound":8392.72458183283,"upper_bound":15251.670662561899},"point_estimate":12514.791111151915,"standard_error":1817.521539509803},"slope":null,"std_dev":{"confidence_interval":{"confidence_level":0.95,"lower_bound":11056.746508133187,"upper_bound":102288.54456682448},"point_estimate":61174.79746324044,"standard_error":29453.615299630274}}