{"mean":{"confidence_interval":{"confidence_level":0.95,"lower_bound":5781511.239527781,"upper_bound":5785533.646611111},"point_estimate":5783479.877777778,"standard_error":1028.4022480257122},"median":{"confidence_interval":{"confidence_level":0.95,"lower_bound":5780464.888888888,"upper_bound":5785462.111111111},"point_estimate":5782814.333333334,"standard_error":1329.4785620917555},"median_abs_dev":{"confidence_interval":{"confidence_level":0.95,"lower_bound":7880.348326763591,"upper_bound":12300.720148286304},"point_estimate":10070.148487885486,"standard_error":1063.3670937514905},"slope":null,"std_dev":{"confidence_interval":{"confidence_level":0.95,"lower_bound":8438.038835951671,"upper_bound":12322.025413269661},"point_estimate":10340.342954546182,"standard_error":1003.9416079867539}}