{"mean":{"confidence_interval":{"confidence_level":0.95,"lower_bound":5861328.892,"upper_bound":5868752.186333333},"point_estimate":5864853.373333335,"standard_error":1888.8125917856648},"median":{"confidence_interval":{"confidence_level":0.95,"lower_bound":5857568.5,"upper_bound":5862944.5},"point_estimate":5859709.666666667,"standard_error":1546.376710953882},"median_abs_dev":{"confidence_interval":{"confidence_level":0.95,"lower_bound":9058.026905855157,"upper_bound":16596.14173869369},"point_estimate":13075.790467858315,"standard_error":1914.923365441126},"slope":null,"std_dev":{"confidence_interval":{"confidence_level":0.95,"lower_bound":13720.324029527359,"upper_bound":24411.48368846169},"point_estimate":19005.090050078088,"standard_error":2781.3256695101286}}