{"mean":{"confidence_interval":{"confidence_level":0.95,"lower_bound":6011923.865777782,"upper_bound":6022761.672222222},"point_estimate":6016608.851111113,"standard_error":2791.2316576131025},"median":{"confidence_interval":{"confidence_level":0.95,"lower_bound":6007394.555555556,"upper_bound":6016961.444444444},"point_estimate":6011419.388888889,"standard_error":2222.7833549377783},"median_abs_dev":{"confidence_interval":{"confidence_level":0.95,"lower_bound":11669.214926163662,"upper_bound":19735.464816292282},"point_estimate":14211.21494770004,"standard_error":1940.9493881051696},"slope":null,"std_dev":{"confidence_interval":{"confidence_level":0.95,"lower_bound":14372.048457210984,"upper_bound":43072.77838042027},"point_estimate":28108.27396401935,"standard_error":9223.409099086117}}