{"mean":{"confidence_interval":{"confidence_level":0.95,"lower_bound":6066415.110166671,"upper_bound":6079044.6339166695},"point_estimate":6071408.106666666,"standard_error":3327.2903511050295},"median":{"confidence_interval":{"confidence_level":0.95,"lower_bound":6063641.055555556,"upper_bound":6068393.777777778},"point_estimate":6066315.444444444,"standard_error":1259.2014573295987},"median_abs_dev":{"confidence_interval":{"confidence_level":0.95,"lower_bound":7263.422004381662,"upper_bound":12190.678283572197},"point_estimate":9593.822063009711,"standard_error":1224.0373111031936},"slope":null,"std_dev":{"confidence_interval":{"confidence_level":0.95,"lower_bound":9922.039502710151,"upper_bound":54555.092806845394},"point_estimate":33379.78149382297,"standard_error":14285.053808706863}}