{"mean":{"confidence_interval":{"confidence_level":0.95,"lower_bound":4387231.0478125,"upper_bound":4392490.435833332},"point_estimate":4389818.532500002,"standard_error":1345.7969264907686},"median":{"confidence_interval":{"confidence_level":0.95,"lower_bound":4385352.791666667,"upper_bound":4392226.5},"point_estimate":4389276.833333334,"standard_error":1878.9061152815225},"median_abs_dev":{"confidence_interval":{"confidence_level":0.95,"lower_bound":9658.150428533785,"upper_bound":15958.026591688164},"point_estimate":12238.368582725985,"standard_error":1615.9830809632538},"slope":null,"std_dev":{"confidence_interval":{"confidence_level":0.95,"lower_bound":11292.965690360259,"upper_bound":15634.114433090552},"point_estimate":13580.810799431743,"standard_error":1109.8495743238375}}