{"mean":{"confidence_interval":{"confidence_level":0.95,"lower_bound":4460325.976354168,"upper_bound":4517903.142104167},"point_estimate":4480982.654166667,"standard_error":16726.030808189353},"median":{"confidence_interval":{"confidence_level":0.95,"lower_bound":4453669.416666667,"upper_bound":4460278.75},"point_estimate":4456792.708333334,"standard_error":1690.7246883270448},"median_abs_dev":{"confidence_interval":{"confidence_level":0.95,"lower_bound":9415.930657834735,"upper_bound":17663.51076141138},"point_estimate":14088.715124876227,"standard_error":2176.6954339213885},"slope":null,"std_dev":{"confidence_interval":{"confidence_level":0.95,"lower_bound":20219.670272672345,"upper_bound":285742.09660162235},"point_estimate":168138.8372809256,"standard_error":92264.37698525976}}