{"mean":{"confidence_interval":{"confidence_level":0.95,"lower_bound":4011155.387307694,"upper_bound":4018349.3558846167},"point_estimate":4014644.5053846156,"standard_error":1835.4470614036302},"median":{"confidence_interval":{"confidence_level":0.95,"lower_bound":4006017.4615384615,"upper_bound":4016456.153846154},"point_estimate":4011086.153846154,"standard_error":2506.4578803843665},"median_abs_dev":{"confidence_interval":{"confidence_level":0.95,"lower_bound":12702.517412946749,"upper_bound":21059.876441496643},"point_estimate":15637.609176222988,"standard_error":2079.985974346842},"slope":null,"std_dev":{"confidence_interval":{"confidence_level":0.95,"lower_bound":14625.105810800573,"upper_bound":22010.95110371295},"point_estimate":18431.059287939876,"standard_error":1892.4680547680443}}