{"mean":{"confidence_interval":{"confidence_level":0.95,"lower_bound":4391936.553645835,"upper_bound":4398043.4588124985},"point_estimate":4394889.534166667,"standard_error":1552.7737241240825},"median":{"confidence_interval":{"confidence_level":0.95,"lower_bound":4388428.75,"upper_bound":4396826.125},"point_estimate":4391499.083333334,"standard_error":1992.1721909596322},"median_abs_dev":{"confidence_interval":{"confidence_level":0.95,"lower_bound":9934.037573635347,"upper_bound":16163.304913043976},"point_estimate":13992.160801589029,"standard_error":1623.3938599439236},"slope":null,"std_dev":{"confidence_interval":{"confidence_level":0.95,"lower_bound":12097.578999413647,"upper_bound":19062.82955730103},"point_estimate":15665.959635145096,"standard_error":1790.1222275423297}}