{"mean":{"confidence_interval":{"confidence_level":0.95,"lower_bound":4384280.306770833,"upper_bound":4397403.753208333},"point_estimate":4389898.819166668,"standard_error":3384.8324522544394},"median":{"confidence_interval":{"confidence_level":0.95,"lower_bound":4381008.416666667,"upper_bound":4388526.666666666},"point_estimate":4385054.75,"standard_error":2087.792680870401},"median_abs_dev":{"confidence_interval":{"confidence_level":0.95,"lower_bound":10491.680488735898,"upper_bound":15986.483244932067},"point_estimate":13854.155454039574,"standard_error":1415.371959853973},"slope":null,"std_dev":{"confidence_interval":{"confidence_level":0.95,"lower_bound":12181.478755175338,"upper_bound":51566.039829845045},"point_estimate":33917.098381860276,"standard_error":10638.23230666747}}