{"mean":{"confidence_interval":{"confidence_level":0.95,"lower_bound":4444187.481166665,"upper_bound":4454738.754958335},"point_estimate":4448948.645000001,"standard_error":2708.018241823542},"median":{"confidence_interval":{"confidence_level":0.95,"lower_bound":4439183.333333333,"upper_bound":4448436.583333333},"point_estimate":4443235.75,"standard_error":2170.9184353845044},"median_abs_dev":{"confidence_interval":{"confidence_level":0.95,"lower_bound":11246.742400954967,"upper_bound":17109.14192125155},"point_estimate":15510.46672463394,"standard_error":1494.7165584978602},"slope":null,"std_dev":{"confidence_interval":{"confidence_level":0.95,"lower_bound":13984.161891820313,"upper_bound":40008.87440302001},"point_estimate":27290.819758673402,"standard_error":7009.891118137351}}