{"mean":{"confidence_interval":{"confidence_level":0.95,"lower_bound":4455184.020749997,"upper_bound":4464461.546020831},"point_estimate":4459304.218333334,"standard_error":2371.833144966779},"median":{"confidence_interval":{"confidence_level":0.95,"lower_bound":4452819.666666667,"upper_bound":4458971.166666667},"point_estimate":4456563.416666667,"standard_error":1722.2825556492323},"median_abs_dev":{"confidence_interval":{"confidence_level":0.95,"lower_bound":9792.9434761405,"upper_bound":16429.184508323207},"point_estimate":13382.009137420926,"standard_error":1731.9302923741427},"slope":null,"std_dev":{"confidence_interval":{"confidence_level":0.95,"lower_bound":13174.95939592579,"upper_bound":35315.01461943678},"point_estimate":23967.3503726087,"standard_error":6505.1561869569405}}