{"mean":{"confidence_interval":{"confidence_level":0.95,"lower_bound":4406298.146541666,"upper_bound":4413169.7058333345},"point_estimate":4409677.255000001,"standard_error":1757.917375617179},"median":{"confidence_interval":{"confidence_level":0.95,"lower_bound":4405089.916666667,"upper_bound":4411031.458333333},"point_estimate":4409245.625,"standard_error":1456.8953957057217},"median_abs_dev":{"confidence_interval":{"confidence_level":0.95,"lower_bound":10215.731568634279,"upper_bound":18035.02560481452},"point_estimate":14755.329138040082,"standard_error":1960.4344923317692},"slope":null,"std_dev":{"confidence_interval":{"confidence_level":0.95,"lower_bound":14143.798403729079,"upper_bound":20913.70488957751},"point_estimate":17675.377772692253,"standard_error":1727.4188390162428}}