{"mean":{"confidence_interval":{"confidence_level":0.95,"lower_bound":4372155.781083334,"upper_bound":4379143.6100625},"point_estimate":4375501.421666668,"standard_error":1775.7487437729085},"median":{"confidence_interval":{"confidence_level":0.95,"lower_bound":4371039.5,"upper_bound":4377366.0},"point_estimate":4374653.333333333,"standard_error":1654.9723093386121},"median_abs_dev":{"confidence_interval":{"confidence_level":0.95,"lower_bound":10609.608961642709,"upper_bound":17598.214587568775},"point_estimate":14461.403693258993,"standard_error":1862.5420043339586},"slope":null,"std_dev":{"confidence_interval":{"confidence_level":0.95,"lower_bound":13307.72389795006,"upper_bound":22526.821450516967},"point_estimate":17803.716497856796,"standard_error":2404.767622719755}}