{"mean":{"confidence_interval":{"confidence_level":0.95,"lower_bound":4461198.181750002,"upper_bound":4467179.239208333},"point_estimate":4464146.405833332,"standard_error":1528.850373328477},"median":{"confidence_interval":{"confidence_level":0.95,"lower_bound":4459261.666666667,"upper_bound":4464888.833333333},"point_estimate":4461734.625,"standard_error":1521.1505405680634},"median_abs_dev":{"confidence_interval":{"confidence_level":0.95,"lower_bound":10985.509829969595,"upper_bound":20255.033740401497},"point_estimate":14713.878113776445,"standard_error":2465.1390483478135},"slope":null,"std_dev":{"confidence_interval":{"confidence_level":0.95,"lower_bound":13143.747822661087,"upper_bound":17550.39754204281},"point_estimate":15411.9539176347,"standard_error":1124.1023135314183}}