{"mean":{"confidence_interval":{"confidence_level":0.95,"lower_bound":4466773.972874999,"upper_bound":4476760.711145834},"point_estimate":4471241.696666666,"standard_error":2559.026841849031},"median":{"confidence_interval":{"confidence_level":0.95,"lower_bound":4464420.25,"upper_bound":4470824.75},"point_estimate":4466397.333333334,"standard_error":1662.8052101802691},"median_abs_dev":{"confidence_interval":{"confidence_level":0.95,"lower_bound":11840.908239782777,"upper_bound":19319.142507016888},"point_estimate":16250.037011504173,"standard_error":1858.5634747313588},"slope":null,"std_dev":{"confidence_interval":{"confidence_level":0.95,"lower_bound":14360.246035945682,"upper_bound":37906.79967984007},"point_estimate":25677.560910823617,"standard_error":7005.427266675207}}