{"mean":{"confidence_interval":{"confidence_level":0.95,"lower_bound":4427907.362312501,"upper_bound":4437498.0461875},"point_estimate":4432288.305,"standard_error":2451.917091923706},"median":{"confidence_interval":{"confidence_level":0.95,"lower_bound":4425059.166666666,"upper_bound":4432989.833333334},"point_estimate":4428512.666666666,"standard_error":2251.171395812469},"median_abs_dev":{"confidence_interval":{"confidence_level":0.95,"lower_bound":12966.88114479161,"upper_bound":21043.28272640705},"point_estimate":17267.471243441105,"standard_error":2078.0103790412727},"slope":null,"std_dev":{"confidence_interval":{"confidence_level":0.95,"lower_bound":15345.87800304968,"upper_bound":35215.38305084219},"point_estimate":24614.174049761805,"standard_error":5962.504121783298}}