{"mean":{"confidence_interval":{"confidence_level":0.95,"lower_bound":-0.16941436270247207,"upper_bound":-0.16673246840297343},"point_estimate":-0.16813478405823923,"standard_error":0.0006792910688469016},"median":{"confidence_interval":{"confidence_level":0.95,"lower_bound":-0.17070813207138646,"upper_bound":-0.16826209471364706},"point_estimate":-0.1692858535695123,"standard_error":0.0006785686176863813}}