{"mean":{"confidence_interval":{"confidence_level":0.95,"lower_bound":-0.13392706749539796,"upper_bound":-0.13237832793761978},"point_estimate":-0.1332630125237313,"standard_error":0.0004004020129552558},"median":{"confidence_interval":{"confidence_level":0.95,"lower_bound":-0.13394019083108488,"upper_bound":-0.13303609547232678},"point_estimate":-0.13339263837733573,"standard_error":0.0002303923773990435}}