{"mean":{"confidence_interval":{"confidence_level":0.95,"lower_bound":-0.19467796457265332,"upper_bound":-0.19335932601901182},"point_estimate":-0.1939464370719639,"standard_error":0.0003362267022739474},"median":{"confidence_interval":{"confidence_level":0.95,"lower_bound":-0.19478539459466615,"upper_bound":-0.19363738486130033},"point_estimate":-0.1941032732130964,"standard_error":0.00029693755120626823}}