{"mean":{"confidence_interval":{"confidence_level":0.95,"lower_bound":-0.0043242151981448896,"upper_bound":-0.003097865259216313},"point_estimate":-0.0037263313173281354,"standard_error":0.00031677727835513903},"median":{"confidence_interval":{"confidence_level":0.95,"lower_bound":-0.004158004344156141,"upper_bound":-0.0030226140612501506},"point_estimate":-0.0035634937161723723,"standard_error":0.0003012267792503937}}