{"mean":{"confidence_interval":{"confidence_level":0.95,"lower_bound":0.005043893102568215,"upper_bound":0.006320704901202806},"point_estimate":0.005675223064778301,"standard_error":0.00032522794591435757},"median":{"confidence_interval":{"confidence_level":0.95,"lower_bound":0.004932499277891633,"upper_bound":0.005956569056668082},"point_estimate":0.005539194779155654,"standard_error":0.0002687025836581817}}