{"mean":{"confidence_interval":{"confidence_level":0.95,"lower_bound":0.03081596359106045,"upper_bound":0.0322129775664322},"point_estimate":0.031486923242853404,"standard_error":0.0003565232930236217},"median":{"confidence_interval":{"confidence_level":0.95,"lower_bound":0.03088499132148903,"upper_bound":0.03209468623059086},"point_estimate":0.03163295818704537,"standard_error":0.0003194031974999673}}