{"mean":{"confidence_interval":{"confidence_level":0.95,"lower_bound":-0.06813894380239913,"upper_bound":-0.0536587487709304},"point_estimate":-0.0625227715619977,"standard_error":0.003764270169376201},"median":{"confidence_interval":{"confidence_level":0.95,"lower_bound":-0.0686086986550033,"upper_bound":-0.06746226527676485},"point_estimate":-0.06789034300518837,"standard_error":0.0002963760710858885}}