{"mean":{"confidence_interval":{"confidence_level":0.95,"lower_bound":-0.18620128111829137,"upper_bound":-0.18445255825856346},"point_estimate":-0.1853872517107773,"standard_error":0.00044893256940542876},"median":{"confidence_interval":{"confidence_level":0.95,"lower_bound":-0.18637075892292254,"upper_bound":-0.18517409466185297},"point_estimate":-0.1857360844467958,"standard_error":0.00026966338469021426}}