{"mean":{"confidence_interval":{"confidence_level":0.95,"lower_bound":0.37552388616220933,"upper_bound":0.3769950398387494},"point_estimate":0.376252109483284,"standard_error":0.0003746717803419167},"median":{"confidence_interval":{"confidence_level":0.95,"lower_bound":0.3755662315890435,"upper_bound":0.3769231088806062},"point_estimate":0.3763354285335423,"standard_error":0.0003530821608043991}}