{"mean":{"confidence_interval":{"confidence_level":0.95,"lower_bound":-0.19273765511753002,"upper_bound":-0.19174467002088338},"point_estimate":-0.1922210954542103,"standard_error":0.00025222670799449434},"median":{"confidence_interval":{"confidence_level":0.95,"lower_bound":-0.19286684445544258,"upper_bound":-0.191718505577674},"point_estimate":-0.1922828261713767,"standard_error":0.00029455505796833516}}