{"mean":{"confidence_interval":{"confidence_level":0.95,"lower_bound":0.009522449976962222,"upper_bound":0.011323463255076998},"point_estimate":0.010405184390275046,"standard_error":0.00046551781912605755},"median":{"confidence_interval":{"confidence_level":0.95,"lower_bound":0.008647044496111311,"upper_bound":0.010460406493416619},"point_estimate":0.009705849505586617,"standard_error":0.0004529629619076271}}