{"mean":{"confidence_interval":{"confidence_level":0.95,"lower_bound":-0.2097464120779049,"upper_bound":-0.20878070693043319},"point_estimate":-0.2092841932062367,"standard_error":0.00024744858399578293},"median":{"confidence_interval":{"confidence_level":0.95,"lower_bound":-0.209831904219404,"upper_bound":-0.2089973537042128},"point_estimate":-0.20939988383831076,"standard_error":0.00020506257075591169}}