{"mean":{"confidence_interval":{"confidence_level":0.95,"lower_bound":-0.19535368525681385,"upper_bound":-0.19225788669679264},"point_estimate":-0.1940360121437158,"standard_error":0.0007780215619115058},"median":{"confidence_interval":{"confidence_level":0.95,"lower_bound":-0.19592914666686267,"upper_bound":-0.1948293907377333},"point_estimate":-0.195357214207577,"standard_error":0.0002960405953854562}}