{"mean":{"confidence_interval":{"confidence_level":0.95,"lower_bound":-0.19405464212103263,"upper_bound":-0.1929489616319194},"point_estimate":-0.1935437590431578,"standard_error":0.00028145695296856563},"median":{"confidence_interval":{"confidence_level":0.95,"lower_bound":-0.19433120109988697,"upper_bound":-0.19321817252803444},"point_estimate":-0.1939081874497438,"standard_error":0.00028903444845846277}}