{"mean":{"confidence_interval":{"confidence_level":0.95,"lower_bound":-0.19577987710240974,"upper_bound":-0.19393247026206675},"point_estimate":-0.19496629422416578,"standard_error":0.00047083489344734464},"median":{"confidence_interval":{"confidence_level":0.95,"lower_bound":-0.19602070826308238,"upper_bound":-0.19463214209534818},"point_estimate":-0.1951183336624417,"standard_error":0.0003825561767080005}}