{"mean":{"confidence_interval":{"confidence_level":0.95,"lower_bound":-0.19277083498415779,"upper_bound":-0.19082860855192924},"point_estimate":-0.19187907150761407,"standard_error":0.0005039882058939785},"median":{"confidence_interval":{"confidence_level":0.95,"lower_bound":-0.19291319791662434,"upper_bound":-0.19201014381519765},"point_estimate":-0.19231988070307016,"standard_error":0.0002279826326885959}}