{"mean":{"confidence_interval":{"confidence_level":0.95,"lower_bound":0.008166771492177649,"upper_bound":0.009773745709698755},"point_estimate":0.008939226182159699,"standard_error":0.0004141838733169742},"median":{"confidence_interval":{"confidence_level":0.95,"lower_bound":0.007934886283730291,"upper_bound":0.009589621122678742},"point_estimate":0.00878364539537535,"standard_error":0.00042334271554232017}}