{"mean":{"confidence_interval":{"confidence_level":0.95,"lower_bound":0.01618991231222904,"upper_bound":0.01959682673641508},"point_estimate":0.017774984678506023,"standard_error":0.000885606567207705},"median":{"confidence_interval":{"confidence_level":0.95,"lower_bound":0.013532441375754045,"upper_bound":0.016131050796970303},"point_estimate":0.014238343106018236,"standard_error":0.0006979341311644046}}