{"mean":{"confidence_interval":{"confidence_level":0.95,"lower_bound":-0.09363181256386752,"upper_bound":-0.09070801760765339},"point_estimate":-0.09216224965928554,"standard_error":0.0007489746691019004},"median":{"confidence_interval":{"confidence_level":0.95,"lower_bound":-0.09286147405850542,"upper_bound":-0.09091195297727683},"point_estimate":-0.09173892466021505,"standard_error":0.0005055368881391949}}