{"mean":{"confidence_interval":{"confidence_level":0.95,"lower_bound":-0.19342265060684263,"upper_bound":-0.19177259320255666},"point_estimate":-0.1926477598255082,"standard_error":0.0004162558939619718},"median":{"confidence_interval":{"confidence_level":0.95,"lower_bound":-0.1934316301044231,"upper_bound":-0.19242724287197333},"point_estimate":-0.19288442831751984,"standard_error":0.000261453540438511}}