{"mean":{"confidence_interval":{"confidence_level":0.95,"lower_bound":-0.1923670329938133,"upper_bound":-0.19143083982156284},"point_estimate":-0.1919191389924101,"standard_error":0.00023839573042887192},"median":{"confidence_interval":{"confidence_level":0.95,"lower_bound":-0.19204834660035985,"upper_bound":-0.1912786613678722},"point_estimate":-0.19159239530451921,"standard_error":0.0001942314257914375}}