{"mean":{"confidence_interval":{"confidence_level":0.95,"lower_bound":-0.19440073785506204,"upper_bound":-0.1929346241862154},"point_estimate":-0.19365732785616319,"standard_error":0.0003713037501691405},"median":{"confidence_interval":{"confidence_level":0.95,"lower_bound":-0.19456184777195218,"upper_bound":-0.19328263239844462},"point_estimate":-0.19400935220293913,"standard_error":0.000302260378773085}}