{"mean":{"confidence_interval":{"confidence_level":0.95,"lower_bound":145432.094939789,"upper_bound":146221.89486126814},"point_estimate":145724.33374883197,"standard_error":220.47093841919033},"median":{"confidence_interval":{"confidence_level":0.95,"lower_bound":145363.27757186635,"upper_bound":145462.14835164836},"point_estimate":145398.7724668815,"standard_error":23.760100046707745},"median_abs_dev":{"confidence_interval":{"confidence_level":0.95,"lower_bound":148.24322986814198,"upper_bound":268.5542254662977},"point_estimate":223.4916327819348,"standard_error":30.354466770590253},"slope":{"confidence_interval":{"confidence_level":0.95,"lower_bound":145478.87573499707,"upper_bound":145670.85123235668},"point_estimate":145565.41453946673,"standard_error":49.30324107432732},"std_dev":{"confidence_interval":{"confidence_level":0.95,"lower_bound":213.82939904517366,"upper_bound":3755.19747191798},"point_estimate":2225.9234724153957,"standard_error":1142.6025372498225}}