{"mean":{"confidence_interval":{"confidence_level":0.95,"lower_bound":154458.5339235221,"upper_bound":154915.3385868979},"point_estimate":154643.76667038994,"standard_error":119.51265336544165},"median":{"confidence_interval":{"confidence_level":0.95,"lower_bound":154432.92261904763,"upper_bound":154594.46543778802},"point_estimate":154490.39836531627,"standard_error":42.79735413078988},"median_abs_dev":{"confidence_interval":{"confidence_level":0.95,"lower_bound":280.6754921262565,"upper_bound":440.4547278125572},"point_estimate":376.01725120173484,"standard_error":40.35580352757215},"slope":{"confidence_interval":{"confidence_level":0.95,"lower_bound":154541.40517544042,"upper_bound":154716.23861518022},"point_estimate":154626.53205725263,"standard_error":44.72760460615604},"std_dev":{"confidence_interval":{"confidence_level":0.95,"lower_bound":384.3328448692977,"upper_bound":1948.7154978642734},"point_estimate":1199.4723234467094,"standard_error":492.76690434832534}}