{"mean":{"confidence_interval":{"confidence_level":0.95,"lower_bound":1000145.2900573636,"upper_bound":1007674.1847809098},"point_estimate":1002828.8185680419,"standard_error":2231.6038016624784},"median":{"confidence_interval":{"confidence_level":0.95,"lower_bound":999661.1891891892,"upper_bound":1000856.0},"point_estimate":1000153.2112048193,"standard_error":272.26628962661215},"median_abs_dev":{"confidence_interval":{"confidence_level":0.95,"lower_bound":1719.8709793059834,"upper_bound":2536.510753660194},"point_estimate":2188.633777450299,"standard_error":207.03186764737518},"slope":{"confidence_interval":{"confidence_level":0.95,"lower_bound":999913.237956291,"upper_bound":1000727.6624020949},"point_estimate":1000313.2263573223,"standard_error":207.47774616917764},"std_dev":{"confidence_interval":{"confidence_level":0.95,"lower_bound":2211.7725577550073,"upper_bound":38355.41053313427},"point_estimate":22497.518551767964,"standard_error":12659.406580603665}}