{"mean":{"confidence_interval":{"confidence_level":0.95,"lower_bound":1008858.2760362916,"upper_bound":1011976.2714206311},"point_estimate":1010229.1673370255,"standard_error":793.2025633050423},"median":{"confidence_interval":{"confidence_level":0.95,"lower_bound":1007059.3356910946,"upper_bound":1011695.696969697},"point_estimate":1010034.8513233005,"standard_error":1206.246729157531},"median_abs_dev":{"confidence_interval":{"confidence_level":0.95,"lower_bound":4408.664452648763,"upper_bound":7382.835428807022},"point_estimate":6551.600145935476,"standard_error":714.0168802441967},"slope":{"confidence_interval":{"confidence_level":0.95,"lower_bound":1006446.7304846244,"upper_bound":1008468.4274666505},"point_estimate":1007415.2501699424,"standard_error":517.1768420245021},"std_dev":{"confidence_interval":{"confidence_level":0.95,"lower_bound":4470.565927816281,"upper_bound":11968.165643639373},"point_estimate":7970.48318749653,"standard_error":2394.0923313373105}}