{"mean":{"confidence_interval":{"confidence_level":0.95,"lower_bound":107091.35394142233,"upper_bound":108736.38234237228},"point_estimate":107884.1713046321,"standard_error":419.7384646599088},"median":{"confidence_interval":{"confidence_level":0.95,"lower_bound":106709.47740743923,"upper_bound":109327.28938665063},"point_estimate":107123.78625643082,"standard_error":821.5790200441705},"median_abs_dev":{"confidence_interval":{"confidence_level":0.95,"lower_bound":129.6472798811138,"upper_bound":2125.834347606646},"point_estimate":801.515446770456,"standard_error":613.6736800127201},"slope":{"confidence_interval":{"confidence_level":0.95,"lower_bound":106799.16565394518,"upper_bound":107570.74493674212},"point_estimate":107039.34737565501,"standard_error":201.48317336143535},"std_dev":{"confidence_interval":{"confidence_level":0.95,"lower_bound":839.0344342222268,"upper_bound":1597.914794102513},"point_estimate":1404.427466700022,"standard_error":196.93586594480237}}