{"mean":{"confidence_interval":{"confidence_level":0.95,"lower_bound":-0.011289145605587353,"upper_bound":-0.0025487534435791057},"point_estimate":-0.007197511299955051,"standard_error":0.0022014587896887422},"median":{"confidence_interval":{"confidence_level":0.95,"lower_bound":-0.009717604835805305,"upper_bound":-0.008521919030262115},"point_estimate":-0.009231129396970017,"standard_error":0.0003070059367615079}}