{"mean":{"confidence_interval":{"confidence_level":0.95,"lower_bound":-0.02570980579936385,"upper_bound":-0.018755342854656448},"point_estimate":-0.022222500119914335,"standard_error":0.0017437328536236757},"median":{"confidence_interval":{"confidence_level":0.95,"lower_bound":-0.022917559354805994,"upper_bound":-0.01906418423721401},"point_estimate":-0.02066758312009498,"standard_error":0.0009624137326625613}}