{"mean":{"confidence_interval":{"confidence_level":0.95,"lower_bound":-0.018205917020452097,"upper_bound":-0.011405956748366019},"point_estimate":-0.014654705368126297,"standard_error":0.0016959993388016416},"median":{"confidence_interval":{"confidence_level":0.95,"lower_bound":-0.014988815340074235,"upper_bound":-0.013964675393290604},"point_estimate":-0.014456967347768801,"standard_error":0.00024237924654119515}}