{"mean":{"confidence_interval":{"confidence_level":0.95,"lower_bound":-0.017460658472488032,"upper_bound":-0.010922797220500907},"point_estimate":-0.013925380535911192,"standard_error":0.0016330369107322364},"median":{"confidence_interval":{"confidence_level":0.95,"lower_bound":-0.01487186395042328,"upper_bound":-0.013633186441855774},"point_estimate":-0.01436182646028461,"standard_error":0.00031333983094013006}}