{"mean":{"confidence_interval":{"confidence_level":0.95,"lower_bound":-0.01312741322518449,"upper_bound":-0.007833289600438987},"point_estimate":-0.01011336478489333,"standard_error":0.0013560006127176962},"median":{"confidence_interval":{"confidence_level":0.95,"lower_bound":-0.01026146472369322,"upper_bound":-0.009252335584324704},"point_estimate":-0.00976160662657699,"standard_error":0.00024372788599730862}}