{"mean":{"confidence_interval":{"confidence_level":0.95,"lower_bound":-0.017435198821713783,"upper_bound":-0.01237736285413568},"point_estimate":-0.014483610697104132,"standard_error":0.0013187484367432865},"median":{"confidence_interval":{"confidence_level":0.95,"lower_bound":-0.014535333234550918,"upper_bound":-0.013396541370240711},"point_estimate":-0.013950053389425232,"standard_error":0.00027164268003125326}}