{"mean":{"confidence_interval":{"confidence_level":0.95,"lower_bound":-0.010326818235952972,"upper_bound":-0.0039020824708284637},"point_estimate":-0.006956942696679791,"standard_error":0.0016279510329576306},"median":{"confidence_interval":{"confidence_level":0.95,"lower_bound":-0.007967669719447068,"upper_bound":-0.007017072108609431},"point_estimate":-0.007523761025315268,"standard_error":0.00022799174284360817}}