{"mean":{"confidence_interval":{"confidence_level":0.95,"lower_bound":0.025523796744668367,"upper_bound":0.03169579759500032},"point_estimate":0.028810220616696913,"standard_error":0.001571335147192873},"median":{"confidence_interval":{"confidence_level":0.95,"lower_bound":0.0285235141252016,"upper_bound":0.030234564984912726},"point_estimate":0.02926748554141212,"standard_error":0.00046185634204359854}}