{"mean":{"confidence_interval":{"confidence_level":0.95,"lower_bound":-0.02923122656663477,"upper_bound":-0.021728715358326663},"point_estimate":-0.025511319441456126,"standard_error":0.0018639430865719118},"median":{"confidence_interval":{"confidence_level":0.95,"lower_bound":-0.028222837367661846,"upper_bound":-0.026480136353478456},"point_estimate":-0.027574105115694802,"standard_error":0.00045877022825510205}}