{"mean":{"confidence_interval":{"confidence_level":0.95,"lower_bound":0.0648238133201399,"upper_bound":0.07082660061898607},"point_estimate":0.06816236815265952,"standard_error":0.0015348752345089244},"median":{"confidence_interval":{"confidence_level":0.95,"lower_bound":0.06752257202769707,"upper_bound":0.06859394528321738},"point_estimate":0.06804430918873083,"standard_error":0.00025333222767945937}}