{"mean":{"confidence_interval":{"confidence_level":0.95,"lower_bound":0.01448500875367485,"upper_bound":0.02100728182883781},"point_estimate":0.0179760334514123,"standard_error":0.0016159376908332786},"median":{"confidence_interval":{"confidence_level":0.95,"lower_bound":0.01757934301972175,"upper_bound":0.018667866546698164},"point_estimate":0.018000935482058056,"standard_error":0.000268532208625838}}