{"mean":{"confidence_interval":{"confidence_level":0.95,"lower_bound":-0.016856220454294864,"upper_bound":-0.008512723910174835},"point_estimate":-0.012765487480890236,"standard_error":0.002114717490677431},"median":{"confidence_interval":{"confidence_level":0.95,"lower_bound":-0.016200664083681482,"upper_bound":-0.01519598504911368},"point_estimate":-0.015748710751086525,"standard_error":0.00024324757422155836}}