{"mean":{"confidence_interval":{"confidence_level":0.95,"lower_bound":-0.014822378860120007,"upper_bound":-0.009052178293167438},"point_estimate":-0.011622791679831934,"standard_error":0.0014672619630584742},"median":{"confidence_interval":{"confidence_level":0.95,"lower_bound":-0.011951899925835896,"upper_bound":-0.010796459551099091},"point_estimate":-0.011419238274245735,"standard_error":0.0002873255837552388}}