{"mean":{"confidence_interval":{"confidence_level":0.95,"lower_bound":0.04018929223152297,"upper_bound":0.04640665485431462},"point_estimate":0.04360884769940521,"standard_error":0.0015831665769314067},"median":{"confidence_interval":{"confidence_level":0.95,"lower_bound":0.0428032948575785,"upper_bound":0.044769708124504204},"point_estimate":0.04385850504644284,"standard_error":0.00046560472059832905}}