{"mean":{"confidence_interval":{"confidence_level":0.95,"lower_bound":0.04675242644176297,"upper_bound":0.052113639398377064},"point_estimate":0.049967041075075214,"standard_error":0.0013953348750201412},"median":{"confidence_interval":{"confidence_level":0.95,"lower_bound":0.04935198849994227,"upper_bound":0.051394461355634524},"point_estimate":0.05036754935954235,"standard_error":0.0005329451625398542}}