{"mean":{"confidence_interval":{"confidence_level":0.95,"lower_bound":0.006982058852305348,"upper_bound":0.013004148674825895},"point_estimate":0.009965964196884114,"standard_error":0.0014984912046768551},"median":{"confidence_interval":{"confidence_level":0.95,"lower_bound":0.006251591826061498,"upper_bound":0.010983910450110823},"point_estimate":0.007633407206125931,"standard_error":0.0011424786996209304}}