{"mean":{"confidence_interval":{"confidence_level":0.95,"lower_bound":0.03231190024712279,"upper_bound":0.03753923005933502},"point_estimate":0.035460577952888706,"standard_error":0.001374617611702833},"median":{"confidence_interval":{"confidence_level":0.95,"lower_bound":0.035701895418721596,"upper_bound":0.037287063717087676},"point_estimate":0.03649931454829303,"standard_error":0.0003843673117944076}}