{"mean":{"confidence_interval":{"confidence_level":0.95,"lower_bound":0.01681104381871016,"upper_bound":0.022298613343286887},"point_estimate":0.019948966629590226,"standard_error":0.0014172723215566249},"median":{"confidence_interval":{"confidence_level":0.95,"lower_bound":0.019933220496672233,"upper_bound":0.021228080651879422},"point_estimate":0.020555944282826033,"standard_error":0.00034261123724414473}}