{"mean":{"confidence_interval":{"confidence_level":0.95,"lower_bound":-0.0068421048622123466,"upper_bound":0.0015261555159310752},"point_estimate":-0.002719360971549567,"standard_error":0.0020905072717164602},"median":{"confidence_interval":{"confidence_level":0.95,"lower_bound":-0.005553080120997422,"upper_bound":-0.004339242489179496},"point_estimate":-0.005159102498811463,"standard_error":0.000302644633798395}}