{"mean":{"confidence_interval":{"confidence_level":0.95,"lower_bound":-0.003192803356306366,"upper_bound":0.003273797542778542},"point_estimate":0.00020571521725676334,"standard_error":0.001603751496016198},"median":{"confidence_interval":{"confidence_level":0.95,"lower_bound":-0.00018572162626406818,"upper_bound":0.0011439499731091818},"point_estimate":0.0004588979737762955,"standard_error":0.0003327617506604359}}