{"mean":{"confidence_interval":{"confidence_level":0.95,"lower_bound":-0.000022276390381223344,"upper_bound":0.007847596122468513},"point_estimate":0.0037538692855796363,"standard_error":0.0019516332862163385},"median":{"confidence_interval":{"confidence_level":0.95,"lower_bound":0.002945674253862814,"upper_bound":0.004814938377687872},"point_estimate":0.0038094285018925866,"standard_error":0.0004715271732499894}}