{"mean":{"confidence_interval":{"confidence_level":0.95,"lower_bound":9430.801042469866,"upper_bound":9481.023586278188},"point_estimate":9451.516965258603,"standard_error":13.101864429480692},"median":{"confidence_interval":{"confidence_level":0.95,"lower_bound":9419.98959519356,"upper_bound":9429.002264150944},"point_estimate":9423.526613091079,"standard_error":2.5435117700659484},"median_abs_dev":{"confidence_interval":{"confidence_level":0.95,"lower_bound":13.0365623142787,"upper_bound":20.830446561616732},"point_estimate":17.01661631215074,"standard_error":1.952684611715919},"slope":{"confidence_interval":{"confidence_level":0.95,"lower_bound":9424.308112151295,"upper_bound":9486.606161445776},"point_estimate":9445.03657962755,"standard_error":17.6788045167624},"std_dev":{"confidence_interval":{"confidence_level":0.95,"lower_bound":32.04136947171795,"upper_bound":210.9750416277706},"point_estimate":131.6141625501476,"standard_error":50.06081955106957}}