{"mean":{"confidence_interval":{"confidence_level":0.95,"lower_bound":6192231.755055558,"upper_bound":6196214.404388889},"point_estimate":6194152.902222224,"standard_error":1013.2318823143013},"median":{"confidence_interval":{"confidence_level":0.95,"lower_bound":6189839.111111112,"upper_bound":6193823.888888888},"point_estimate":6192650.444444444,"standard_error":1274.3289638521069},"median_abs_dev":{"confidence_interval":{"confidence_level":0.95,"lower_bound":6505.813417831903,"upper_bound":10833.275641004322},"point_estimate":8793.465177217275,"standard_error":1049.8189634297935},"slope":null,"std_dev":{"confidence_interval":{"confidence_level":0.95,"lower_bound":7971.036235809889,"upper_bound":12224.424921068856},"point_estimate":10167.38353245645,"standard_error":1086.7316666484699}}