{"mean":{"confidence_interval":{"confidence_level":0.95,"lower_bound":6021173.289305556,"upper_bound":6033079.0723055545},"point_estimate":6026053.1711111115,"standard_error":3101.636561627349},"median":{"confidence_interval":{"confidence_level":0.95,"lower_bound":6018484.111111111,"upper_bound":6023033.111111111},"point_estimate":6019984.611111111,"standard_error":1124.7648224904585},"median_abs_dev":{"confidence_interval":{"confidence_level":0.95,"lower_bound":7087.651540835622,"upper_bound":12581.013909974614},"point_estimate":9653.29079528711,"standard_error":1517.36466564948},"slope":null,"std_dev":{"confidence_interval":{"confidence_level":0.95,"lower_bound":10158.966240100737,"upper_bound":49738.6534452},"point_estimate":31067.826503268883,"standard_error":11812.386909987585}}