{"mean":{"confidence_interval":{"confidence_level":0.95,"lower_bound":6750204.156875,"upper_bound":6758394.394125},"point_estimate":6754066.6525,"standard_error":2096.5053760799824},"median":{"confidence_interval":{"confidence_level":0.95,"lower_bound":6746702.25,"upper_bound":6753970.25},"point_estimate":6750514.4375,"standard_error":1800.7184768728227},"median_abs_dev":{"confidence_interval":{"confidence_level":0.95,"lower_bound":10377.273190766573,"upper_bound":18198.72935190797},"point_estimate":14168.837298452854,"standard_error":2055.4938885561232},"slope":null,"std_dev":{"confidence_interval":{"confidence_level":0.95,"lower_bound":13944.736764048617,"upper_bound":28175.479326112607},"point_estimate":21099.348118794143,"standard_error":3736.4779559188964}}