{"mean":{"confidence_interval":{"confidence_level":0.95,"lower_bound":7164620.04409375,"upper_bound":7181375.8925},"point_estimate":7172678.13875,"standard_error":4282.14862903086},"median":{"confidence_interval":{"confidence_level":0.95,"lower_bound":7158910.5,"upper_bound":7173560.4375},"point_estimate":7166810.25,"standard_error":3544.994645707268},"median_abs_dev":{"confidence_interval":{"confidence_level":0.95,"lower_bound":22249.007155001163,"upper_bound":40012.593414634466},"point_estimate":32219.39931549132,"standard_error":4545.08969193463},"slope":null,"std_dev":{"confidence_interval":{"confidence_level":0.95,"lower_bound":32960.906165515895,"upper_bound":52124.69736892943},"point_estimate":43155.63060657078,"standard_error":4894.328675074356}}