{"mean":{"confidence_interval":{"confidence_level":0.95,"lower_bound":7525845.2720714295,"upper_bound":7603017.848035716},"point_estimate":7561671.869999999,"standard_error":19731.036420834167},"median":{"confidence_interval":{"confidence_level":0.95,"lower_bound":7516876.357142856,"upper_bound":7572903.214285715},"point_estimate":7537572.928571429,"standard_error":16117.845307234136},"median_abs_dev":{"confidence_interval":{"confidence_level":0.95,"lower_bound":86543.38466354819,"upper_bound":151423.39180919796},"point_estimate":113792.61907977845,"standard_error":16722.212763809755},"slope":null,"std_dev":{"confidence_interval":{"confidence_level":0.95,"lower_bound":119908.69819581817,"upper_bound":264917.3895994501},"point_estimate":197893.06307334275,"standard_error":36681.78734390843}}