{"mean":{"confidence_interval":{"confidence_level":0.95,"lower_bound":7324760.951071426,"upper_bound":7339157.528071428},"point_estimate":7331473.7571428595,"standard_error":3697.3582509031244},"median":{"confidence_interval":{"confidence_level":0.95,"lower_bound":7317679.428571429,"upper_bound":7324114.142857143},"point_estimate":7321152.857142857,"standard_error":1960.45543229388},"median_abs_dev":{"confidence_interval":{"confidence_level":0.95,"lower_bound":11191.088201319455,"upper_bound":22021.90460903432},"point_estimate":15760.567220194196,"standard_error":2731.537538221431},"slope":null,"std_dev":{"confidence_interval":{"confidence_level":0.95,"lower_bound":23491.79766875851,"upper_bound":50063.66894198922},"point_estimate":37144.780755907675,"standard_error":6925.770055940519}}