{"mean":{"confidence_interval":{"confidence_level":0.95,"lower_bound":6791299.65853125,"upper_bound":6798873.88521875},"point_estimate":6794896.20125,"standard_error":1936.2177709783125},"median":{"confidence_interval":{"confidence_level":0.95,"lower_bound":6787216.875,"upper_bound":6796357.0625},"point_estimate":6791129.0625,"standard_error":2732.7472170367473},"median_abs_dev":{"confidence_interval":{"confidence_level":0.95,"lower_bound":12025.924361497164,"upper_bound":18584.853982552886},"point_estimate":15349.450189992785,"standard_error":1627.2166065116887},"slope":null,"std_dev":{"confidence_interval":{"confidence_level":0.95,"lower_bound":13935.663081944096,"upper_bound":25596.849204716258},"point_estimate":19400.50906677854,"standard_error":3172.3884846294704}}