{"mean":{"confidence_interval":{"confidence_level":0.95,"lower_bound":7812630.064214284,"upper_bound":7823267.169964286},"point_estimate":7817762.608571432,"standard_error":2721.190116174049},"median":{"confidence_interval":{"confidence_level":0.95,"lower_bound":7808512.428571428,"upper_bound":7817611.714285715},"point_estimate":7812889.642857143,"standard_error":2548.535720532896},"median_abs_dev":{"confidence_interval":{"confidence_level":0.95,"lower_bound":15117.648331608485,"upper_bound":26084.01673691692},"point_estimate":21505.536218200017,"standard_error":2708.29859885311},"slope":null,"std_dev":{"confidence_interval":{"confidence_level":0.95,"lower_bound":20546.8955747177,"upper_bound":34594.45236175323},"point_estimate":27265.78964421418,"standard_error":3708.427843469657}}