{"mean":{"confidence_interval":{"confidence_level":0.95,"lower_bound":7221751.228464284,"upper_bound":7230117.199357142},"point_estimate":7225847.200000002,"standard_error":2135.1520137358716},"median":{"confidence_interval":{"confidence_level":0.95,"lower_bound":7218108.928571429,"upper_bound":7229628.571428572},"point_estimate":7223493.214285715,"standard_error":2770.3258942276716},"median_abs_dev":{"confidence_interval":{"confidence_level":0.95,"lower_bound":15806.633719375564,"upper_bound":27246.830486272418},"point_estimate":20593.41953439431,"standard_error":2830.9802979770043},"slope":null,"std_dev":{"confidence_interval":{"confidence_level":0.95,"lower_bound":17873.07593699375,"upper_bound":25049.24514008894},"point_estimate":21485.04984945584,"standard_error":1852.2872324646414}}