{"mean":{"confidence_interval":{"confidence_level":0.95,"lower_bound":7213878.798750002,"upper_bound":7222116.023464289},"point_estimate":7217839.645714288,"standard_error":2101.155069061653},"median":{"confidence_interval":{"confidence_level":0.95,"lower_bound":7211227.0,"upper_bound":7221116.571428572},"point_estimate":7215929.5,"standard_error":2346.900136230784},"median_abs_dev":{"confidence_interval":{"confidence_level":0.95,"lower_bound":12740.193373816157,"upper_bound":24830.690259167717},"point_estimate":17972.818180918694,"standard_error":3097.126463515207},"slope":null,"std_dev":{"confidence_interval":{"confidence_level":0.95,"lower_bound":15763.42357827192,"upper_bound":27653.631500220792},"point_estimate":21136.756448091568,"standard_error":3287.6304983379378}}