{"mean":{"confidence_interval":{"confidence_level":0.95,"lower_bound":7006735.0852500005,"upper_bound":7021410.176187499},"point_estimate":7013911.6625,"standard_error":3764.3105220961},"median":{"confidence_interval":{"confidence_level":0.95,"lower_bound":6999747.125,"upper_bound":7017712.75},"point_estimate":7007640.9375,"standard_error":4333.499610159731},"median_abs_dev":{"confidence_interval":{"confidence_level":0.95,"lower_bound":26391.00229896605,"upper_bound":43186.74729578197},"point_estimate":34436.99822612107,"standard_error":4356.142118252789},"slope":null,"std_dev":{"confidence_interval":{"confidence_level":0.95,"lower_bound":30486.410851814893,"upper_bound":44703.306650412385},"point_estimate":37655.24634856584,"standard_error":3657.8279410966397}}