{"mean":{"confidence_interval":{"confidence_level":0.95,"lower_bound":6922111.120499999,"upper_bound":6945309.27146875},"point_estimate":6933431.4325,"standard_error":5925.983541261925},"median":{"confidence_interval":{"confidence_level":0.95,"lower_bound":6914787.8125,"upper_bound":6935657.5},"point_estimate":6920152.8125,"standard_error":5174.583632986379},"median_abs_dev":{"confidence_interval":{"confidence_level":0.95,"lower_bound":34334.328177943826,"upper_bound":56931.01892614735},"point_estimate":44636.73007003963,"standard_error":5549.545920955923},"slope":null,"std_dev":{"confidence_interval":{"confidence_level":0.95,"lower_bound":49412.08145055449,"upper_bound":68322.91335289377},"point_estimate":59633.95812837114,"standard_error":4819.209611792393}}