{"mean":{"confidence_interval":{"confidence_level":0.95,"lower_bound":7130634.96232143,"upper_bound":7218865.647857143},"point_estimate":7162187.280000002,"standard_error":26086.048696857993},"median":{"confidence_interval":{"confidence_level":0.95,"lower_bound":7121328.428571429,"upper_bound":7135718.285714285},"point_estimate":7124986.714285715,"standard_error":3624.04275105172},"median_abs_dev":{"confidence_interval":{"confidence_level":0.95,"lower_bound":18970.502063206364,"upper_bound":32759.21396590739},"point_estimate":26642.533327000285,"standard_error":3490.988729153188},"slope":null,"std_dev":{"confidence_interval":{"confidence_level":0.95,"lower_bound":30505.506521348107,"upper_bound":448367.67803302174},"point_estimate":263108.18677777314,"standard_error":147337.86562351772}}