{"mean":{"confidence_interval":{"confidence_level":0.95,"lower_bound":7114176.65832143,"upper_bound":7169514.134714281},"point_estimate":7137927.64285714,"standard_error":14357.274009158857},"median":{"confidence_interval":{"confidence_level":0.95,"lower_bound":7102839.785714285,"upper_bound":7110587.857142857},"point_estimate":7106708.928571429,"standard_error":2071.2287615250257},"median_abs_dev":{"confidence_interval":{"confidence_level":0.95,"lower_bound":13801.417254975273,"upper_bound":28109.592475953417},"point_estimate":19680.985150593162,"standard_error":3871.36339363949},"slope":null,"std_dev":{"confidence_interval":{"confidence_level":0.95,"lower_bound":42180.29001532819,"upper_bound":222969.28416400935},"point_estimate":144353.61632401045,"standard_error":46347.253075161665}}