{"mean":{"confidence_interval":{"confidence_level":0.95,"lower_bound":7241925.869178571,"upper_bound":7253618.633357141},"point_estimate":7247490.114285717,"standard_error":2986.331607194492},"median":{"confidence_interval":{"confidence_level":0.95,"lower_bound":7235797.071428571,"upper_bound":7247639.0},"point_estimate":7241932.714285715,"standard_error":3266.150674378167},"median_abs_dev":{"confidence_interval":{"confidence_level":0.95,"lower_bound":16767.35850231929,"upper_bound":27187.388817327857},"point_estimate":21273.61522231872,"standard_error":2695.2572650609764},"slope":null,"std_dev":{"confidence_interval":{"confidence_level":0.95,"lower_bound":21475.880274396965,"upper_bound":38079.98287483761},"point_estimate":30060.242530628486,"standard_error":4275.5287501130915}}