{"mean":{"confidence_interval":{"confidence_level":0.95,"lower_bound":7248751.625285713,"upper_bound":7288520.811428573},"point_estimate":7267569.299999995,"standard_error":10129.381401084667},"median":{"confidence_interval":{"confidence_level":0.95,"lower_bound":7219586.714285715,"upper_bound":7236623.142857143},"point_estimate":7226082.571428571,"standard_error":5621.79781723758},"median_abs_dev":{"confidence_interval":{"confidence_level":0.95,"lower_bound":28262.40882074273,"upper_bound":56991.19329070443},"point_estimate":39233.5136034657,"standard_error":7620.117297614727},"slope":null,"std_dev":{"confidence_interval":{"confidence_level":0.95,"lower_bound":75557.17484072347,"upper_bound":125395.61642263338},"point_estimate":101702.51274893523,"standard_error":12735.427435978932}}