{"mean":{"confidence_interval":{"confidence_level":0.95,"lower_bound":7109754.97034375,"upper_bound":7116682.20665625},"point_estimate":7113003.41375,"standard_error":1765.4042881296648},"median":{"confidence_interval":{"confidence_level":0.95,"lower_bound":7107430.375,"upper_bound":7112345.75},"point_estimate":7109400.9375,"standard_error":1228.7169571088334},"median_abs_dev":{"confidence_interval":{"confidence_level":0.95,"lower_bound":8817.670680955052,"upper_bound":14638.450840115547},"point_estimate":11497.840783372521,"standard_error":1479.035502799356},"slope":null,"std_dev":{"confidence_interval":{"confidence_level":0.95,"lower_bound":12242.95223803621,"upper_bound":23386.17295278328},"point_estimate":17707.467704045168,"standard_error":2924.8272743381226}}