{"mean":{"confidence_interval":{"confidence_level":0.95,"lower_bound":7245141.690928573,"upper_bound":7272736.596785719},"point_estimate":7255219.911428571,"standard_error":7922.913164281857},"median":{"confidence_interval":{"confidence_level":0.95,"lower_bound":7241572.285714285,"upper_bound":7249019.0},"point_estimate":7246842.785714285,"standard_error":2100.016148123816},"median_abs_dev":{"confidence_interval":{"confidence_level":0.95,"lower_bound":10766.852808851336,"upper_bound":20106.597243036245},"point_estimate":14923.745435049965,"standard_error":2423.4979103151254},"slope":null,"std_dev":{"confidence_interval":{"confidence_level":0.95,"lower_bound":13545.30054433632,"upper_bound":134946.2318709233},"point_estimate":79526.13107742505,"standard_error":42695.44670359098}}