{"mean":{"confidence_interval":{"confidence_level":0.95,"lower_bound":6131113.002194446,"upper_bound":6143082.248694445},"point_estimate":6136212.676666666,"standard_error":3109.4245219551412},"median":{"confidence_interval":{"confidence_level":0.95,"lower_bound":6127451.0,"upper_bound":6132291.0},"point_estimate":6129460.5,"standard_error":1411.1080846961802},"median_abs_dev":{"confidence_interval":{"confidence_level":0.95,"lower_bound":8909.420968492364,"upper_bound":15375.55012702988},"point_estimate":11999.258153637404,"standard_error":1601.7853970972972},"slope":null,"std_dev":{"confidence_interval":{"confidence_level":0.95,"lower_bound":10778.965838275022,"upper_bound":48940.42602465822},"point_estimate":31289.145299341617,"standard_error":10636.709125939307}}