{"mean":{"confidence_interval":{"confidence_level":0.95,"lower_bound":7239287.602857142,"upper_bound":7250004.376714288},"point_estimate":7244566.725714289,"standard_error":2733.5813472748273},"median":{"confidence_interval":{"confidence_level":0.95,"lower_bound":7232874.642857143,"upper_bound":7251984.785714285},"point_estimate":7240165.5,"standard_error":5629.011447356885},"median_abs_dev":{"confidence_interval":{"confidence_level":0.95,"lower_bound":24750.523960590363,"upper_bound":36468.57055255246},"point_estimate":30426.02255983002,"standard_error":3115.002876509223},"slope":null,"std_dev":{"confidence_interval":{"confidence_level":0.95,"lower_bound":24065.432727594754,"upper_bound":30489.964345250202},"point_estimate":27507.41040268816,"standard_error":1639.6985268773901}}