{"mean":{"confidence_interval":{"confidence_level":0.95,"lower_bound":7864844.216857141,"upper_bound":7872908.6065714285},"point_estimate":7868765.851428569,"standard_error":2059.971555736711},"median":{"confidence_interval":{"confidence_level":0.95,"lower_bound":7861047.714285715,"upper_bound":7871481.285714285},"point_estimate":7866077.428571429,"standard_error":2707.287532618413},"median_abs_dev":{"confidence_interval":{"confidence_level":0.95,"lower_bound":13693.50515689149,"upper_bound":21608.68281636939},"point_estimate":16867.75170053735,"standard_error":1983.9794770330702},"slope":null,"std_dev":{"confidence_interval":{"confidence_level":0.95,"lower_bound":16895.981808673245,"upper_bound":24159.622134136902},"point_estimate":20719.57571364388,"standard_error":1857.310796897641}}