{"mean":{"confidence_interval":{"confidence_level":0.95,"lower_bound":6952278.652218751,"upper_bound":6957833.00496875},"point_estimate":6954995.36125,"standard_error":1416.643455895348},"median":{"confidence_interval":{"confidence_level":0.95,"lower_bound":6949425.25,"upper_bound":6955206.75},"point_estimate":6953207.9375,"standard_error":1439.1975338556638},"median_abs_dev":{"confidence_interval":{"confidence_level":0.95,"lower_bound":9494.384906440973,"upper_bound":16429.431608319283},"point_estimate":12858.774896711111,"standard_error":1692.486399242843},"slope":null,"std_dev":{"confidence_interval":{"confidence_level":0.95,"lower_bound":11711.611001418645,"upper_bound":16701.219056597216},"point_estimate":14255.353711511607,"standard_error":1281.7242261713761}}