{"mean":{"confidence_interval":{"confidence_level":0.95,"lower_bound":7250044.908892859,"upper_bound":7260713.744821424},"point_estimate":7255237.901428572,"standard_error":2734.5698785922314},"median":{"confidence_interval":{"confidence_level":0.95,"lower_bound":7244098.0,"upper_bound":7255734.0},"point_estimate":7248720.928571429,"standard_error":2479.3724890555245},"median_abs_dev":{"confidence_interval":{"confidence_level":0.95,"lower_bound":17180.68619498155,"upper_bound":30965.15945025823},"point_estimate":24852.717458776853,"standard_error":3610.1280781604787},"slope":null,"std_dev":{"confidence_interval":{"confidence_level":0.95,"lower_bound":22040.53632727752,"upper_bound":32617.400088246057},"point_estimate":27452.101715641686,"standard_error":2716.4177107664545}}