{"mean":{"confidence_interval":{"confidence_level":0.95,"lower_bound":7569282.544285711,"upper_bound":7579141.515642857},"point_estimate":7573902.645714283,"standard_error":2522.056400784819},"median":{"confidence_interval":{"confidence_level":0.95,"lower_bound":7566321.0,"upper_bound":7576817.214285715},"point_estimate":7571208.214285715,"standard_error":3218.1187283032614},"median_abs_dev":{"confidence_interval":{"confidence_level":0.95,"lower_bound":16056.851587433594,"upper_bound":25540.66767406194},"point_estimate":21578.395416907002,"standard_error":2362.4465769876037},"slope":null,"std_dev":{"confidence_interval":{"confidence_level":0.95,"lower_bound":17237.69559301827,"upper_bound":34100.445606311274},"point_estimate":25207.156124235145,"standard_error":4626.463389400048}}