{"mean":{"confidence_interval":{"confidence_level":0.95,"lower_bound":7259292.747142859,"upper_bound":7267515.701821427},"point_estimate":7263171.664285715,"standard_error":2107.2063417447525},"median":{"confidence_interval":{"confidence_level":0.95,"lower_bound":7256859.0,"upper_bound":7263717.571428572},"point_estimate":7260815.142857144,"standard_error":1942.4650973194566},"median_abs_dev":{"confidence_interval":{"confidence_level":0.95,"lower_bound":11583.23589435675,"upper_bound":18893.51276457448},"point_estimate":15680.29502161882,"standard_error":1902.6626497404995},"slope":null,"std_dev":{"confidence_interval":{"confidence_level":0.95,"lower_bound":14706.524524592516,"upper_bound":28343.589086510445},"point_estimate":21081.831601901693,"standard_error":3782.9921533156116}}