{"mean":{"confidence_interval":{"confidence_level":0.95,"lower_bound":763570.428782495,"upper_bound":766519.0021947658},"point_estimate":764915.5038911408,"standard_error":756.0136382780286},"median":{"confidence_interval":{"confidence_level":0.95,"lower_bound":763347.9523809524,"upper_bound":764696.0211267605},"point_estimate":763983.4949074074,"standard_error":299.25874194563875},"median_abs_dev":{"confidence_interval":{"confidence_level":0.95,"lower_bound":2281.477282527558,"upper_bound":3978.598989743042},"point_estimate":3073.641249471654,"standard_error":420.0961623378993},"slope":{"confidence_interval":{"confidence_level":0.95,"lower_bound":764438.9274031761,"upper_bound":765698.5576211435},"point_estimate":765064.6878572484,"standard_error":320.6003193467263},"std_dev":{"confidence_interval":{"confidence_level":0.95,"lower_bound":3849.877058167256,"upper_bound":10716.675938281449},"point_estimate":7613.8615534276005,"standard_error":1752.8354184988718}}