{"mean":{"confidence_interval":{"confidence_level":0.95,"lower_bound":753104.0063232215,"upper_bound":754692.7407154834},"point_estimate":753763.4031050499,"standard_error":412.77660534526535},"median":{"confidence_interval":{"confidence_level":0.95,"lower_bound":753104.685515873,"upper_bound":753905.1423076923},"point_estimate":753545.1800766283,"standard_error":220.84953719436223},"median_abs_dev":{"confidence_interval":{"confidence_level":0.95,"lower_bound":1046.232821240497,"upper_bound":1731.026104737415},"point_estimate":1331.1245876177973,"standard_error":175.56801643861974},"slope":{"confidence_interval":{"confidence_level":0.95,"lower_bound":753220.7788557443,"upper_bound":753973.7520830686},"point_estimate":753589.2674892863,"standard_error":191.6822925936093},"std_dev":{"confidence_interval":{"confidence_level":0.95,"lower_bound":1486.7714194538146,"upper_bound":6721.46421708222},"point_estimate":4150.5977172596495,"standard_error":1643.8439634309452}}