{"mean":{"confidence_interval":{"confidence_level":0.95,"lower_bound":4480696.069041664,"upper_bound":4490974.433208334},"point_estimate":4485272.299166666,"standard_error":2642.2338012802884},"median":{"confidence_interval":{"confidence_level":0.95,"lower_bound":4476117.5,"upper_bound":4486361.416666666},"point_estimate":4481470.5,"standard_error":2563.1516293489394},"median_abs_dev":{"confidence_interval":{"confidence_level":0.95,"lower_bound":13587.040358781354,"upper_bound":21562.316267192593},"point_estimate":16968.047823756704,"standard_error":2037.585641104287},"slope":null,"std_dev":{"confidence_interval":{"confidence_level":0.95,"lower_bound":14962.765907873629,"upper_bound":39625.00207808402},"point_estimate":26586.09358911944,"standard_error":7703.189777881483}}