{"mean":{"confidence_interval":{"confidence_level":0.95,"lower_bound":101259.64548016363,"upper_bound":101555.08151508098},"point_estimate":101393.2489088072,"standard_error":75.59605689331885},"median":{"confidence_interval":{"confidence_level":0.95,"lower_bound":100958.88816738817,"upper_bound":101591.96590909091},"point_estimate":101288.23038908353,"standard_error":224.82606074697827},"median_abs_dev":{"confidence_interval":{"confidence_level":0.95,"lower_bound":260.33917541454827,"upper_bound":897.6931896385145},"point_estimate":666.6612401786239,"standard_error":184.57424052846488},"slope":{"confidence_interval":{"confidence_level":0.95,"lower_bound":100940.49979585313,"upper_bound":101085.31191341796},"point_estimate":101002.51487593536,"standard_error":37.124074279911476},"std_dev":{"confidence_interval":{"confidence_level":0.95,"lower_bound":473.4041637260393,"upper_bound":1093.458480557279},"point_estimate":760.55560468093,"standard_error":189.500045015886}}