{"mean":{"confidence_interval":{"confidence_level":0.95,"lower_bound":96439.30013409244,"upper_bound":96685.18202550912},"point_estimate":96544.47184953373,"standard_error":63.435088130304074},"median":{"confidence_interval":{"confidence_level":0.95,"lower_bound":96374.82537216361,"upper_bound":96429.80461878216},"point_estimate":96408.3987012987,"standard_error":16.104918989932614},"median_abs_dev":{"confidence_interval":{"confidence_level":0.95,"lower_bound":137.17298707665745,"upper_bound":255.42309364715064},"point_estimate":213.6981734788199,"standard_error":31.295823506529167},"slope":{"confidence_interval":{"confidence_level":0.95,"lower_bound":96355.32636743644,"upper_bound":96518.7617178081},"point_estimate":96422.61814635195,"standard_error":42.216654406071505},"std_dev":{"confidence_interval":{"confidence_level":0.95,"lower_bound":240.52339654695194,"upper_bound":990.8671708073128},"point_estimate":638.5731363432195,"standard_error":210.05201164754817}}