{"mean":{"confidence_interval":{"confidence_level":0.95,"lower_bound":0.07801628080132655,"upper_bound":0.08450393292643057},"point_estimate":0.08145700026712377,"standard_error":0.0016573125159135462},"median":{"confidence_interval":{"confidence_level":0.95,"lower_bound":0.07889584616828116,"upper_bound":0.08615405763133555},"point_estimate":0.08076801893866414,"standard_error":0.001820455291339647}}