{"mean":{"confidence_interval":{"confidence_level":0.95,"lower_bound":612645.5719312245,"upper_bound":613746.8385020775},"point_estimate":613106.6512862917,"standard_error":285.8159499064425},"median":{"confidence_interval":{"confidence_level":0.95,"lower_bound":612538.9508928572,"upper_bound":612957.4447535771},"point_estimate":612799.6944805195,"standard_error":107.88026967750167},"median_abs_dev":{"confidence_interval":{"confidence_level":0.95,"lower_bound":720.3055492093827,"upper_bound":1242.8480468123028},"point_estimate":970.647896889514,"standard_error":136.0142875657737},"slope":{"confidence_interval":{"confidence_level":0.95,"lower_bound":612175.6565212709,"upper_bound":612932.668378421},"point_estimate":612533.6865538644,"standard_error":193.25523296359074},"std_dev":{"confidence_interval":{"confidence_level":0.95,"lower_bound":1141.36340457218,"upper_bound":4555.720181812282},"point_estimate":2877.0729219467585,"standard_error":1060.4810017037012}}