{"mean":{"confidence_interval":{"confidence_level":0.95,"lower_bound":599989.5176655559,"upper_bound":601323.9078766482},"point_estimate":600572.9135450043,"standard_error":344.7902086053396},"median":{"confidence_interval":{"confidence_level":0.95,"lower_bound":599582.0294117647,"upper_bound":600139.6785714285},"point_estimate":599779.7395833333,"standard_error":142.99244020594548},"median_abs_dev":{"confidence_interval":{"confidence_level":0.95,"lower_bound":793.9581853609109,"upper_bound":1369.3390489952794},"point_estimate":1001.4609822204601,"standard_error":149.4930043829363},"slope":{"confidence_interval":{"confidence_level":0.95,"lower_bound":600038.4445767788,"upper_bound":601397.2488572288},"point_estimate":600611.818751293,"standard_error":353.5906639563104},"std_dev":{"confidence_interval":{"confidence_level":0.95,"lower_bound":1426.694513161825,"upper_bound":5224.383039023069},"point_estimate":3452.1049667959433,"standard_error":1008.3481907733672}}