{"mean":{"confidence_interval":{"confidence_level":0.95,"lower_bound":629386.4463222575,"upper_bound":632311.585524938},"point_estimate":630543.381319129,"standard_error":773.6021537620737},"median":{"confidence_interval":{"confidence_level":0.95,"lower_bound":628965.892083466,"upper_bound":629523.7896505377},"point_estimate":629313.1734939759,"standard_error":152.85149222624017},"median_abs_dev":{"confidence_interval":{"confidence_level":0.95,"lower_bound":647.4400143894476,"upper_bound":1085.7691751460093},"point_estimate":857.4586897582483,"standard_error":103.78600361248154},"slope":{"confidence_interval":{"confidence_level":0.95,"lower_bound":629266.8334176034,"upper_bound":629721.8084546968},"point_estimate":629485.0580552683,"standard_error":115.91518690791618},"std_dev":{"confidence_interval":{"confidence_level":0.95,"lower_bound":979.4806482296831,"upper_bound":12750.719791947176},"point_estimate":7786.476170942154,"standard_error":3337.921161276546}}