{"mean":{"confidence_interval":{"confidence_level":0.95,"lower_bound":7798.1318069947465,"upper_bound":7819.112776972769},"point_estimate":7807.034862058046,"standard_error":5.408650932489264},"median":{"confidence_interval":{"confidence_level":0.95,"lower_bound":7793.083101150818,"upper_bound":7797.504939155333},"point_estimate":7795.571802565601,"standard_error":1.0315586821561067},"median_abs_dev":{"confidence_interval":{"confidence_level":0.95,"lower_bound":6.881637594361947,"upper_bound":10.983569860525456},"point_estimate":8.909664814895503,"standard_error":1.0532492845490697},"slope":{"confidence_interval":{"confidence_level":0.95,"lower_bound":7796.302177807858,"upper_bound":7804.448089137537},"point_estimate":7799.962930176435,"standard_error":2.096560724194654},"std_dev":{"confidence_interval":{"confidence_level":0.95,"lower_bound":13.671980927993292,"upper_bound":83.3076355542308},"point_estimate":54.46987089806378,"standard_error":17.974500684474712}}