{"mean":{"confidence_interval":{"confidence_level":0.95,"lower_bound":8190.328708263663,"upper_bound":8214.486723448843},"point_estimate":8200.844713901031,"standard_error":6.236818642259049},"median":{"confidence_interval":{"confidence_level":0.95,"lower_bound":8186.940145465714,"upper_bound":8195.19101068065},"point_estimate":8190.813757899854,"standard_error":1.9845526404513314},"median_abs_dev":{"confidence_interval":{"confidence_level":0.95,"lower_bound":14.240675655187102,"upper_bound":23.307625824411833},"point_estimate":18.675298379191286,"standard_error":2.2371008933443384},"slope":{"confidence_interval":{"confidence_level":0.95,"lower_bound":8188.492487584844,"upper_bound":8203.127628961156},"point_estimate":8194.987304773897,"standard_error":3.7413933167881415},"std_dev":{"confidence_interval":{"confidence_level":0.95,"lower_bound":23.24477225412564,"upper_bound":93.24214273272831},"point_estimate":62.525678999751854,"standard_error":18.672474681115787}}