{"mean":{"confidence_interval":{"confidence_level":0.95,"lower_bound":2748443.8179736836,"upper_bound":2775020.308592105},"point_estimate":2760147.4710526317,"standard_error":6848.519964234102},"median":{"confidence_interval":{"confidence_level":0.95,"lower_bound":2740482.9210526315,"upper_bound":2745676.5},"point_estimate":2742114.8947368423,"standard_error":1676.4950642779686},"median_abs_dev":{"confidence_interval":{"confidence_level":0.95,"lower_bound":7479.1706461656195,"upper_bound":13353.03666293621},"point_estimate":9675.954633480605,"standard_error":1477.8941639334703},"slope":null,"std_dev":{"confidence_interval":{"confidence_level":0.95,"lower_bound":27344.545124066506,"upper_bound":99205.19894842643},"point_estimate":69030.1584485503,"standard_error":17921.400763430815}}