{"mean":{"confidence_interval":{"confidence_level":0.95,"lower_bound":2596814.9978499995,"upper_bound":2601454.7048499994},"point_estimate":2599032.2469999995,"standard_error":1182.3379518341292},"median":{"confidence_interval":{"confidence_level":0.95,"lower_bound":2594622.85,"upper_bound":2600014.45},"point_estimate":2597509.25,"standard_error":1423.1343498893732},"median_abs_dev":{"confidence_interval":{"confidence_level":0.95,"lower_bound":7347.8395995498395,"upper_bound":12894.616751074514},"point_estimate":9817.332245707443,"standard_error":1395.7727401955158},"slope":null,"std_dev":{"confidence_interval":{"confidence_level":0.95,"lower_bound":9018.505152426775,"upper_bound":14746.853878302918},"point_estimate":11917.962809209792,"standard_error":1473.076280008008}}