{"mean":{"confidence_interval":{"confidence_level":0.95,"lower_bound":2657065.006947369,"upper_bound":2661617.6242500013},"point_estimate":2659267.4584210534,"standard_error":1162.1549777663156},"median":{"confidence_interval":{"confidence_level":0.95,"lower_bound":2654514.4736842103,"upper_bound":2659792.4736842103},"point_estimate":2657334.736842105,"standard_error":1290.3389731680695},"median_abs_dev":{"confidence_interval":{"confidence_level":0.95,"lower_bound":6906.223787916298,"upper_bound":12736.977358084376},"point_estimate":9236.207678129998,"standard_error":1474.5408987971525},"slope":null,"std_dev":{"confidence_interval":{"confidence_level":0.95,"lower_bound":9348.748017463477,"upper_bound":13901.764044765208},"point_estimate":11682.622344583055,"standard_error":1163.181672554462}}