{"mean":{"confidence_interval":{"confidence_level":0.95,"lower_bound":2636148.0247368426,"upper_bound":2639309.755894736},"point_estimate":2637701.0163157894,"standard_error":808.3972371440171},"median":{"confidence_interval":{"confidence_level":0.95,"lower_bound":2634424.947368421,"upper_bound":2639019.8947368423},"point_estimate":2636984.736842105,"standard_error":1310.1801386497289},"median_abs_dev":{"confidence_interval":{"confidence_level":0.95,"lower_bound":6418.741014992148,"upper_bound":10183.012603031826},"point_estimate":8665.172593530691,"standard_error":933.2937836931635},"slope":null,"std_dev":{"confidence_interval":{"confidence_level":0.95,"lower_bound":6925.643148561819,"upper_bound":9249.401410239323},"point_estimate":8128.161112595691,"standard_error":593.4142282556372}}