{"mean":{"confidence_interval":{"confidence_level":0.95,"lower_bound":2722807.0873289485,"upper_bound":2728256.8128815796},"point_estimate":2725450.454736844,"standard_error":1393.7887966633307},"median":{"confidence_interval":{"confidence_level":0.95,"lower_bound":2719192.9736842103,"upper_bound":2724263.0},"point_estimate":2721770.5263157897,"standard_error":1343.6324988475076},"median_abs_dev":{"confidence_interval":{"confidence_level":0.95,"lower_bound":7225.021798046266,"upper_bound":14191.524979628906},"point_estimate":10327.089132447283,"standard_error":1751.3007328442861},"slope":null,"std_dev":{"confidence_interval":{"confidence_level":0.95,"lower_bound":11344.13369219143,"upper_bound":16621.066914357314},"point_estimate":14069.495522568586,"standard_error":1353.0104675118225}}