{"mean":{"confidence_interval":{"confidence_level":0.95,"lower_bound":2612458.5918874997,"upper_bound":2619604.218},"point_estimate":2615656.6744999997,"standard_error":1829.7409572600268},"median":{"confidence_interval":{"confidence_level":0.95,"lower_bound":2610646.325,"upper_bound":2616149.8},"point_estimate":2613561.55,"standard_error":1413.92928922197},"median_abs_dev":{"confidence_interval":{"confidence_level":0.95,"lower_bound":8795.598473846636,"upper_bound":14863.398321121378},"point_estimate":11202.340076118708,"standard_error":1519.8304212225823},"slope":null,"std_dev":{"confidence_interval":{"confidence_level":0.95,"lower_bound":10768.867990475272,"upper_bound":26881.73247318575},"point_estimate":18334.18134754513,"standard_error":4920.663953733076}}