{"mean":{"confidence_interval":{"confidence_level":0.95,"lower_bound":2655935.9800789463,"upper_bound":2660855.960605263},"point_estimate":2658300.9136842107,"standard_error":1257.2422916657408},"median":{"confidence_interval":{"confidence_level":0.95,"lower_bound":2653889.8684210526,"upper_bound":2657175.1578947366},"point_estimate":2655087.0789473685,"standard_error":813.2498506034051},"median_abs_dev":{"confidence_interval":{"confidence_level":0.95,"lower_bound":5728.766298294067,"upper_bound":10572.303364935839},"point_estimate":7391.697247718237,"standard_error":1246.1497075670009},"slope":null,"std_dev":{"confidence_interval":{"confidence_level":0.95,"lower_bound":9434.349837524042,"upper_bound":15452.268888740615},"point_estimate":12612.53438707751,"standard_error":1544.5383103578329}}