{"mean":{"confidence_interval":{"confidence_level":0.95,"lower_bound":2627474.488368422,"upper_bound":2633024.8722236855},"point_estimate":2630020.7515789475,"standard_error":1419.6188325465907},"median":{"confidence_interval":{"confidence_level":0.95,"lower_bound":2624789.0263157897,"upper_bound":2631658.8947368423},"point_estimate":2628178.763157895,"standard_error":1577.3586565386433},"median_abs_dev":{"confidence_interval":{"confidence_level":0.95,"lower_bound":7485.998409202079,"upper_bound":12755.242599601563},"point_estimate":10008.642264416543,"standard_error":1256.3336404329966},"slope":null,"std_dev":{"confidence_interval":{"confidence_level":0.95,"lower_bound":9188.312782628904,"upper_bound":20202.719173454694},"point_estimate":14264.852848108956,"standard_error":3264.667996112592}}