{"mean":{"confidence_interval":{"confidence_level":0.95,"lower_bound":2613335.8184250006,"upper_bound":2619694.015987501},"point_estimate":2616358.9444999998,"standard_error":1617.0141951317023},"median":{"confidence_interval":{"confidence_level":0.95,"lower_bound":2612438.698125,"upper_bound":2619573.25},"point_estimate":2617112.925,"standard_error":1914.2993216571685},"median_abs_dev":{"confidence_interval":{"confidence_level":0.95,"lower_bound":10754.55781906857,"upper_bound":18200.397276879048},"point_estimate":14855.132826268535,"standard_error":2033.1703803721591},"slope":null,"std_dev":{"confidence_interval":{"confidence_level":0.95,"lower_bound":12023.82470720103,"upper_bound":21428.726183513525},"point_estimate":16252.551979683638,"standard_error":2663.4560614172283}}