{"mean":{"confidence_interval":{"confidence_level":0.95,"lower_bound":2637874.076105264,"upper_bound":2659333.985184211},"point_estimate":2646567.876315789,"standard_error":5608.797663833664},"median":{"confidence_interval":{"confidence_level":0.95,"lower_bound":2633922.9210526315,"upper_bound":2637558.1052631577},"point_estimate":2635724.1842105263,"standard_error":936.0727984870458},"median_abs_dev":{"confidence_interval":{"confidence_level":0.95,"lower_bound":6264.960283511581,"upper_bound":10887.043733032035},"point_estimate":8572.510095176125,"standard_error":1176.1924397399118},"slope":null,"std_dev":{"confidence_interval":{"confidence_level":0.95,"lower_bound":12952.564047381824,"upper_bound":91110.78165284419},"point_estimate":56234.74520529102,"standard_error":22151.63780015286}}