{"mean":{"confidence_interval":{"confidence_level":0.95,"lower_bound":2658930.78368421,"upper_bound":2664236.80943421},"point_estimate":2661507.47736842,"standard_error":1353.9176167706073},"median":{"confidence_interval":{"confidence_level":0.95,"lower_bound":2656766.1842105263,"upper_bound":2663347.736842105},"point_estimate":2659939.5,"standard_error":1571.833656402002},"median_abs_dev":{"confidence_interval":{"confidence_level":0.95,"lower_bound":8758.342297140429,"upper_bound":14915.65801940437},"point_estimate":12692.265264140968,"standard_error":1561.5851387889506},"slope":null,"std_dev":{"confidence_interval":{"confidence_level":0.95,"lower_bound":10804.14366209848,"upper_bound":16003.870065543295},"point_estimate":13549.441260978068,"standard_error":1327.3701320596124}}