{"mean":{"confidence_interval":{"confidence_level":0.95,"lower_bound":2639410.420736842,"upper_bound":2643858.693263158},"point_estimate":2641624.638947368,"standard_error":1137.781001386848},"median":{"confidence_interval":{"confidence_level":0.95,"lower_bound":2637693.4736842103,"upper_bound":2642654.263157895},"point_estimate":2640195.4736842103,"standard_error":1330.8798953423918},"median_abs_dev":{"confidence_interval":{"confidence_level":0.95,"lower_bound":8710.663052459555,"upper_bound":14077.442813233452},"point_estimate":12211.746809513854,"standard_error":1410.6634850106566},"slope":null,"std_dev":{"confidence_interval":{"confidence_level":0.95,"lower_bound":9892.454355911783,"upper_bound":12773.229877831653},"point_estimate":11440.493678139175,"standard_error":735.1410847820534}}