{"mean":{"confidence_interval":{"confidence_level":0.95,"lower_bound":7184475.133571431,"upper_bound":7239171.828928572},"point_estimate":7205624.205714288,"standard_error":14519.939678355562},"median":{"confidence_interval":{"confidence_level":0.95,"lower_bound":7174230.0,"upper_bound":7185236.285714285},"point_estimate":7177958.428571429,"standard_error":2577.175175418284},"median_abs_dev":{"confidence_interval":{"confidence_level":0.95,"lower_bound":12742.311373779343,"upper_bound":23661.024779933334},"point_estimate":17915.738081932068,"standard_error":2885.6175788362975},"slope":null,"std_dev":{"confidence_interval":{"confidence_level":0.95,"lower_bound":21910.361842561437,"upper_bound":241675.38790013938},"point_estimate":145996.734548257,"standard_error":65642.24294991954}}