{"mean":{"confidence_interval":{"confidence_level":0.95,"lower_bound":7346933.766535713,"upper_bound":7450147.144285713},"point_estimate":7386090.421428573,"standard_error":27568.74101067678},"median":{"confidence_interval":{"confidence_level":0.95,"lower_bound":7336654.642857143,"upper_bound":7350374.714285715},"point_estimate":7340575.285714285,"standard_error":3455.952975505939},"median_abs_dev":{"confidence_interval":{"confidence_level":0.95,"lower_bound":20394.221637929204,"upper_bound":37796.05879898574},"point_estimate":26145.756435819247,"standard_error":4566.101422726428},"slope":null,"std_dev":{"confidence_interval":{"confidence_level":0.95,"lower_bound":34927.64425532003,"upper_bound":459084.5724635314},"point_estimate":276285.5708261581,"standard_error":128734.99007365415}}