{"mean":{"confidence_interval":{"confidence_level":0.95,"lower_bound":7233279.388285716,"upper_bound":7247733.2986071445},"point_estimate":7239737.967142858,"standard_error":3716.381004897968},"median":{"confidence_interval":{"confidence_level":0.95,"lower_bound":7227559.928571429,"upper_bound":7237052.571428572},"point_estimate":7232831.071428571,"standard_error":2182.9336591955416},"median_abs_dev":{"confidence_interval":{"confidence_level":0.95,"lower_bound":13082.830170232946,"upper_bound":23304.35358626492},"point_estimate":17798.93038400552,"standard_error":2671.660866887667},"slope":null,"std_dev":{"confidence_interval":{"confidence_level":0.95,"lower_bound":19179.468085345405,"upper_bound":55509.240376859685},"point_estimate":37472.23253075454,"standard_error":10182.513358149665}}