{"mean":{"confidence_interval":{"confidence_level":0.95,"lower_bound":7780574.406714283,"upper_bound":7800491.958142856},"point_estimate":7789245.032857145,"standard_error":5128.647349869263},"median":{"confidence_interval":{"confidence_level":0.95,"lower_bound":7776772.714285715,"upper_bound":7782471.357142857},"point_estimate":7780023.357142857,"standard_error":1643.5275998926613},"median_abs_dev":{"confidence_interval":{"confidence_level":0.95,"lower_bound":9945.174723437953,"upper_bound":17460.156290019964},"point_estimate":13659.511257494903,"standard_error":1905.8956639665962},"slope":null,"std_dev":{"confidence_interval":{"confidence_level":0.95,"lower_bound":15124.782787289234,"upper_bound":76344.97042677601},"point_estimate":51504.5968700602,"standard_error":14927.774270428241}}