{"mean":{"confidence_interval":{"confidence_level":0.95,"lower_bound":7175852.23292857,"upper_bound":7187959.793821431},"point_estimate":7180855.468571427,"standard_error":3170.603144720559},"median":{"confidence_interval":{"confidence_level":0.95,"lower_bound":7172117.571428572,"upper_bound":7178714.142857143},"point_estimate":7175460.857142857,"standard_error":1461.8473765064737},"median_abs_dev":{"confidence_interval":{"confidence_level":0.95,"lower_bound":8134.602455581642,"upper_bound":13489.541760513352},"point_estimate":11078.728303313255,"standard_error":1293.4964130785472},"slope":null,"std_dev":{"confidence_interval":{"confidence_level":0.95,"lower_bound":12119.85754835778,"upper_bound":51138.67865864093},"point_estimate":31945.129573875285,"standard_error":12475.343288316459}}