{"mean":{"confidence_interval":{"confidence_level":0.95,"lower_bound":7299724.540857146,"upper_bound":7309319.729000002},"point_estimate":7304410.489999998,"standard_error":2437.206832477515},"median":{"confidence_interval":{"confidence_level":0.95,"lower_bound":7299386.142857144,"upper_bound":7305907.642857144},"point_estimate":7302669.428571429,"standard_error":1748.440765524179},"median_abs_dev":{"confidence_interval":{"confidence_level":0.95,"lower_bound":13029.909293673434,"upper_bound":24322.264368193293},"point_estimate":18873.8153649225,"standard_error":3004.9010364685623},"slope":null,"std_dev":{"confidence_interval":{"confidence_level":0.95,"lower_bound":19827.689844867637,"upper_bound":28612.911765588673},"point_estimate":24454.589179241582,"standard_error":2245.4416330860417}}