{"mean":{"confidence_interval":{"confidence_level":0.95,"lower_bound":6872584.510218751,"upper_bound":6887955.28446875},"point_estimate":6879431.81125,"standard_error":3951.384116826397},"median":{"confidence_interval":{"confidence_level":0.95,"lower_bound":6864623.875,"upper_bound":6873668.8125},"point_estimate":6869172.9375,"standard_error":2796.923769635745},"median_abs_dev":{"confidence_interval":{"confidence_level":0.95,"lower_bound":12867.948484048247,"upper_bound":24390.622816979885},"point_estimate":19092.644473537803,"standard_error":2978.1702080012783},"slope":null,"std_dev":{"confidence_interval":{"confidence_level":0.95,"lower_bound":21454.521908052153,"upper_bound":58628.28127915892},"point_estimate":39680.142847041054,"standard_error":10815.006615861033}}