{"mean":{"confidence_interval":{"confidence_level":0.95,"lower_bound":7228217.196892858,"upper_bound":7241032.895499997},"point_estimate":7234602.960000001,"standard_error":3276.4535674695794},"median":{"confidence_interval":{"confidence_level":0.95,"lower_bound":7223432.142857143,"upper_bound":7240158.0},"point_estimate":7230383.428571428,"standard_error":4003.9679570315657},"median_abs_dev":{"confidence_interval":{"confidence_level":0.95,"lower_bound":28192.379799485207,"upper_bound":46237.84537911415},"point_estimate":38711.32071273608,"standard_error":4476.676727219843},"slope":null,"std_dev":{"confidence_interval":{"confidence_level":0.95,"lower_bound":29339.177722515647,"upper_bound":36154.45152801618},"point_estimate":32989.76963692868,"standard_error":1739.5017392803804}}