{"mean":{"confidence_interval":{"confidence_level":0.95,"lower_bound":7200409.60696875,"upper_bound":7214503.5418125},"point_estimate":7206902.985,"standard_error":3608.6157277498114},"median":{"confidence_interval":{"confidence_level":0.95,"lower_bound":7196803.5,"upper_bound":7204449.125},"point_estimate":7199929.0,"standard_error":1760.0839575569364},"median_abs_dev":{"confidence_interval":{"confidence_level":0.95,"lower_bound":12973.984497478237,"upper_bound":20842.814360903565},"point_estimate":16283.951485902071,"standard_error":2009.3971536664785},"slope":null,"std_dev":{"confidence_interval":{"confidence_level":0.95,"lower_bound":21882.815812069013,"upper_bound":49064.20506563566},"point_estimate":36292.317178250756,"standard_error":6997.721033141105}}