{"mean":{"confidence_interval":{"confidence_level":0.95,"lower_bound":7146262.331107145,"upper_bound":7160587.874392854},"point_estimate":7153187.67857143,"standard_error":3664.351064275115},"median":{"confidence_interval":{"confidence_level":0.95,"lower_bound":7136126.428571428,"upper_bound":7147298.0},"point_estimate":7140664.071428571,"standard_error":2655.459075999687},"median_abs_dev":{"confidence_interval":{"confidence_level":0.95,"lower_bound":14296.817446179963,"upper_bound":27559.94501071327},"point_estimate":20116.022342868426,"standard_error":3574.5662813009326},"slope":null,"std_dev":{"confidence_interval":{"confidence_level":0.95,"lower_bound":29316.264840660482,"upper_bound":43208.51071586946},"point_estimate":36848.53787599989,"standard_error":3555.4945609916454}}