{"mean":{"confidence_interval":{"confidence_level":0.95,"lower_bound":7212691.150571428,"upper_bound":7230561.573785717},"point_estimate":7220656.7142857155,"standard_error":4617.519067371471},"median":{"confidence_interval":{"confidence_level":0.95,"lower_bound":7208156.428571429,"upper_bound":7214914.857142857},"point_estimate":7211902.0,"standard_error":1702.4521742590457},"median_abs_dev":{"confidence_interval":{"confidence_level":0.95,"lower_bound":11005.657304610919,"upper_bound":16518.49350673871},"point_estimate":14009.087151288986,"standard_error":1369.2551522858362},"slope":null,"std_dev":{"confidence_interval":{"confidence_level":0.95,"lower_bound":16489.129878280703,"upper_bound":66452.12998486198},"point_estimate":46345.992748145705,"standard_error":12069.955412470366}}