{"mean":{"confidence_interval":{"confidence_level":0.95,"lower_bound":14769360.902812501,"upper_bound":14885263.9535625},"point_estimate":14825804.595,"standard_error":29646.563263893306},"median":{"confidence_interval":{"confidence_level":0.95,"lower_bound":14618685.125,"upper_bound":14750204.875},"point_estimate":14667413.25,"standard_error":43451.30889675387},"median_abs_dev":{"confidence_interval":{"confidence_level":0.95,"lower_bound":106281.2910631299,"upper_bound":311437.730345875},"point_estimate":174115.79960882664,"standard_error":57951.56737297781},"slope":null,"std_dev":{"confidence_interval":{"confidence_level":0.95,"lower_bound":257997.38121605667,"upper_bound":335880.51295317936},"point_estimate":297614.17138965003,"standard_error":20018.618595998345}}