{"mean":{"confidence_interval":{"confidence_level":0.95,"lower_bound":18355913.240916666,"upper_bound":18381062.079666667},"point_estimate":18368093.84,"standard_error":6419.895425934712},"median":{"confidence_interval":{"confidence_level":0.95,"lower_bound":18345712.0,"upper_bound":18368140.5},"point_estimate":18357342.333333332,"standard_error":6133.616351733242},"median_abs_dev":{"confidence_interval":{"confidence_level":0.95,"lower_bound":32225.05172789097,"upper_bound":57392.186281085014},"point_estimate":44268.705514074296,"standard_error":6520.169601563779},"slope":null,"std_dev":{"confidence_interval":{"confidence_level":0.95,"lower_bound":50636.163950648996,"upper_bound":77999.7520603989},"point_estimate":64561.82193563513,"standard_error":7024.04886659097}}