{"mean":{"confidence_interval":{"confidence_level":0.95,"lower_bound":14655654.123875001,"upper_bound":14687726.027875},"point_estimate":14671499.1325,"standard_error":8187.050116724428},"median":{"confidence_interval":{"confidence_level":0.95,"lower_bound":14636401.25,"upper_bound":14678352.25},"point_estimate":14656707.875,"standard_error":11973.089953822422},"median_abs_dev":{"confidence_interval":{"confidence_level":0.95,"lower_bound":59114.411475509405,"upper_bound":101917.07271561027},"point_estimate":83244.09669712186,"standard_error":11120.378577124207},"slope":null,"std_dev":{"confidence_interval":{"confidence_level":0.95,"lower_bound":71794.78068299769,"upper_bound":91284.42862722652},"point_estimate":82279.73845637093,"standard_error":4977.524528914312}}