{"mean":{"confidence_interval":{"confidence_level":0.95,"lower_bound":26708141.842875,"upper_bound":26823472.147499997},"point_estimate":26765561.51,"standard_error":29352.854555422447},"median":{"confidence_interval":{"confidence_level":0.95,"lower_bound":26720703.5,"upper_bound":26823464.75},"point_estimate":26795387.75,"standard_error":26117.78897324586},"median_abs_dev":{"confidence_interval":{"confidence_level":0.95,"lower_bound":225362.97964900732,"upper_bound":383423.7041428685},"point_estimate":313448.3212351799,"standard_error":42177.14587080764},"slope":null,"std_dev":{"confidence_interval":{"confidence_level":0.95,"lower_bound":258202.29797295184,"upper_bound":328207.3315541747},"point_estimate":295567.2777424127,"standard_error":17817.790770286876}}