{"mean":{"confidence_interval":{"confidence_level":0.95,"lower_bound":15109274.500125,"upper_bound":15174530.168624999},"point_estimate":15140780.425,"standard_error":16668.01341431047},"median":{"confidence_interval":{"confidence_level":0.95,"lower_bound":15081165.375,"upper_bound":15133679.75},"point_estimate":15103726.875,"standard_error":13089.241420508562},"median_abs_dev":{"confidence_interval":{"confidence_level":0.95,"lower_bound":75834.43267866969,"upper_bound":130127.98501476645},"point_estimate":101668.92254501581,"standard_error":13799.212176651527},"slope":null,"std_dev":{"confidence_interval":{"confidence_level":0.95,"lower_bound":131206.33653349124,"upper_bound":197005.27856952726},"point_estimate":167168.94448602386,"standard_error":16857.252549073266}}