{"mean":{"confidence_interval":{"confidence_level":0.95,"lower_bound":14269224.45575,"upper_bound":14287013.0338125},"point_estimate":14277978.3925,"standard_error":4534.7450471904085},"median":{"confidence_interval":{"confidence_level":0.95,"lower_bound":14258709.875,"upper_bound":14275955.75},"point_estimate":14265835.625,"standard_error":4534.845639875127},"median_abs_dev":{"confidence_interval":{"confidence_level":0.95,"lower_bound":27711.461433023214,"upper_bound":52250.15892237425},"point_estimate":43735.21662354469,"standard_error":6239.347312013524},"slope":null,"std_dev":{"confidence_interval":{"confidence_level":0.95,"lower_bound":38897.98987359807,"upper_bound":51725.88759972969},"point_estimate":45649.168840072685,"standard_error":3273.4784380073984}}