{"mean":{"confidence_interval":{"confidence_level":0.95,"lower_bound":17435886.99133333,"upper_bound":17493249.82841666},"point_estimate":17464480.923333332,"standard_error":14600.70064916692},"median":{"confidence_interval":{"confidence_level":0.95,"lower_bound":17422796.333333336,"upper_bound":17498675.166666664},"point_estimate":17461344.0,"standard_error":17966.716327208305},"median_abs_dev":{"confidence_interval":{"confidence_level":0.95,"lower_bound":138108.53650808593,"upper_bound":201912.1831328384},"point_estimate":177898.65344166756,"standard_error":16663.878996029347},"slope":null,"std_dev":{"confidence_interval":{"confidence_level":0.95,"lower_bound":129753.38681831147,"upper_bound":161163.36676812128},"point_estimate":146407.6399826231,"standard_error":8005.671421169563}}