{"mean":{"confidence_interval":{"confidence_level":0.95,"lower_bound":14353403.24,"upper_bound":14392451.6275},"point_estimate":14371605.77,"standard_error":9979.615956587082},"median":{"confidence_interval":{"confidence_level":0.95,"lower_bound":14321812.75,"upper_bound":14376096.5},"point_estimate":14345038.375,"standard_error":14523.636287847536},"median_abs_dev":{"confidence_interval":{"confidence_level":0.95,"lower_bound":49394.48604807258,"upper_bound":96312.6548569834},"point_estimate":70835.47621741891,"standard_error":12690.67091043521},"slope":null,"std_dev":{"confidence_interval":{"confidence_level":0.95,"lower_bound":66664.69125050571,"upper_bound":134796.13911740648},"point_estimate":99959.607351448,"standard_error":18156.571696459603}}