{"mean":{"confidence_interval":{"confidence_level":0.95,"lower_bound":14695567.794375,"upper_bound":14741387.7679375},"point_estimate":14718490.565,"standard_error":11684.161224473388},"median":{"confidence_interval":{"confidence_level":0.95,"lower_bound":14694700.5,"upper_bound":14750349.875},"point_estimate":14728400.0,"standard_error":14667.501127796675},"median_abs_dev":{"confidence_interval":{"confidence_level":0.95,"lower_bound":86234.13019403815,"upper_bound":157459.90085452795},"point_estimate":129333.86740386486,"standard_error":20212.215270680143},"slope":null,"std_dev":{"confidence_interval":{"confidence_level":0.95,"lower_bound":102643.94049849923,"upper_bound":130226.47314535125},"point_estimate":117277.00125413509,"standard_error":7045.285512428242}}