{"mean":{"confidence_interval":{"confidence_level":0.95,"lower_bound":17897805.84266667,"upper_bound":17923102.039},"point_estimate":17909677.626666658,"standard_error":6457.745770180901},"median":{"confidence_interval":{"confidence_level":0.95,"lower_bound":17884067.333333332,"upper_bound":17905530.666666668},"point_estimate":17901493.166666668,"standard_error":5285.649488273253},"median_abs_dev":{"confidence_interval":{"confidence_level":0.95,"lower_bound":31866.015434266057,"upper_bound":52396.20119728336},"point_estimate":39664.24419582074,"standard_error":5019.37764047917},"slope":null,"std_dev":{"confidence_interval":{"confidence_level":0.95,"lower_bound":44798.30606813184,"upper_bound":85003.70419173264},"point_estimate":64952.249509566915,"standard_error":10438.37362312288}}