{"mean":{"confidence_interval":{"confidence_level":0.95,"lower_bound":26116084.16525,"upper_bound":26197018.5415},"point_estimate":26156834.93,"standard_error":20673.37901504618},"median":{"confidence_interval":{"confidence_level":0.95,"lower_bound":26091848.25,"upper_bound":26235752.0},"point_estimate":26184418.5,"standard_error":45042.504906939896},"median_abs_dev":{"confidence_interval":{"confidence_level":0.95,"lower_bound":188397.22184278074,"upper_bound":278414.85450714827},"point_estimate":230571.3533565402,"standard_error":22838.80091029173},"slope":null,"std_dev":{"confidence_interval":{"confidence_level":0.95,"lower_bound":182429.142363981,"upper_bound":228265.228241653},"point_estimate":206713.76008893593,"standard_error":11719.140524461514}}