{"mean":{"confidence_interval":{"confidence_level":0.95,"lower_bound":5461030.063599999,"upper_bound":5468438.982449997},"point_estimate":5464674.885,"standard_error":1888.822293629583},"median":{"confidence_interval":{"confidence_level":0.95,"lower_bound":5456392.1,"upper_bound":5465891.35},"point_estimate":5459612.6,"standard_error":2488.302223603086},"median_abs_dev":{"confidence_interval":{"confidence_level":0.95,"lower_bound":12241.679722665913,"upper_bound":21313.65521735709},"point_estimate":18250.80567598343,"standard_error":2262.1953333350343},"slope":null,"std_dev":{"confidence_interval":{"confidence_level":0.95,"lower_bound":15544.02396378638,"upper_bound":22349.06768709866},"point_estimate":19027.37519283102,"standard_error":1737.524416174755}}