{"mean":{"confidence_interval":{"confidence_level":0.95,"lower_bound":5611740.728361111,"upper_bound":5620809.853055554},"point_estimate":5616038.714444446,"standard_error":2315.9868551354416},"median":{"confidence_interval":{"confidence_level":0.95,"lower_bound":5608634.888888889,"upper_bound":5614570.0},"point_estimate":5612139.222222222,"standard_error":1641.07309173773},"median_abs_dev":{"confidence_interval":{"confidence_level":0.95,"lower_bound":11133.090302348597,"upper_bound":21813.575779397514},"point_estimate":15386.916726827852,"standard_error":2711.476279082744},"slope":null,"std_dev":{"confidence_interval":{"confidence_level":0.95,"lower_bound":16345.616062033067,"upper_bound":30542.919268755206},"point_estimate":23301.459420214953,"standard_error":3731.7518429610814}}