{"mean":{"confidence_interval":{"confidence_level":0.95,"lower_bound":5277078.375550002,"upper_bound":5281536.623175002},"point_estimate":5279250.488000002,"standard_error":1136.758658762751},"median":{"confidence_interval":{"confidence_level":0.95,"lower_bound":5274335.3,"upper_bound":5281811.6},"point_estimate":5277915.25,"standard_error":1986.5025485928902},"median_abs_dev":{"confidence_interval":{"confidence_level":0.95,"lower_bound":9697.464037835736,"upper_bound":14417.83996403245},"point_estimate":11159.455871880331,"standard_error":1216.8942822630556},"slope":null,"std_dev":{"confidence_interval":{"confidence_level":0.95,"lower_bound":9160.766532797941,"upper_bound":14002.953328761929},"point_estimate":11398.12397420601,"standard_error":1283.8779744600085}}