{"mean":{"confidence_interval":{"confidence_level":0.95,"lower_bound":5571703.222472223,"upper_bound":5575810.548583336},"point_estimate":5573713.498888888,"standard_error":1051.079673563773},"median":{"confidence_interval":{"confidence_level":0.95,"lower_bound":5569311.5,"upper_bound":5575011.055555556},"point_estimate":5571829.0,"standard_error":1646.2102997375202},"median_abs_dev":{"confidence_interval":{"confidence_level":0.95,"lower_bound":7147.985123097537,"upper_bound":11749.440058073253},"point_estimate":9340.626934170492,"standard_error":1165.0695761960972},"slope":null,"std_dev":{"confidence_interval":{"confidence_level":0.95,"lower_bound":8616.922740256081,"upper_bound":12544.971966600917},"point_estimate":10556.283265381515,"standard_error":1012.5751071113746}}