{"mean":{"confidence_interval":{"confidence_level":0.95,"lower_bound":5617281.136583335,"upper_bound":5630277.727388893},"point_estimate":5623530.245555555,"standard_error":3319.388613737051},"median":{"confidence_interval":{"confidence_level":0.95,"lower_bound":5608974.444444444,"upper_bound":5620055.111111111},"point_estimate":5613950.388888889,"standard_error":3131.1414729636235},"median_abs_dev":{"confidence_interval":{"confidence_level":0.95,"lower_bound":16388.495375712177,"upper_bound":30493.70442529558},"point_estimate":23392.132918040264,"standard_error":3854.622362082805},"slope":null,"std_dev":{"confidence_interval":{"confidence_level":0.95,"lower_bound":25766.392581979744,"upper_bound":40745.11086367075},"point_estimate":33332.509974740635,"standard_error":3849.0860554105525}}