{"mean":{"confidence_interval":{"confidence_level":0.95,"lower_bound":5569879.166699998,"upper_bound":5612209.604149998},"point_estimate":5587370.232000001,"standard_error":10963.946386505297},"median":{"confidence_interval":{"confidence_level":0.95,"lower_bound":5563653.75,"upper_bound":5566581.95},"point_estimate":5565422.7,"standard_error":752.3668751654965},"median_abs_dev":{"confidence_interval":{"confidence_level":0.95,"lower_bound":7539.465646148833,"upper_bound":13954.898122250619},"point_estimate":11806.314240396023,"standard_error":1628.104430533238},"slope":null,"std_dev":{"confidence_interval":{"confidence_level":0.95,"lower_bound":20485.920307328804,"upper_bound":176751.2403447456},"point_estimate":109881.48448571951,"standard_error":40371.93065050061}}