{"mean":{"confidence_interval":{"confidence_level":0.95,"lower_bound":5643835.546500002,"upper_bound":5694026.583611111},"point_estimate":5664578.202222221,"standard_error":13082.160800804555},"median":{"confidence_interval":{"confidence_level":0.95,"lower_bound":5634635.777777778,"upper_bound":5647640.0},"point_estimate":5640669.833333334,"standard_error":3069.005541531968},"median_abs_dev":{"confidence_interval":{"confidence_level":0.95,"lower_bound":16562.04193929908,"upper_bound":30559.18592413282},"point_estimate":23641.53918028016,"standard_error":3775.4381308728853},"slope":null,"std_dev":{"confidence_interval":{"confidence_level":0.95,"lower_bound":23505.868478639175,"upper_bound":205445.7940706747},"point_estimate":131066.62340639818,"standard_error":48400.804479064034}}