{"mean":{"confidence_interval":{"confidence_level":0.95,"lower_bound":5459404.987024999,"upper_bound":5483496.361975},"point_estimate":5469130.873999999,"standard_error":6345.180954222522},"median":{"confidence_interval":{"confidence_level":0.95,"lower_bound":5456300.6,"upper_bound":5472938.7},"point_estimate":5466962.95,"standard_error":4596.14515539323},"median_abs_dev":{"confidence_interval":{"confidence_level":0.95,"lower_bound":20198.452783405683,"upper_bound":35392.62657165527},"point_estimate":24855.49203872722,"standard_error":3484.0832129342243},"slope":null,"std_dev":{"confidence_interval":{"confidence_level":0.95,"lower_bound":23595.220935577418,"upper_bound":104250.49917778974},"point_estimate":64101.817305598466,"standard_error":27100.512640289657}}