{"mean":{"confidence_interval":{"confidence_level":0.95,"lower_bound":5583974.454944446,"upper_bound":5601996.716027782},"point_estimate":5592287.945555556,"standard_error":4598.233550066147},"median":{"confidence_interval":{"confidence_level":0.95,"lower_bound":5580596.555555556,"upper_bound":5594574.666666667},"point_estimate":5587685.5,"standard_error":3430.6411511535803},"median_abs_dev":{"confidence_interval":{"confidence_level":0.95,"lower_bound":24578.361156980332,"upper_bound":39491.933132210754},"point_estimate":33756.57750070095,"standard_error":3887.1557740062535},"slope":null,"std_dev":{"confidence_interval":{"confidence_level":0.95,"lower_bound":28484.1277004459,"upper_bound":64441.269900569154},"point_estimate":46138.625668167915,"standard_error":9640.0129609317}}