{"mean":{"confidence_interval":{"confidence_level":0.95,"lower_bound":5717450.232166666,"upper_bound":5726969.142194444},"point_estimate":5721769.457777778,"standard_error":2441.199435793402},"median":{"confidence_interval":{"confidence_level":0.95,"lower_bound":5711812.777777778,"upper_bound":5718568.0},"point_estimate":5714839.055555556,"standard_error":1782.5120951854294},"median_abs_dev":{"confidence_interval":{"confidence_level":0.95,"lower_bound":10116.520920395851,"upper_bound":17960.38081447268},"point_estimate":13820.467487970604,"standard_error":1917.0632315384546},"slope":null,"std_dev":{"confidence_interval":{"confidence_level":0.95,"lower_bound":13909.901839232516,"upper_bound":35032.71296960096},"point_estimate":24520.942637976157,"standard_error":5705.487020139559}}