{"mean":{"confidence_interval":{"confidence_level":0.95,"lower_bound":5639265.95886111,"upper_bound":5647684.132444445},"point_estimate":5643331.385555554,"standard_error":2151.0009010772083},"median":{"confidence_interval":{"confidence_level":0.95,"lower_bound":5633336.444444444,"upper_bound":5641473.888888889},"point_estimate":5635524.833333333,"standard_error":2073.1192497229395},"median_abs_dev":{"confidence_interval":{"confidence_level":0.95,"lower_bound":11283.986033002551,"upper_bound":19790.32101531839},"point_estimate":14951.114701230783,"standard_error":2234.777205532649},"slope":null,"std_dev":{"confidence_interval":{"confidence_level":0.95,"lower_bound":17101.479268891027,"upper_bound":25635.22607431849},"point_estimate":21644.61299081134,"standard_error":2182.4250695934925}}