{"mean":{"confidence_interval":{"confidence_level":0.95,"lower_bound":0.015019941072141196,"upper_bound":0.017975241353475946},"point_estimate":0.016657083900321057,"standard_error":0.0007544483713226512},"median":{"confidence_interval":{"confidence_level":0.95,"lower_bound":0.015847269167635014,"upper_bound":0.018330441309035717},"point_estimate":0.017238511727936556,"standard_error":0.0007163207306903844}}