{"mean":{"confidence_interval":{"confidence_level":0.95,"lower_bound":6214809.997277777,"upper_bound":6226602.095944447},"point_estimate":6220100.017777775,"standard_error":3032.42190547696},"median":{"confidence_interval":{"confidence_level":0.95,"lower_bound":6212949.611111111,"upper_bound":6218759.111111111},"point_estimate":6216247.722222222,"standard_error":1555.95933995327},"median_abs_dev":{"confidence_interval":{"confidence_level":0.95,"lower_bound":10234.842694129444,"upper_bound":17668.061519662617},"point_estimate":13840.72968761134,"standard_error":1927.8930516615942},"slope":null,"std_dev":{"confidence_interval":{"confidence_level":0.95,"lower_bound":13905.337008439215,"upper_bound":43861.98429624633},"point_estimate":30378.549281534335,"standard_error":7595.594593919341}}