{"mean":{"confidence_interval":{"confidence_level":0.95,"lower_bound":5982115.873555556,"upper_bound":5990469.5733888885},"point_estimate":5986115.403333335,"standard_error":2143.9604836153585},"median":{"confidence_interval":{"confidence_level":0.95,"lower_bound":5978639.388888889,"upper_bound":5987443.0},"point_estimate":5983336.944444444,"standard_error":2208.8289542229204},"median_abs_dev":{"confidence_interval":{"confidence_level":0.95,"lower_bound":13586.79325878597,"upper_bound":20927.063361803535},"point_estimate":17223.446260888602,"standard_error":1843.3480893895007},"slope":null,"std_dev":{"confidence_interval":{"confidence_level":0.95,"lower_bound":16194.41642125709,"upper_bound":27340.004207335056},"point_estimate":21519.693241471738,"standard_error":2940.271705198016}}