{"mean":{"confidence_interval":{"confidence_level":0.95,"lower_bound":6085929.711111114,"upper_bound":6103727.615194443},"point_estimate":6093558.60111111,"standard_error":4604.582176419419},"median":{"confidence_interval":{"confidence_level":0.95,"lower_bound":6083057.611111111,"upper_bound":6087705.166666667},"point_estimate":6085311.777777778,"standard_error":1111.9996041743925},"median_abs_dev":{"confidence_interval":{"confidence_level":0.95,"lower_bound":7247.03103800607,"upper_bound":12861.060571670301},"point_estimate":9891.824657718418,"standard_error":1411.5621448066456},"slope":null,"std_dev":{"confidence_interval":{"confidence_level":0.95,"lower_bound":17185.578461264206,"upper_bound":71569.78728653649},"point_estimate":46264.43268788326,"standard_error":15112.948662070798}}