{"mean":{"confidence_interval":{"confidence_level":0.95,"lower_bound":6153071.9871666655,"upper_bound":6167974.929555557},"point_estimate":6159548.52222222,"standard_error":3825.767220637552},"median":{"confidence_interval":{"confidence_level":0.95,"lower_bound":6149464.333333334,"upper_bound":6159548.222222222},"point_estimate":6154414.777777778,"standard_error":2497.9292805347823},"median_abs_dev":{"confidence_interval":{"confidence_level":0.95,"lower_bound":14621.15384042217,"upper_bound":25901.68047348735},"point_estimate":17518.31892232108,"standard_error":3059.346587996083},"slope":null,"std_dev":{"confidence_interval":{"confidence_level":0.95,"lower_bound":19387.682307080537,"upper_bound":58731.48349586886},"point_estimate":38524.89999523002,"standard_error":12089.489528170494}}