{"mean":{"confidence_interval":{"confidence_level":0.95,"lower_bound":5950574.872861114,"upper_bound":5955814.285833334},"point_estimate":5953136.0755555555,"standard_error":1338.308870033216},"median":{"confidence_interval":{"confidence_level":0.95,"lower_bound":5948265.777777778,"upper_bound":5956134.777777778},"point_estimate":5951951.444444444,"standard_error":2134.3460004415315},"median_abs_dev":{"confidence_interval":{"confidence_level":0.95,"lower_bound":10843.406740823308,"upper_bound":16565.089505910873},"point_estimate":13707.295689979575,"standard_error":1477.4681322382542},"slope":null,"std_dev":{"confidence_interval":{"confidence_level":0.95,"lower_bound":10964.750208568828,"upper_bound":16227.344020888506},"point_estimate":13475.625715387683,"standard_error":1377.9061799075669}}