{"mean":{"confidence_interval":{"confidence_level":0.95,"lower_bound":5868236.78152778,"upper_bound":5872910.2175555555},"point_estimate":5870562.652222221,"standard_error":1193.9495196438006},"median":{"confidence_interval":{"confidence_level":0.95,"lower_bound":5866800.888888889,"upper_bound":5872847.777777778},"point_estimate":5869240.944444444,"standard_error":1636.9370232512097},"median_abs_dev":{"confidence_interval":{"confidence_level":0.95,"lower_bound":8476.024049520493,"upper_bound":14119.623215993859},"point_estimate":10791.762841742011,"standard_error":1470.7252421749397},"slope":null,"std_dev":{"confidence_interval":{"confidence_level":0.95,"lower_bound":10250.391298521365,"upper_bound":13576.649699432044},"point_estimate":12001.121705925569,"standard_error":846.7180041176579}}