{"mean":{"confidence_interval":{"confidence_level":0.95,"lower_bound":6093904.804194443,"upper_bound":6103189.007111108},"point_estimate":6098502.344444443,"standard_error":2364.287878851599},"median":{"confidence_interval":{"confidence_level":0.95,"lower_bound":6089794.222222222,"upper_bound":6104330.777777778},"point_estimate":6096478.277777778,"standard_error":3571.23812464074},"median_abs_dev":{"confidence_interval":{"confidence_level":0.95,"lower_bound":19918.537084708743,"upper_bound":30683.39485526131},"point_estimate":25268.36318473052,"standard_error":2793.6249082872296},"slope":null,"std_dev":{"confidence_interval":{"confidence_level":0.95,"lower_bound":20370.991876815828,"upper_bound":26923.404158590078},"point_estimate":23762.075325377675,"standard_error":1673.2553939129025}}