{"mean":{"confidence_interval":{"confidence_level":0.95,"lower_bound":6240516.092805556,"upper_bound":6247254.7270277785},"point_estimate":6243768.415555557,"standard_error":1718.0530575261912},"median":{"confidence_interval":{"confidence_level":0.95,"lower_bound":6236674.888888889,"upper_bound":6244300.111111111},"point_estimate":6240489.555555556,"standard_error":1645.153579662265},"median_abs_dev":{"confidence_interval":{"confidence_level":0.95,"lower_bound":10901.228139798153,"upper_bound":16892.138705105175},"point_estimate":13717.756256461143,"standard_error":1578.1996835502412},"slope":null,"std_dev":{"confidence_interval":{"confidence_level":0.95,"lower_bound":13817.979492874305,"upper_bound":20261.3397467432},"point_estimate":17253.449828261488,"standard_error":1641.2054396164883}}