{"mean":{"confidence_interval":{"confidence_level":0.95,"lower_bound":6196217.93425,"upper_bound":6206740.118694446},"point_estimate":6200870.158888888,"standard_error":2698.2127940973214},"median":{"confidence_interval":{"confidence_level":0.95,"lower_bound":6194758.666666666,"upper_bound":6201062.666666666},"point_estimate":6197425.277777778,"standard_error":1657.42898796489},"median_abs_dev":{"confidence_interval":{"confidence_level":0.95,"lower_bound":10069.160087902574,"upper_bound":16352.995343010398},"point_estimate":12996.059535940873,"standard_error":1613.5747104390102},"slope":null,"std_dev":{"confidence_interval":{"confidence_level":0.95,"lower_bound":12833.543873163359,"upper_bound":40534.59068729847},"point_estimate":27073.13984961271,"standard_error":7562.345985142175}}