{"mean":{"confidence_interval":{"confidence_level":0.95,"lower_bound":6003408.345388882,"upper_bound":6010224.740138888},"point_estimate":6006699.081111109,"standard_error":1746.8082289573372},"median":{"confidence_interval":{"confidence_level":0.95,"lower_bound":6001025.333333333,"upper_bound":6006650.888888888},"point_estimate":6003562.777777778,"standard_error":1432.8194449699354},"median_abs_dev":{"confidence_interval":{"confidence_level":0.95,"lower_bound":10739.13054267504,"upper_bound":18852.741265296936},"point_estimate":14111.221816142554,"standard_error":2067.3164982731196},"slope":null,"std_dev":{"confidence_interval":{"confidence_level":0.95,"lower_bound":13271.429662123843,"upper_bound":21678.467992645117},"point_estimate":17518.927079331625,"standard_error":2168.017048192821}}