{"mean":{"confidence_interval":{"confidence_level":0.95,"lower_bound":5813519.9857222205,"upper_bound":5821360.731305556},"point_estimate":5817233.161111108,"standard_error":2006.2555527257277},"median":{"confidence_interval":{"confidence_level":0.95,"lower_bound":5810241.777777778,"upper_bound":5817098.277777778},"point_estimate":5812522.722222222,"standard_error":1961.0895053126326},"median_abs_dev":{"confidence_interval":{"confidence_level":0.95,"lower_bound":10502.655846873306,"upper_bound":16964.814932147507},"point_estimate":13272.399697700983,"standard_error":1648.5732047072038},"slope":null,"std_dev":{"confidence_interval":{"confidence_level":0.95,"lower_bound":14389.15217418656,"upper_bound":25495.201569846857},"point_estimate":20168.451888607684,"standard_error":2857.640821815349}}