{"mean":{"confidence_interval":{"confidence_level":0.95,"lower_bound":6030001.646222219,"upper_bound":6034822.751444441},"point_estimate":6032266.236666666,"standard_error":1228.2007697533686},"median":{"confidence_interval":{"confidence_level":0.95,"lower_bound":6029257.777777778,"upper_bound":6032813.222222222},"point_estimate":6030839.611111111,"standard_error":870.7197586831389},"median_abs_dev":{"confidence_interval":{"confidence_level":0.95,"lower_bound":5517.331068714613,"upper_bound":10191.392219065929},"point_estimate":7408.716801802164,"standard_error":1188.7599256344315},"slope":null,"std_dev":{"confidence_interval":{"confidence_level":0.95,"lower_bound":8353.000230546155,"upper_bound":16772.321549104265},"point_estimate":12340.289964429434,"standard_error":2297.3858014378998}}