{"mean":{"confidence_interval":{"confidence_level":0.95,"lower_bound":6003257.780972223,"upper_bound":6010493.66686111},"point_estimate":6006845.253333331,"standard_error":1844.5877919957688},"median":{"confidence_interval":{"confidence_level":0.95,"lower_bound":5999812.444444444,"upper_bound":6012640.888888889},"point_estimate":6007402.166666666,"standard_error":3282.2902623614414},"median_abs_dev":{"confidence_interval":{"confidence_level":0.95,"lower_bound":16418.72394184302,"upper_bound":24689.325528343903},"point_estimate":20055.624043941727,"standard_error":2132.042420641243},"slope":null,"std_dev":{"confidence_interval":{"confidence_level":0.95,"lower_bound":16262.70483763717,"upper_bound":20663.454674072716},"point_estimate":18597.426634889558,"standard_error":1123.3390652176438}}