{"mean":{"confidence_interval":{"confidence_level":0.95,"lower_bound":6224922.999305553,"upper_bound":6232740.722833331},"point_estimate":6228322.7055555545,"standard_error":2005.747610887024},"median":{"confidence_interval":{"confidence_level":0.95,"lower_bound":6223272.444444444,"upper_bound":6227340.277777778},"point_estimate":6225306.611111112,"standard_error":1043.6600572755021},"median_abs_dev":{"confidence_interval":{"confidence_level":0.95,"lower_bound":7136.247873305814,"upper_bound":12234.91947861962},"point_estimate":9021.126639842756,"standard_error":1276.2430863895352},"slope":null,"std_dev":{"confidence_interval":{"confidence_level":0.95,"lower_bound":9091.337197211045,"upper_bound":30698.41672544006},"point_estimate":20146.041726846757,"standard_error":6109.913524996018}}