{"mean":{"confidence_interval":{"confidence_level":0.95,"lower_bound":5999484.242027779,"upper_bound":6004800.681611109},"point_estimate":6002082.129999999,"standard_error":1357.3303722010162},"median":{"confidence_interval":{"confidence_level":0.95,"lower_bound":5997242.888888889,"upper_bound":6002201.611111111},"point_estimate":5999932.611111111,"standard_error":1122.879063694315},"median_abs_dev":{"confidence_interval":{"confidence_level":0.95,"lower_bound":8372.736251353757,"upper_bound":14270.271846653182},"point_estimate":12135.327884554632,"standard_error":1508.2656966777934},"slope":null,"std_dev":{"confidence_interval":{"confidence_level":0.95,"lower_bound":11011.793695180873,"upper_bound":15996.593789627363},"point_estimate":13610.191551356216,"standard_error":1273.445170666212}}