{"mean":{"confidence_interval":{"confidence_level":0.95,"lower_bound":6199402.969277778,"upper_bound":6204622.830555556},"point_estimate":6201867.88,"standard_error":1334.2191232773037},"median":{"confidence_interval":{"confidence_level":0.95,"lower_bound":6195833.722222222,"upper_bound":6201477.666666666},"point_estimate":6199599.333333334,"standard_error":1565.0250993827312},"median_abs_dev":{"confidence_interval":{"confidence_level":0.95,"lower_bound":7425.519601504085,"upper_bound":11726.542125146361},"point_estimate":9598.269862930058,"standard_error":1093.3370016770807},"slope":null,"std_dev":{"confidence_interval":{"confidence_level":0.95,"lower_bound":9418.834790292618,"upper_bound":16892.605398279695},"point_estimate":13420.236638636676,"standard_error":1916.6516382213326}}