{"mean":{"confidence_interval":{"confidence_level":0.95,"lower_bound":5985716.847250001,"upper_bound":6004060.059027778},"point_estimate":5993935.394444445,"standard_error":4719.519921816757},"median":{"confidence_interval":{"confidence_level":0.95,"lower_bound":5978636.944444444,"upper_bound":5985640.555555556},"point_estimate":5981459.444444444,"standard_error":1736.7633778257623},"median_abs_dev":{"confidence_interval":{"confidence_level":0.95,"lower_bound":10119.486120342517,"upper_bound":20046.75109493325},"point_estimate":14934.641368190754,"standard_error":2406.2259723717475},"slope":null,"std_dev":{"confidence_interval":{"confidence_level":0.95,"lower_bound":22302.821990368666,"upper_bound":67811.19419349867},"point_estimate":47530.57225553218,"standard_error":11646.181409546289}}