{"mean":{"confidence_interval":{"confidence_level":0.95,"lower_bound":5846850.1458611125,"upper_bound":5850748.916972222},"point_estimate":5848776.244444444,"standard_error":994.2099678471772},"median":{"confidence_interval":{"confidence_level":0.95,"lower_bound":5845933.444444444,"upper_bound":5850099.0},"point_estimate":5848160.888888889,"standard_error":1117.959736724862},"median_abs_dev":{"confidence_interval":{"confidence_level":0.95,"lower_bound":7516.081749896122,"upper_bound":13126.940166950226},"point_estimate":9779.476526380045,"standard_error":1503.2923671220012},"slope":null,"std_dev":{"confidence_interval":{"confidence_level":0.95,"lower_bound":8440.012936178067,"upper_bound":11504.92616471838},"point_estimate":9998.785170653931,"standard_error":786.6364050169709}}