{"mean":{"confidence_interval":{"confidence_level":0.95,"lower_bound":5938577.63488889,"upper_bound":5943234.928583335},"point_estimate":5940821.9766666675,"standard_error":1187.283234170716},"median":{"confidence_interval":{"confidence_level":0.95,"lower_bound":5936142.277777778,"upper_bound":5940276.055555556},"point_estimate":5937864.388888889,"standard_error":1113.1825731800932},"median_abs_dev":{"confidence_interval":{"confidence_level":0.95,"lower_bound":5293.705572684529,"upper_bound":9847.328126009117},"point_estimate":7383.9244355759565,"standard_error":1133.8105692744778},"slope":null,"std_dev":{"confidence_interval":{"confidence_level":0.95,"lower_bound":9223.68938690667,"upper_bound":14367.020962655313},"point_estimate":11920.616303909985,"standard_error":1319.0418114845038}}