{"mean":{"confidence_interval":{"confidence_level":0.95,"lower_bound":5901672.785194445,"upper_bound":5907520.251361109},"point_estimate":5904556.943333333,"standard_error":1492.9774739980292},"median":{"confidence_interval":{"confidence_level":0.95,"lower_bound":5899608.0,"upper_bound":5905599.666666666},"point_estimate":5903171.333333334,"standard_error":1659.9382528574254},"median_abs_dev":{"confidence_interval":{"confidence_level":0.95,"lower_bound":10867.952007056203,"upper_bound":19049.268128475167},"point_estimate":14439.535343647924,"standard_error":2097.364343506168},"slope":null,"std_dev":{"confidence_interval":{"confidence_level":0.95,"lower_bound":12735.756807969003,"upper_bound":17091.183560358128},"point_estimate":14996.70744349497,"standard_error":1113.197273647699}}