{"mean":{"confidence_interval":{"confidence_level":0.95,"lower_bound":-0.040899346016580906,"upper_bound":-0.03207864137723959},"point_estimate":-0.037097179050313955,"standard_error":0.0022398680721564643},"median":{"confidence_interval":{"confidence_level":0.95,"lower_bound":-0.0416477720594823,"upper_bound":-0.040244002581825145},"point_estimate":-0.04092025152239187,"standard_error":0.0003530174374996353}}