{"mean":{"confidence_interval":{"confidence_level":0.95,"lower_bound":-0.036472688587637796,"upper_bound":-0.03092963749886404},"point_estimate":-0.03399135832698208,"standard_error":0.001432312525557433},"median":{"confidence_interval":{"confidence_level":0.95,"lower_bound":-0.03662180131702342,"upper_bound":-0.03535324791238614},"point_estimate":-0.035853620036201406,"standard_error":0.0003271293296486292}}