{"mean":{"confidence_interval":{"confidence_level":0.95,"lower_bound":-0.026151560548836474,"upper_bound":-0.022976743015658805},"point_estimate":-0.024570978734687166,"standard_error":0.0008242456064720657},"median":{"confidence_interval":{"confidence_level":0.95,"lower_bound":-0.029299638780717285,"upper_bound":-0.019131187617867806},"point_estimate":-0.02807076008735132,"standard_error":0.0027799403068092315}}