{"mean":{"confidence_interval":{"confidence_level":0.95,"lower_bound":0.0035097550886984906,"upper_bound":0.014062995896967617},"point_estimate":0.008491969971648805,"standard_error":0.0026975504357047487},"median":{"confidence_interval":{"confidence_level":0.95,"lower_bound":0.004446669671765324,"upper_bound":0.008447359488869655},"point_estimate":0.005785646537178835,"standard_error":0.0009714162636737097}}