{"mean":{"confidence_interval":{"confidence_level":0.95,"lower_bound":-0.04366547463097484,"upper_bound":-0.0386286313659702},"point_estimate":-0.041345891183389605,"standard_error":0.0013123430393629074},"median":{"confidence_interval":{"confidence_level":0.95,"lower_bound":-0.044586061937896826,"upper_bound":-0.04289579319646713},"point_estimate":-0.043820886983422014,"standard_error":0.0004113142388277277}}