{"mean":{"confidence_interval":{"confidence_level":0.95,"lower_bound":-0.03816553662752205,"upper_bound":-0.030884141815788774},"point_estimate":-0.03511467028890958,"standard_error":0.0018747476793317464},"median":{"confidence_interval":{"confidence_level":0.95,"lower_bound":-0.039524448321254096,"upper_bound":-0.03658904506135243},"point_estimate":-0.03830401573169562,"standard_error":0.0007834483803161867}}