{"mean":{"confidence_interval":{"confidence_level":0.95,"lower_bound":-0.023455077777891787,"upper_bound":-0.02054136259217961},"point_estimate":-0.022050012517078832,"standard_error":0.0007373200084451212},"median":{"confidence_interval":{"confidence_level":0.95,"lower_bound":-0.023827297134072722,"upper_bound":-0.022420745283785237},"point_estimate":-0.023004753708556924,"standard_error":0.0003543132494578464}}