{"mean":{"confidence_interval":{"confidence_level":0.95,"lower_bound":-0.021881235227519714,"upper_bound":-0.017344595836513346},"point_estimate":-0.02018401908196199,"standard_error":0.001164063310368118},"median":{"confidence_interval":{"confidence_level":0.95,"lower_bound":-0.021501368714113567,"upper_bound":-0.020103895736853183},"point_estimate":-0.020615148872513145,"standard_error":0.00035766065505491}}