{"mean":{"confidence_interval":{"confidence_level":0.95,"lower_bound":-0.04173242523659533,"upper_bound":-0.0377552242159045},"point_estimate":-0.03998540682052598,"standard_error":0.001029800221166344},"median":{"confidence_interval":{"confidence_level":0.95,"lower_bound":-0.04152474410104634,"upper_bound":-0.03939872581553738},"point_estimate":-0.04054687214155639,"standard_error":0.0005247722735132429}}