{"mean":{"confidence_interval":{"confidence_level":0.95,"lower_bound":-0.04462287876984367,"upper_bound":-0.04168291315527076},"point_estimate":-0.043276360446094286,"standard_error":0.0007477234324390464},"median":{"confidence_interval":{"confidence_level":0.95,"lower_bound":-0.04445276086830163,"upper_bound":-0.04302176614431008},"point_estimate":-0.043549303685085805,"standard_error":0.00036772574960198097}}