{"mean":{"confidence_interval":{"confidence_level":0.95,"lower_bound":-0.03732541083592698,"upper_bound":-0.034191270021933264},"point_estimate":-0.035867555862272305,"standard_error":0.0008149871568062265},"median":{"confidence_interval":{"confidence_level":0.95,"lower_bound":-0.037397139737728846,"upper_bound":-0.03584474516131325},"point_estimate":-0.03645786194513079,"standard_error":0.0004059808868063771}}