{"mean":{"confidence_interval":{"confidence_level":0.95,"lower_bound":-0.03544477365061291,"upper_bound":-0.027297718103340793},"point_estimate":-0.032491051283553785,"standard_error":0.002123732449701953},"median":{"confidence_interval":{"confidence_level":0.95,"lower_bound":-0.03597058448858714,"upper_bound":-0.03469414907828339},"point_estimate":-0.03526957066107672,"standard_error":0.00032045786713000133}}