{"mean":{"confidence_interval":{"confidence_level":0.95,"lower_bound":0.008527203143523166,"upper_bound":0.014515901039364754},"point_estimate":0.011795909154995288,"standard_error":0.0015330970842348528},"median":{"confidence_interval":{"confidence_level":0.95,"lower_bound":0.012776348784984348,"upper_bound":0.015329948953443084},"point_estimate":0.014217923244040476,"standard_error":0.0006672057581288429}}