{"mean":{"confidence_interval":{"confidence_level":0.95,"lower_bound":-0.030191221777905515,"upper_bound":-0.025010879499066264},"point_estimate":-0.028025466529430942,"standard_error":0.0013567074881143618},"median":{"confidence_interval":{"confidence_level":0.95,"lower_bound":-0.030140618730614577,"upper_bound":-0.026382219798879114},"point_estimate":-0.02784801556644556,"standard_error":0.0010372159998515817}}