{"mean":{"confidence_interval":{"confidence_level":0.95,"lower_bound":-0.029859406236612436,"upper_bound":-0.02731222106366239},"point_estimate":-0.028623643374689922,"standard_error":0.0006408962205886407},"median":{"confidence_interval":{"confidence_level":0.95,"lower_bound":-0.029132231267039677,"upper_bound":-0.027850835695816478},"point_estimate":-0.028346818602321466,"standard_error":0.0003307062042906655}}