{"mean":{"confidence_interval":{"confidence_level":0.95,"lower_bound":-0.030307035957133018,"upper_bound":-0.02749391719023004},"point_estimate":-0.02900287013650027,"standard_error":0.0007270388633587269},"median":{"confidence_interval":{"confidence_level":0.95,"lower_bound":-0.02971344170754675,"upper_bound":-0.028443942944695544},"point_estimate":-0.0289417736162626,"standard_error":0.0003208850010357101}}