{"mean":{"confidence_interval":{"confidence_level":0.95,"lower_bound":-0.038493627601205276,"upper_bound":-0.0337848432518875},"point_estimate":-0.03651957697859898,"standard_error":0.001230162798093872},"median":{"confidence_interval":{"confidence_level":0.95,"lower_bound":-0.03865712678986044,"upper_bound":-0.03699618847018038},"point_estimate":-0.03796635717349495,"standard_error":0.0004093156797182884}}