{"mean":{"confidence_interval":{"confidence_level":0.95,"lower_bound":769126.3432962516,"upper_bound":770859.8639017728},"point_estimate":769907.2886433523,"standard_error":446.4126220766363},"median":{"confidence_interval":{"confidence_level":0.95,"lower_bound":768924.3499455338,"upper_bound":769383.4893617021},"point_estimate":769135.7764340753,"standard_error":104.28793588963654},"median_abs_dev":{"confidence_interval":{"confidence_level":0.95,"lower_bound":818.4943818630064,"upper_bound":1521.8097195208234},"point_estimate":1105.0046821584904,"standard_error":180.35348758579244},"slope":{"confidence_interval":{"confidence_level":0.95,"lower_bound":769429.4315798911,"upper_bound":770439.7836270554},"point_estimate":769864.6404078617,"standard_error":260.73984503130447},"std_dev":{"confidence_interval":{"confidence_level":0.95,"lower_bound":2189.1514659354025,"upper_bound":6513.923306035851},"point_estimate":4495.866302160645,"standard_error":1134.270305205918}}