{"mean":{"confidence_interval":{"confidence_level":0.95,"lower_bound":1590537.9211674982,"upper_bound":1602473.0451701821},"point_estimate":1596077.246086305,"standard_error":3030.429769250552},"median":{"confidence_interval":{"confidence_level":0.95,"lower_bound":1598204.3214285714,"upper_bound":1603804.076923077},"point_estimate":1600743.0380434783,"standard_error":1559.662316677774},"median_abs_dev":{"confidence_interval":{"confidence_level":0.95,"lower_bound":7968.84007670658,"upper_bound":19571.637519200798},"point_estimate":14631.738024011423,"standard_error":2845.1005994578804},"slope":{"confidence_interval":{"confidence_level":0.95,"lower_bound":1576625.0751736674,"upper_bound":1591250.6129103694},"point_estimate":1584097.8562287572,"standard_error":3733.261218654609},"std_dev":{"confidence_interval":{"confidence_level":0.95,"lower_bound":17645.024539430822,"upper_bound":44485.382562239225},"point_estimate":30462.619345267507,"standard_error":7529.285646373642}}