{"mean":{"confidence_interval":{"confidence_level":0.95,"lower_bound":0.0508343719805328,"upper_bound":0.059987631368518216},"point_estimate":0.05450025648677115,"standard_error":0.0024321515145376165},"median":{"confidence_interval":{"confidence_level":0.95,"lower_bound":0.05025753201885008,"upper_bound":0.05284752481986077},"point_estimate":0.051086916798396276,"standard_error":0.0009461358847521371}}