{"mean":{"confidence_interval":{"confidence_level":0.95,"lower_bound":33055458.998375002,"upper_bound":33121335.86675},"point_estimate":33087147.62,"standard_error":16807.181772648506},"median":{"confidence_interval":{"confidence_level":0.95,"lower_bound":33023230.5,"upper_bound":33104036.0},"point_estimate":33058324.0,"standard_error":20358.685525771605},"median_abs_dev":{"confidence_interval":{"confidence_level":0.95,"lower_bound":112349.20210540295,"upper_bound":170112.78894614428},"point_estimate":145209.5479220152,"standard_error":14891.723060597726},"slope":null,"std_dev":{"confidence_interval":{"confidence_level":0.95,"lower_bound":131140.59884195754,"upper_bound":204734.3712961403},"point_estimate":168936.99924513313,"standard_error":18907.224438245183}}