{"mean":{"confidence_interval":{"confidence_level":0.95,"lower_bound":32961127.704625,"upper_bound":33125556.925625},"point_estimate":33031961.61,"standard_error":42316.1406476778},"median":{"confidence_interval":{"confidence_level":0.95,"lower_bound":32908632.0,"upper_bound":33002963.25},"point_estimate":32965398.25,"standard_error":25824.359458741637},"median_abs_dev":{"confidence_interval":{"confidence_level":0.95,"lower_bound":143064.9670600891,"upper_bound":261085.87389729908},"point_estimate":196567.92296022177,"standard_error":30887.19658824314},"slope":null,"std_dev":{"confidence_interval":{"confidence_level":0.95,"lower_bound":180008.43878062957,"upper_bound":651961.641939295},"point_estimate":424657.36158851185,"standard_error":132668.7117541693}}