{"mean":{"confidence_interval":{"confidence_level":0.95,"lower_bound":33068219.810875,"upper_bound":33173534.542},"point_estimate":33118912.44,"standard_error":26765.24154715717},"median":{"confidence_interval":{"confidence_level":0.95,"lower_bound":33005450.5,"upper_bound":33116314.5},"point_estimate":33050828.75,"standard_error":31846.571575456313},"median_abs_dev":{"confidence_interval":{"confidence_level":0.95,"lower_bound":178327.4954840541,"upper_bound":307261.06089502573},"point_estimate":245288.75264525414,"standard_error":33506.21568861343},"slope":null,"std_dev":{"confidence_interval":{"confidence_level":0.95,"lower_bound":204628.8447240768,"upper_bound":341915.60961517517},"point_estimate":268088.4246853718,"standard_error":37515.12508991625}}