{"mean":{"confidence_interval":{"confidence_level":0.95,"lower_bound":32232203.3,"upper_bound":32325506.71075},"point_estimate":32277000.465,"standard_error":23845.418828405298},"median":{"confidence_interval":{"confidence_level":0.95,"lower_bound":32185567.0,"upper_bound":32260417.5},"point_estimate":32217664.75,"standard_error":18269.05739748757},"median_abs_dev":{"confidence_interval":{"confidence_level":0.95,"lower_bound":123357.50690996647,"upper_bound":227699.18655753136},"point_estimate":173511.6401195526,"standard_error":25867.403715221102},"slope":null,"std_dev":{"confidence_interval":{"confidence_level":0.95,"lower_bound":189233.73716086385,"upper_bound":285258.99911445763},"point_estimate":240279.27905301927,"standard_error":24569.147366618723}}