{"mean":{"confidence_interval":{"confidence_level":0.95,"lower_bound":32823529.5465,"upper_bound":32894080.183000002},"point_estimate":32856548.235,"standard_error":18008.991646200553},"median":{"confidence_interval":{"confidence_level":0.95,"lower_bound":32791036.75,"upper_bound":32829551.5},"point_estimate":32808439.0,"standard_error":10893.275520308798},"median_abs_dev":{"confidence_interval":{"confidence_level":0.95,"lower_bound":68687.281518057,"upper_bound":121555.77729195356},"point_estimate":96645.87383419275,"standard_error":13525.055412804306},"slope":null,"std_dev":{"confidence_interval":{"confidence_level":0.95,"lower_bound":124741.68648454627,"upper_bound":228282.29524853424},"point_estimate":180576.56131374367,"standard_error":26470.755162521564}}