{"mean":{"confidence_interval":{"confidence_level":0.95,"lower_bound":32168328.265,"upper_bound":32259577.114125002},"point_estimate":32211894.8,"standard_error":23239.30244243353},"median":{"confidence_interval":{"confidence_level":0.95,"lower_bound":32109045.5,"upper_bound":32225753.0},"point_estimate":32144386.25,"standard_error":31788.259286999142},"median_abs_dev":{"confidence_interval":{"confidence_level":0.95,"lower_bound":144756.9842800498,"upper_bound":246512.2682735324},"point_estimate":196796.9846561551,"standard_error":25947.053797695076},"slope":null,"std_dev":{"confidence_interval":{"confidence_level":0.95,"lower_bound":177149.21644358555,"upper_bound":287226.8638814129},"point_estimate":232883.12397472528,"standard_error":28296.661823868228}}