{"mean":{"confidence_interval":{"confidence_level":0.95,"lower_bound":32752815.504625,"upper_bound":32859705.261875},"point_estimate":32803840.435,"standard_error":27316.57029471956},"median":{"confidence_interval":{"confidence_level":0.95,"lower_bound":32703176.75,"upper_bound":32878276.5},"point_estimate":32806841.75,"standard_error":48338.155453866944},"median_abs_dev":{"confidence_interval":{"confidence_level":0.95,"lower_bound":221807.33426213264,"upper_bound":321567.4093410373},"point_estimate":270201.9919529557,"standard_error":25709.675643635706},"slope":null,"std_dev":{"confidence_interval":{"confidence_level":0.95,"lower_bound":204223.3651118206,"upper_bound":364708.11635490035},"point_estimate":275305.2842970363,"standard_error":46755.01810731142}}