{"mean":{"confidence_interval":{"confidence_level":0.95,"lower_bound":31869231.932875,"upper_bound":31932811.4755},"point_estimate":31900531.765,"standard_error":16223.486572902664},"median":{"confidence_interval":{"confidence_level":0.95,"lower_bound":31827772.5,"upper_bound":31924329.5},"point_estimate":31882810.75,"standard_error":24088.889781075595},"median_abs_dev":{"confidence_interval":{"confidence_level":0.95,"lower_bound":131991.42785668373,"upper_bound":213809.4487041235},"point_estimate":177601.392146945,"standard_error":20002.96205542204},"slope":null,"std_dev":{"confidence_interval":{"confidence_level":0.95,"lower_bound":140583.69609572805,"upper_bound":184293.90198702656},"point_estimate":163131.5431928388,"standard_error":11178.478492026356}}