{"mean":{"confidence_interval":{"confidence_level":0.95,"lower_bound":33995421.91375,"upper_bound":34090208.996125},"point_estimate":34041899.755,"standard_error":24144.019065520344},"median":{"confidence_interval":{"confidence_level":0.95,"lower_bound":33926758.5,"upper_bound":34044072.0},"point_estimate":33971935.5,"standard_error":27460.566869307753},"median_abs_dev":{"confidence_interval":{"confidence_level":0.95,"lower_bound":172147.2774937749,"upper_bound":293252.0015424861},"point_estimate":234147.38449305296,"standard_error":29428.80415152956},"slope":null,"std_dev":{"confidence_interval":{"confidence_level":0.95,"lower_bound":207158.50835993575,"upper_bound":271016.02789149154},"point_estimate":241885.67188008735,"standard_error":16310.809308007305}}