{"mean":{"confidence_interval":{"confidence_level":0.95,"lower_bound":33951345.722375,"upper_bound":34059343.295125},"point_estimate":34004211.07,"standard_error":27544.821981852016},"median":{"confidence_interval":{"confidence_level":0.95,"lower_bound":33942188.5,"upper_bound":34054753.0},"point_estimate":33992503.25,"standard_error":31124.092464570265},"median_abs_dev":{"confidence_interval":{"confidence_level":0.95,"lower_bound":195634.99692678452,"upper_bound":320339.8165628314},"point_estimate":269880.6384086609,"standard_error":31099.872701316475},"slope":null,"std_dev":{"confidence_interval":{"confidence_level":0.95,"lower_bound":218882.3987087996,"upper_bound":337098.5138247967},"point_estimate":277846.49056787445,"standard_error":30613.914118714587}}