{"mean":{"confidence_interval":{"confidence_level":0.95,"lower_bound":28493936.011,"upper_bound":28547809.472875},"point_estimate":28519123.075,"standard_error":13725.717959063322},"median":{"confidence_interval":{"confidence_level":0.95,"lower_bound":28489787.0,"upper_bound":28524708.25},"point_estimate":28505512.0,"standard_error":8687.463839791222},"median_abs_dev":{"confidence_interval":{"confidence_level":0.95,"lower_bound":68330.90154938406,"upper_bound":121887.42563981556},"point_estimate":95681.44255131483,"standard_error":12677.67449908064},"slope":null,"std_dev":{"confidence_interval":{"confidence_level":0.95,"lower_bound":91315.82434874588,"upper_bound":185955.22595595548},"point_estimate":137145.5738236236,"standard_error":25219.91389986905}}