{"mean":{"confidence_interval":{"confidence_level":0.95,"lower_bound":2621247.8722631577,"upper_bound":2624607.1383421062},"point_estimate":2622899.384210527,"standard_error":857.2115632202015},"median":{"confidence_interval":{"confidence_level":0.95,"lower_bound":2619194.1842105263,"upper_bound":2624948.0},"point_estimate":2622750.8157894737,"standard_error":1541.3949648627042},"median_abs_dev":{"confidence_interval":{"confidence_level":0.95,"lower_bound":7273.245312979201,"upper_bound":10659.464637072717},"point_estimate":9462.148110960732,"standard_error":844.5809845545273},"slope":null,"std_dev":{"confidence_interval":{"confidence_level":0.95,"lower_bound":7157.828112014285,"upper_bound":9956.145253130811},"point_estimate":8564.162848010847,"standard_error":718.0653633054164}}