{"mean":{"confidence_interval":{"confidence_level":0.95,"lower_bound":2623927.3360000006,"upper_bound":2628714.2386447364},"point_estimate":2626070.924736843,"standard_error":1221.844679337444},"median":{"confidence_interval":{"confidence_level":0.95,"lower_bound":2622774.6315789474,"upper_bound":2625745.6842105263},"point_estimate":2623991.5,"standard_error":775.2081025488801},"median_abs_dev":{"confidence_interval":{"confidence_level":0.95,"lower_bound":4784.896336102977,"upper_bound":8575.700611303078},"point_estimate":6128.170928045541,"standard_error":1001.5041026770085},"slope":null,"std_dev":{"confidence_interval":{"confidence_level":0.95,"lower_bound":6861.985293841849,"upper_bound":17913.572155587666},"point_estimate":12278.551652521457,"standard_error":3110.643746348299}}