{"mean":{"confidence_interval":{"confidence_level":0.95,"lower_bound":2725387.525052632,"upper_bound":2733157.5567631572},"point_estimate":2728732.7510526315,"standard_error":2000.2251556744325},"median":{"confidence_interval":{"confidence_level":0.95,"lower_bound":2723645.5789473685,"upper_bound":2726975.8421052634},"point_estimate":2725689.157894737,"standard_error":771.2647961969355},"median_abs_dev":{"confidence_interval":{"confidence_level":0.95,"lower_bound":6661.906918569142,"upper_bound":10890.204011923715},"point_estimate":9390.08594908207,"standard_error":1084.1523094640181},"slope":null,"std_dev":{"confidence_interval":{"confidence_level":0.95,"lower_bound":7385.671440770192,"upper_bound":30217.47702667198},"point_estimate":20023.954910804936,"standard_error":6168.912491218811}}