{"mean":{"confidence_interval":{"confidence_level":0.95,"lower_bound":2466748.903321429,"upper_bound":2482992.7042500004},"point_estimate":2472496.106666668,"standard_error":4866.586988414682},"median":{"confidence_interval":{"confidence_level":0.95,"lower_bound":2465594.380952381,"upper_bound":2467624.4523809524},"point_estimate":2466448.3095238097,"standard_error":613.9232446030287},"median_abs_dev":{"confidence_interval":{"confidence_level":0.95,"lower_bound":2822.7997498853524,"upper_bound":5394.815066722886},"point_estimate":4173.377725907866,"standard_error":644.6567631809149},"slope":null,"std_dev":{"confidence_interval":{"confidence_level":0.95,"lower_bound":4399.838525559576,"upper_bound":83703.9698283638},"point_estimate":49033.13152345518,"standard_error":27924.898087921323}}