{"mean":{"confidence_interval":{"confidence_level":0.95,"lower_bound":2633640.053750001,"upper_bound":2639914.774650001},"point_estimate":2636438.8845000006,"standard_error":1606.191609214787},"median":{"confidence_interval":{"confidence_level":0.95,"lower_bound":2630991.9,"upper_bound":2635488.35},"point_estimate":2633753.5999999996,"standard_error":1100.4907071833732},"median_abs_dev":{"confidence_interval":{"confidence_level":0.95,"lower_bound":6579.556293189318,"upper_bound":10453.44176441431},"point_estimate":8886.000007242172,"standard_error":958.8136008912136},"slope":null,"std_dev":{"confidence_interval":{"confidence_level":0.95,"lower_bound":8682.732871988912,"upper_bound":23917.21950788734},"point_estimate":16147.071704105037,"standard_error":4469.073158663212}}