{"mean":{"confidence_interval":{"confidence_level":0.95,"lower_bound":2624620.767075,"upper_bound":2628128.1075999993},"point_estimate":2626320.6134999995,"standard_error":894.2021136652879},"median":{"confidence_interval":{"confidence_level":0.95,"lower_bound":2623937.55,"upper_bound":2627622.5},"point_estimate":2625807.65,"standard_error":1119.7427393632133},"median_abs_dev":{"confidence_interval":{"confidence_level":0.95,"lower_bound":5729.878248274326,"upper_bound":10123.081425279794},"point_estimate":7932.502899170129,"standard_error":1099.768687852482},"slope":null,"std_dev":{"confidence_interval":{"confidence_level":0.95,"lower_bound":7040.819965317665,"upper_bound":10938.289455812124},"point_estimate":8959.354956361734,"standard_error":1011.5419690006235}}