{"mean":{"confidence_interval":{"confidence_level":0.95,"lower_bound":2646976.932921053,"upper_bound":2652978.226697369},"point_estimate":2649740.3852631594,"standard_error":1535.1458711963376},"median":{"confidence_interval":{"confidence_level":0.95,"lower_bound":2645691.8947368423,"upper_bound":2649940.6052631577},"point_estimate":2648131.6842105263,"standard_error":1112.3062727513727},"median_abs_dev":{"confidence_interval":{"confidence_level":0.95,"lower_bound":7189.907588143388,"upper_bound":12030.571141941055},"point_estimate":9267.576372309608,"standard_error":1232.6593654601065},"slope":null,"std_dev":{"confidence_interval":{"confidence_level":0.95,"lower_bound":9733.716124287359,"upper_bound":21699.078019376422},"point_estimate":15458.069471590414,"standard_error":3373.449099104163}}