{"mean":{"confidence_interval":{"confidence_level":0.95,"lower_bound":2643945.021026315,"upper_bound":2650873.2340263147},"point_estimate":2647069.793157895,"standard_error":1776.9305780363454},"median":{"confidence_interval":{"confidence_level":0.95,"lower_bound":2642109.263157895,"upper_bound":2646120.4736842103},"point_estimate":2643866.5,"standard_error":1072.0896462212302},"median_abs_dev":{"confidence_interval":{"confidence_level":0.95,"lower_bound":6474.358021898801,"upper_bound":10995.507625843276},"point_estimate":8215.320548885766,"standard_error":1141.3123818430151},"slope":null,"std_dev":{"confidence_interval":{"confidence_level":0.95,"lower_bound":8795.932788575632,"upper_bound":25491.14032150623},"point_estimate":17925.623927394936,"standard_error":4368.513311584356}}