{"mean":{"confidence_interval":{"confidence_level":0.95,"lower_bound":2621064.339684211,"upper_bound":2625082.1379342107},"point_estimate":2623027.058421053,"standard_error":1025.5456210084626},"median":{"confidence_interval":{"confidence_level":0.95,"lower_bound":2619819.8157894737,"upper_bound":2624370.736842105},"point_estimate":2621208.1842105263,"standard_error":1265.024863594741},"median_abs_dev":{"confidence_interval":{"confidence_level":0.95,"lower_bound":7721.61475765045,"upper_bound":11991.814808155288},"point_estimate":10124.480141307105,"standard_error":1162.1166341964474},"slope":null,"std_dev":{"confidence_interval":{"confidence_level":0.95,"lower_bound":8105.8015555298025,"upper_bound":12442.794010359583},"point_estimate":10293.84484356758,"standard_error":1120.6158614646072}}