{"mean":{"confidence_interval":{"confidence_level":0.95,"lower_bound":2647363.2418552637,"upper_bound":2653955.683026317},"point_estimate":2650376.2642105278,"standard_error":1686.431757219861},"median":{"confidence_interval":{"confidence_level":0.95,"lower_bound":2643880.263157895,"upper_bound":2649016.736842105},"point_estimate":2645710.842105263,"standard_error":1413.0489706731057},"median_abs_dev":{"confidence_interval":{"confidence_level":0.95,"lower_bound":6217.126926466602,"upper_bound":12474.127989066239},"point_estimate":9155.44499535255,"standard_error":1681.9270598813152},"slope":null,"std_dev":{"confidence_interval":{"confidence_level":0.95,"lower_bound":10272.872789718516,"upper_bound":24049.08895337017},"point_estimate":16929.560831407212,"standard_error":3758.0852683912835}}