{"mean":{"confidence_interval":{"confidence_level":0.95,"lower_bound":93763.13364384107,"upper_bound":94095.35600249033},"point_estimate":93899.681637352,"standard_error":88.06582758481625},"median":{"confidence_interval":{"confidence_level":0.95,"lower_bound":93734.00583447177,"upper_bound":93956.88673155737},"point_estimate":93787.68455430327,"standard_error":61.66584779670728},"median_abs_dev":{"confidence_interval":{"confidence_level":0.95,"lower_bound":13.209182607019839,"upper_bound":277.38258111030484},"point_estimate":80.03495014841089,"standard_error":71.89387562805732},"slope":{"confidence_interval":{"confidence_level":0.95,"lower_bound":93745.62762779192,"upper_bound":94241.53401912974},"point_estimate":93926.23012028955,"standard_error":139.47400108303555},"std_dev":{"confidence_interval":{"confidence_level":0.95,"lower_bound":48.46642382127058,"upper_bound":433.69515021665546},"point_estimate":293.56990549372523,"standard_error":114.27472264088817}}