{"mean":{"confidence_interval":{"confidence_level":0.95,"lower_bound":7010784.16175,"upper_bound":7020040.171375},"point_estimate":7015303.44625,"standard_error":2357.4350669020523},"median":{"confidence_interval":{"confidence_level":0.95,"lower_bound":7009676.125,"upper_bound":7022046.4375},"point_estimate":7017715.1875,"standard_error":3579.1990511191184},"median_abs_dev":{"confidence_interval":{"confidence_level":0.95,"lower_bound":16768.854339793324,"upper_bound":28325.535809621215},"point_estimate":21511.969643086195,"standard_error":2887.530448733036},"slope":null,"std_dev":{"confidence_interval":{"confidence_level":0.95,"lower_bound":19586.135376281072,"upper_bound":27574.51882694517},"point_estimate":23632.392184763037,"standard_error":2052.997774479415}}