{"mean":{"confidence_interval":{"confidence_level":0.95,"lower_bound":7002401.801892854,"upper_bound":7028601.744571429},"point_estimate":7014221.977142861,"standard_error":6747.851319948219},"median":{"confidence_interval":{"confidence_level":0.95,"lower_bound":7005099.714285715,"upper_bound":7017777.571428572},"point_estimate":7012691.0,"standard_error":3812.004461535405},"median_abs_dev":{"confidence_interval":{"confidence_level":0.95,"lower_bound":17022.153897795964,"upper_bound":40576.96097961593},"point_estimate":25063.352555036545,"standard_error":6562.847502384145},"slope":null,"std_dev":{"confidence_interval":{"confidence_level":0.95,"lower_bound":32676.020399631947,"upper_bound":95916.48535148805},"point_estimate":67729.10391896484,"standard_error":16310.436117838222}}