{"mean":{"confidence_interval":{"confidence_level":0.95,"lower_bound":6989670.800875,"upper_bound":6997804.4646875},"point_estimate":6993538.03125,"standard_error":2077.68832920778},"median":{"confidence_interval":{"confidence_level":0.95,"lower_bound":6986277.3125,"upper_bound":6993266.75},"point_estimate":6990013.625,"standard_error":2131.2178122194787},"median_abs_dev":{"confidence_interval":{"confidence_level":0.95,"lower_bound":10838.255220707508,"upper_bound":20264.176440238953},"point_estimate":15116.496669128537,"standard_error":2421.375265028565},"slope":null,"std_dev":{"confidence_interval":{"confidence_level":0.95,"lower_bound":15012.989408457071,"upper_bound":26196.386473557945},"point_estimate":20789.249858848103,"standard_error":2865.9635002734353}}