{"mean":{"confidence_interval":{"confidence_level":0.95,"lower_bound":7045878.51003125,"upper_bound":7063390.960875},"point_estimate":7054606.65875,"standard_error":4475.007289234899},"median":{"confidence_interval":{"confidence_level":0.95,"lower_bound":7054448.4375,"upper_bound":7070698.8125},"point_estimate":7062731.5,"standard_error":4378.701434833399},"median_abs_dev":{"confidence_interval":{"confidence_level":0.95,"lower_bound":27802.641331404448,"upper_bound":56043.66894252598},"point_estimate":38509.6076913178,"standard_error":7830.984567771358},"slope":null,"std_dev":{"confidence_interval":{"confidence_level":0.95,"lower_bound":38844.51824716346,"upper_bound":50977.11275991986},"point_estimate":45017.178413950925,"standard_error":3099.380449217621}}