{"mean":{"confidence_interval":{"confidence_level":0.95,"lower_bound":7063292.38021875,"upper_bound":7075111.228375},"point_estimate":7068727.29875,"standard_error":3017.770287357203},"median":{"confidence_interval":{"confidence_level":0.95,"lower_bound":7057455.625,"upper_bound":7064299.6875},"point_estimate":7060541.375,"standard_error":1667.5542262923077},"median_abs_dev":{"confidence_interval":{"confidence_level":0.95,"lower_bound":9441.229064259684,"upper_bound":17320.474192500114},"point_estimate":13560.415334254503,"standard_error":1921.964136940422},"slope":null,"std_dev":{"confidence_interval":{"confidence_level":0.95,"lower_bound":17002.51071061152,"upper_bound":41699.96045358353},"point_estimate":30415.241447171513,"standard_error":6300.321463454172}}