{"mean":{"confidence_interval":{"confidence_level":0.95,"lower_bound":7053396.94221875,"upper_bound":7074344.211124999},"point_estimate":7063193.28,"standard_error":5359.599857990729},"median":{"confidence_interval":{"confidence_level":0.95,"lower_bound":7041038.625,"upper_bound":7066718.125},"point_estimate":7057232.1875,"standard_error":6114.638148176451},"median_abs_dev":{"confidence_interval":{"confidence_level":0.95,"lower_bound":36091.20914675295,"upper_bound":56202.53416283053},"point_estimate":44409.33629907668,"standard_error":5243.887071621501},"slope":null,"std_dev":{"confidence_interval":{"confidence_level":0.95,"lower_bound":36360.37841152647,"upper_bound":73497.84760654114},"point_estimate":53932.24173656328,"standard_error":10032.821194293672}}