{"mean":{"confidence_interval":{"confidence_level":0.95,"lower_bound":6995881.54996875,"upper_bound":7015367.848281249},"point_estimate":7005085.6575,"standard_error":4970.250120442043},"median":{"confidence_interval":{"confidence_level":0.95,"lower_bound":6981113.0625,"upper_bound":7006966.5},"point_estimate":6991940.875,"standard_error":6801.33310413244},"median_abs_dev":{"confidence_interval":{"confidence_level":0.95,"lower_bound":29651.906811073422,"upper_bound":52753.964925929904},"point_estimate":38972.45687060058,"standard_error":6040.207317901182},"slope":null,"std_dev":{"confidence_interval":{"confidence_level":0.95,"lower_bound":36718.60073634565,"upper_bound":64698.73009874323},"point_estimate":49924.3815897839,"standard_error":7486.3146195708705}}