{"mean":{"confidence_interval":{"confidence_level":0.95,"lower_bound":7204867.6528571425,"upper_bound":7295976.163857143},"point_estimate":7241780.234285713,"standard_error":24086.44536289986},"median":{"confidence_interval":{"confidence_level":0.95,"lower_bound":7193598.571428572,"upper_bound":7208402.0},"point_estimate":7199234.928571429,"standard_error":3920.3643725113493},"median_abs_dev":{"confidence_interval":{"confidence_level":0.95,"lower_bound":20999.863727178286,"upper_bound":38898.975509405136},"point_estimate":26856.55722320149,"standard_error":4705.766198490315},"slope":null,"std_dev":{"confidence_interval":{"confidence_level":0.95,"lower_bound":32810.7805868233,"upper_bound":383375.87225856737},"point_estimate":241568.12917342337,"standard_error":96120.7872912874}}