{"mean":{"confidence_interval":{"confidence_level":0.95,"lower_bound":8212228.192607142,"upper_bound":8285236.467428569},"point_estimate":8242034.122857141,"standard_error":19128.299963315625},"median":{"confidence_interval":{"confidence_level":0.95,"lower_bound":8206069.642857143,"upper_bound":8217245.285714285},"point_estimate":8210615.714285715,"standard_error":3183.2588346541474},"median_abs_dev":{"confidence_interval":{"confidence_level":0.95,"lower_bound":26954.197021467542,"upper_bound":47284.031460540435},"point_estimate":36876.70914530823,"standard_error":5209.500692732477},"slope":null,"std_dev":{"confidence_interval":{"confidence_level":0.95,"lower_bound":33857.440421414445,"upper_bound":304763.2958506815},"point_estimate":192777.6841035929,"standard_error":74157.19359783779}}