{"mean":{"confidence_interval":{"confidence_level":0.95,"lower_bound":7000228.332406251,"upper_bound":7008948.399781249},"point_estimate":7004622.255,"standard_error":2212.088578787542},"median":{"confidence_interval":{"confidence_level":0.95,"lower_bound":6999961.125,"upper_bound":7008641.25},"point_estimate":7004507.875,"standard_error":2119.1771985604264},"median_abs_dev":{"confidence_interval":{"confidence_level":0.95,"lower_bound":11937.894988059998,"upper_bound":19231.26757107675},"point_estimate":15175.152030587196,"standard_error":1815.3427204822292},"slope":null,"std_dev":{"confidence_interval":{"confidence_level":0.95,"lower_bound":17603.53562451925,"upper_bound":26331.23805886639},"point_estimate":22196.04298186254,"standard_error":2234.2408512593397}}