{"mean":{"confidence_interval":{"confidence_level":0.95,"lower_bound":7006066.45959375,"upper_bound":7022949.38253125},"point_estimate":7013844.7625,"standard_error":4323.105214815751},"median":{"confidence_interval":{"confidence_level":0.95,"lower_bound":6998586.375,"upper_bound":7007847.5},"point_estimate":7002369.0625,"standard_error":2184.948172108243},"median_abs_dev":{"confidence_interval":{"confidence_level":0.95,"lower_bound":14716.424015918776,"upper_bound":24132.187109068036},"point_estimate":18941.604601219296,"standard_error":2463.296950996766},"slope":null,"std_dev":{"confidence_interval":{"confidence_level":0.95,"lower_bound":27378.154247793478,"upper_bound":60056.83801876464},"point_estimate":43614.0517386074,"standard_error":8719.197626981342}}