{"mean":{"confidence_interval":{"confidence_level":0.95,"lower_bound":7087756.261343749,"upper_bound":7097936.60365625},"point_estimate":7092508.10875,"standard_error":2604.09275195362},"median":{"confidence_interval":{"confidence_level":0.95,"lower_bound":7081726.125,"upper_bound":7088167.6875},"point_estimate":7085499.5625,"standard_error":1711.5722189212563},"median_abs_dev":{"confidence_interval":{"confidence_level":0.95,"lower_bound":9008.92607755959,"upper_bound":17951.691131293774},"point_estimate":12622.856175899506,"standard_error":2352.505518468031},"slope":null,"std_dev":{"confidence_interval":{"confidence_level":0.95,"lower_bound":16712.800353982686,"upper_bound":35249.35755246291},"point_estimate":26192.97973735244,"standard_error":4867.911355087159}}