{"mean":{"confidence_interval":{"confidence_level":0.95,"lower_bound":6999788.29346875,"upper_bound":7008874.45184375},"point_estimate":7004132.10375,"standard_error":2314.439225396919},"median":{"confidence_interval":{"confidence_level":0.95,"lower_bound":6994443.75,"upper_bound":7002943.5},"point_estimate":6998059.3125,"standard_error":2246.6538088724024},"median_abs_dev":{"confidence_interval":{"confidence_level":0.95,"lower_bound":10465.30256420374,"upper_bound":19385.55063083768},"point_estimate":15499.934087321162,"standard_error":2349.9946002327333},"slope":null,"std_dev":{"confidence_interval":{"confidence_level":0.95,"lower_bound":16725.39240227517,"upper_bound":29807.366423752348},"point_estimate":23384.481493159758,"standard_error":3373.689137500979}}