{"mean":{"confidence_interval":{"confidence_level":0.95,"lower_bound":7018291.4710312495,"upper_bound":7025629.56734375},"point_estimate":7021807.9025,"standard_error":1878.0329278714873},"median":{"confidence_interval":{"confidence_level":0.95,"lower_bound":7016241.0,"upper_bound":7021953.5625},"point_estimate":7018132.75,"standard_error":1513.4654484018902},"median_abs_dev":{"confidence_interval":{"confidence_level":0.95,"lower_bound":10809.819416524842,"upper_bound":17457.244040071964},"point_estimate":14048.932025581598,"standard_error":1640.9931822112228},"slope":null,"std_dev":{"confidence_interval":{"confidence_level":0.95,"lower_bound":13735.140921697406,"upper_bound":23990.742679217332},"point_estimate":18925.09980255015,"standard_error":2642.9068847521685}}