{"mean":{"confidence_interval":{"confidence_level":0.95,"lower_bound":7095727.3013125,"upper_bound":7107740.6445},"point_estimate":7101668.8275,"standard_error":3061.7496237448304},"median":{"confidence_interval":{"confidence_level":0.95,"lower_bound":7092855.75,"upper_bound":7109067.3125},"point_estimate":7102752.9375,"standard_error":3986.269599484807},"median_abs_dev":{"confidence_interval":{"confidence_level":0.95,"lower_bound":22766.527208313346,"upper_bound":38409.53219309449},"point_estimate":30369.577860832214,"standard_error":4001.6259450089733},"slope":null,"std_dev":{"confidence_interval":{"confidence_level":0.95,"lower_bound":25353.495449079204,"upper_bound":36646.431423452756},"point_estimate":30826.29350804373,"standard_error":2937.2788180556145}}