{"mean":{"confidence_interval":{"confidence_level":0.95,"lower_bound":6937480.57796875,"upper_bound":6943909.4651875},"point_estimate":6940614.22125,"standard_error":1637.7767845857302},"median":{"confidence_interval":{"confidence_level":0.95,"lower_bound":6935024.9375,"upper_bound":6940637.875},"point_estimate":6937165.1875,"standard_error":1479.6121618953198},"median_abs_dev":{"confidence_interval":{"confidence_level":0.95,"lower_bound":10261.815717816353,"upper_bound":18181.95743970573},"point_estimate":13516.0299975425,"standard_error":2002.2938740324944},"slope":null,"std_dev":{"confidence_interval":{"confidence_level":0.95,"lower_bound":13749.433878840986,"upper_bound":18807.977349029585},"point_estimate":16449.565071896668,"standard_error":1293.4642786732056}}