{"mean":{"confidence_interval":{"confidence_level":0.95,"lower_bound":8618756.00104167,"upper_bound":8644065.041791668},"point_estimate":8630938.483333334,"standard_error":6462.152692638578},"median":{"confidence_interval":{"confidence_level":0.95,"lower_bound":8602763.166666666,"upper_bound":8624389.5},"point_estimate":8611892.916666668,"standard_error":6685.850054147357},"median_abs_dev":{"confidence_interval":{"confidence_level":0.95,"lower_bound":33486.867855488796,"upper_bound":60976.94622494376},"point_estimate":46933.184766766644,"standard_error":6992.476278098358},"slope":null,"std_dev":{"confidence_interval":{"confidence_level":0.95,"lower_bound":51524.87926599493,"upper_bound":76481.71714128662},"point_estimate":65029.24932119869,"standard_error":6379.05557164075}}