{"mean":{"confidence_interval":{"confidence_level":0.95,"lower_bound":7145773.744500003,"upper_bound":7159805.709892855},"point_estimate":7152721.324285715,"standard_error":3598.079095267801},"median":{"confidence_interval":{"confidence_level":0.95,"lower_bound":7131213.142857143,"upper_bound":7165321.142857143},"point_estimate":7142799.714285715,"standard_error":7857.5365635210555},"median_abs_dev":{"confidence_interval":{"confidence_level":0.95,"lower_bound":26260.86973377538,"upper_bound":48408.79534057169},"point_estimate":40609.36637903943,"standard_error":5603.722472558758},"slope":null,"std_dev":{"confidence_interval":{"confidence_level":0.95,"lower_bound":31579.0535905739,"upper_bound":40367.96753941569},"point_estimate":36146.05150359153,"standard_error":2247.468262706705}}