{"mean":{"confidence_interval":{"confidence_level":0.95,"lower_bound":7196583.529642855,"upper_bound":7211397.510857142},"point_estimate":7203511.00857143,"standard_error":3795.2901228950554},"median":{"confidence_interval":{"confidence_level":0.95,"lower_bound":7184556.071428572,"upper_bound":7201554.285714285},"point_estimate":7191273.571428571,"standard_error":4495.373114528672},"median_abs_dev":{"confidence_interval":{"confidence_level":0.95,"lower_bound":17055.06496971189,"upper_bound":35817.783294106936},"point_estimate":25378.722749437307,"standard_error":4833.628531270249},"slope":null,"std_dev":{"confidence_interval":{"confidence_level":0.95,"lower_bound":25655.68091194314,"upper_bound":52186.61247201449},"point_estimate":38195.62083692378,"standard_error":7340.749430584193}}