{"mean":{"confidence_interval":{"confidence_level":0.95,"lower_bound":6959596.042781251,"upper_bound":6967372.34821875},"point_estimate":6963436.28,"standard_error":1980.175788969599},"median":{"confidence_interval":{"confidence_level":0.95,"lower_bound":6959640.75,"upper_bound":6969619.875},"point_estimate":6962240.3125,"standard_error":2517.512250710302},"median_abs_dev":{"confidence_interval":{"confidence_level":0.95,"lower_bound":13587.472783774137,"upper_bound":21540.973005071282},"point_estimate":17483.838177099824,"standard_error":2032.0962478938884},"slope":null,"std_dev":{"confidence_interval":{"confidence_level":0.95,"lower_bound":16340.112402341423,"upper_bound":23350.523162325844},"point_estimate":19879.74632665992,"standard_error":1800.6793674950788}}