{"mean":{"confidence_interval":{"confidence_level":0.95,"lower_bound":7185769.187392858,"upper_bound":7201361.197142858},"point_estimate":7193483.27857143,"standard_error":3979.2044661006817},"median":{"confidence_interval":{"confidence_level":0.95,"lower_bound":7184212.214285715,"upper_bound":7202155.714285715},"point_estimate":7194934.357142856,"standard_error":5207.116276697727},"median_abs_dev":{"confidence_interval":{"confidence_level":0.95,"lower_bound":27856.994505439092,"upper_bound":44052.91661790469},"point_estimate":37437.76733534686,"standard_error":3986.834319683585},"slope":null,"std_dev":{"confidence_interval":{"confidence_level":0.95,"lower_bound":32317.21706706127,"upper_bound":47445.35793646365},"point_estimate":39972.91497650594,"standard_error":3886.1534063134704}}