{"mean":{"confidence_interval":{"confidence_level":0.95,"lower_bound":7025877.61584375,"upper_bound":7074090.914218751},"point_estimate":7049096.4425,"standard_error":12349.8949813401},"median":{"confidence_interval":{"confidence_level":0.95,"lower_bound":6992424.6875,"upper_bound":7016634.625},"point_estimate":7001481.6875,"standard_error":5927.4457796234},"median_abs_dev":{"confidence_interval":{"confidence_level":0.95,"lower_bound":38597.34749444765,"upper_bound":79956.71387610942},"point_estimate":53707.27670900524,"standard_error":10906.809416181412},"slope":null,"std_dev":{"confidence_interval":{"confidence_level":0.95,"lower_bound":99237.90443317422,"upper_bound":143627.27541612767},"point_estimate":123859.65664901781,"standard_error":11347.426987907376}}