{"mean":{"confidence_interval":{"confidence_level":0.95,"lower_bound":4487651.650833333,"upper_bound":4498125.939520833},"point_estimate":4492459.095833333,"standard_error":2672.1341274306387},"median":{"confidence_interval":{"confidence_level":0.95,"lower_bound":4485258.75,"upper_bound":4494269.458333333},"point_estimate":4489268.416666667,"standard_error":2243.169514147708},"median_abs_dev":{"confidence_interval":{"confidence_level":0.95,"lower_bound":15560.62802374501,"upper_bound":23755.69937825203},"point_estimate":19409.642880409956,"standard_error":2116.464988900202},"slope":null,"std_dev":{"confidence_interval":{"confidence_level":0.95,"lower_bound":16640.409480324488,"upper_bound":37695.35591823502},"point_estimate":26872.423029258756,"standard_error":5772.703144384612}}