{"mean":{"confidence_interval":{"confidence_level":0.95,"lower_bound":4420266.063000001,"upper_bound":4432893.963333336},"point_estimate":4425993.688333333,"standard_error":3224.6264125117755},"median":{"confidence_interval":{"confidence_level":0.95,"lower_bound":4416821.5,"upper_bound":4423227.291666667},"point_estimate":4419144.791666667,"standard_error":1896.2201071985285},"median_abs_dev":{"confidence_interval":{"confidence_level":0.95,"lower_bound":12829.30822223425,"upper_bound":22883.00396874616},"point_estimate":17346.41969203949,"standard_error":2513.611797917826},"slope":null,"std_dev":{"confidence_interval":{"confidence_level":0.95,"lower_bound":17511.246816300805,"upper_bound":45394.92980775568},"point_estimate":32442.549636192754,"standard_error":7423.710243606429}}