{"mean":{"confidence_interval":{"confidence_level":0.95,"lower_bound":4421561.896499999,"upper_bound":4429856.472729168},"point_estimate":4425306.863333333,"standard_error":2124.89642411972},"median":{"confidence_interval":{"confidence_level":0.95,"lower_bound":4420826.958333334,"upper_bound":4425501.083333333},"point_estimate":4423239.041666666,"standard_error":1330.1885039402966},"median_abs_dev":{"confidence_interval":{"confidence_level":0.95,"lower_bound":8033.344407380087,"upper_bound":14847.497436404228},"point_estimate":10778.131158650613,"standard_error":1717.5549032559363},"slope":null,"std_dev":{"confidence_interval":{"confidence_level":0.95,"lower_bound":11426.923694811136,"upper_bound":31178.037333046854},"point_estimate":21368.200940122275,"standard_error":5365.205033111385}}