{"mean":{"confidence_interval":{"confidence_level":0.95,"lower_bound":4511739.211666666,"upper_bound":4519699.466708331},"point_estimate":4515602.406666669,"standard_error":2032.083163772014},"median":{"confidence_interval":{"confidence_level":0.95,"lower_bound":4505376.083333333,"upper_bound":4512832.333333333},"point_estimate":4509756.416666666,"standard_error":2231.8198435847994},"median_abs_dev":{"confidence_interval":{"confidence_level":0.95,"lower_bound":10286.896367370851,"upper_bound":20354.059063643217},"point_estimate":16127.846063673036,"standard_error":2543.050296010676},"slope":null,"std_dev":{"confidence_interval":{"confidence_level":0.95,"lower_bound":17032.352116795224,"upper_bound":23267.16135316041},"point_estimate":20389.365307844786,"standard_error":1595.8656300690618}}