{"mean":{"confidence_interval":{"confidence_level":0.95,"lower_bound":4057537.132461539,"upper_bound":4090141.863134618},"point_estimate":4071183.5992307705,"standard_error":8463.244684894717},"median":{"confidence_interval":{"confidence_level":0.95,"lower_bound":4052371.769230769,"upper_bound":4056430.5384615385},"point_estimate":4054264.269230769,"standard_error":1196.3003576279307},"median_abs_dev":{"confidence_interval":{"confidence_level":0.95,"lower_bound":6168.817651828207,"upper_bound":11280.818084340908},"point_estimate":9042.719377920806,"standard_error":1396.3261916032507},"slope":null,"std_dev":{"confidence_interval":{"confidence_level":0.95,"lower_bound":21530.161221312555,"upper_bound":134381.0524145451},"point_estimate":85083.77407939683,"standard_error":30217.476136480942}}