{"mean":{"confidence_interval":{"confidence_level":0.95,"lower_bound":4391140.182729167,"upper_bound":4398035.122645832},"point_estimate":4394477.414166666,"standard_error":1759.1778365446996},"median":{"confidence_interval":{"confidence_level":0.95,"lower_bound":4389158.0,"upper_bound":4396780.125},"point_estimate":4392666.958333333,"standard_error":2140.255936969358},"median_abs_dev":{"confidence_interval":{"confidence_level":0.95,"lower_bound":11537.654770166142,"upper_bound":19548.698402940307},"point_estimate":14193.917948008044,"standard_error":2093.008779658647},"slope":null,"std_dev":{"confidence_interval":{"confidence_level":0.95,"lower_bound":13860.888080266393,"upper_bound":21434.421407079662},"point_estimate":17675.529586678203,"standard_error":1954.9669291788698}}