{"mean":{"confidence_interval":{"confidence_level":0.95,"lower_bound":4371463.244291668,"upper_bound":4396655.673125001},"point_estimate":4381055.519166667,"standard_error":6833.844807327525},"median":{"confidence_interval":{"confidence_level":0.95,"lower_bound":4367317.625,"upper_bound":4374350.833333333},"point_estimate":4370145.875,"standard_error":1920.159527036262},"median_abs_dev":{"confidence_interval":{"confidence_level":0.95,"lower_bound":11487.06104606436,"upper_bound":20166.077741981473},"point_estimate":15811.37274429202,"standard_error":2206.6591664978464},"slope":null,"std_dev":{"confidence_interval":{"confidence_level":0.95,"lower_bound":17603.43449378235,"upper_bound":114246.37709478485},"point_estimate":68558.4338483472,"standard_error":32979.60126882489}}