{"mean":{"confidence_interval":{"confidence_level":0.95,"lower_bound":4439248.971020833,"upper_bound":4445144.968166667},"point_estimate":4442150.65,"standard_error":1503.9775052019309},"median":{"confidence_interval":{"confidence_level":0.95,"lower_bound":4438403.583333333,"upper_bound":4443488.083333333},"point_estimate":4440846.875,"standard_error":1326.4487227137608},"median_abs_dev":{"confidence_interval":{"confidence_level":0.95,"lower_bound":9014.94913995266,"upper_bound":18224.398408328143},"point_estimate":13152.947441488965,"standard_error":2476.325451637965},"slope":null,"std_dev":{"confidence_interval":{"confidence_level":0.95,"lower_bound":12772.362772739987,"upper_bound":17303.50540371302},"point_estimate":15149.54849517779,"standard_error":1159.492248183102}}