{"mean":{"confidence_interval":{"confidence_level":0.95,"lower_bound":4455129.831375,"upper_bound":4466354.547958334},"point_estimate":4460162.056666667,"standard_error":2885.249209608213},"median":{"confidence_interval":{"confidence_level":0.95,"lower_bound":4450452.083333333,"upper_bound":4456750.5},"point_estimate":4454566.625,"standard_error":1868.5552289656162},"median_abs_dev":{"confidence_interval":{"confidence_level":0.95,"lower_bound":9029.219164700007,"upper_bound":17692.534200270144},"point_estimate":13381.206062436104,"standard_error":2196.3914475759148},"slope":null,"std_dev":{"confidence_interval":{"confidence_level":0.95,"lower_bound":14262.524974178637,"upper_bound":41315.91508024149},"point_estimate":28939.35432886337,"standard_error":7257.944886498793}}