{"mean":{"confidence_interval":{"confidence_level":0.95,"lower_bound":4380904.145125001,"upper_bound":4390921.458916667},"point_estimate":4385427.5775,"standard_error":2556.7601005337683},"median":{"confidence_interval":{"confidence_level":0.95,"lower_bound":4378107.666666667,"upper_bound":4386486.0},"point_estimate":4380680.291666666,"standard_error":2025.142167616824},"median_abs_dev":{"confidence_interval":{"confidence_level":0.95,"lower_bound":11277.149599790113,"upper_bound":18580.251745135512},"point_estimate":14830.756411701672,"standard_error":1782.9491005935752},"slope":null,"std_dev":{"confidence_interval":{"confidence_level":0.95,"lower_bound":15664.94454937294,"upper_bound":36652.64897954456},"point_estimate":25538.366751614372,"standard_error":6236.404320670458}}