{"mean":{"confidence_interval":{"confidence_level":0.95,"lower_bound":4476825.945729167,"upper_bound":4484059.252208333},"point_estimate":4480226.965000001,"standard_error":1844.0918440337703},"median":{"confidence_interval":{"confidence_level":0.95,"lower_bound":4473903.416666666,"upper_bound":4481277.166666667},"point_estimate":4476056.166666666,"standard_error":1955.941766666728},"median_abs_dev":{"confidence_interval":{"confidence_level":0.95,"lower_bound":8881.885792313626,"upper_bound":15909.965642543028},"point_estimate":12286.491306870485,"standard_error":1768.2715880817052},"slope":null,"std_dev":{"confidence_interval":{"confidence_level":0.95,"lower_bound":11985.690550734824,"upper_bound":24867.605300456664},"point_estimate":18526.13290283486,"standard_error":3375.058175195571}}