{"mean":{"confidence_interval":{"confidence_level":0.95,"lower_bound":-0.05103315162463148,"upper_bound":-0.04952158826391674},"point_estimate":-0.050277439821957426,"standard_error":0.0003861881410429681},"median":{"confidence_interval":{"confidence_level":0.95,"lower_bound":-0.05103854133112462,"upper_bound":-0.04955403655600906},"point_estimate":-0.050430179411883325,"standard_error":0.00037915039646754345}}