{"mean":{"confidence_interval":{"confidence_level":0.95,"lower_bound":0.0075327789280839,"upper_bound":0.009860675108644208},"point_estimate":0.008605437433485852,"standard_error":0.000592961951932206},"median":{"confidence_interval":{"confidence_level":0.95,"lower_bound":0.007216263674002077,"upper_bound":0.008933058737273347},"point_estimate":0.007898712570626687,"standard_error":0.0004381290675459972}}