{"mean":{"confidence_interval":{"confidence_level":0.95,"lower_bound":-0.015216906737276966,"upper_bound":-0.012167672440969293},"point_estimate":-0.013786873883975148,"standard_error":0.0007809950050104869},"median":{"confidence_interval":{"confidence_level":0.95,"lower_bound":-0.014556101708943218,"upper_bound":-0.01184526863615809},"point_estimate":-0.012927491072158848,"standard_error":0.0007058242492937009}}