{"mean":{"confidence_interval":{"confidence_level":0.95,"lower_bound":-0.0010272009048368001,"upper_bound":0.01140212018300433},"point_estimate":0.0035676730598726003,"standard_error":0.0036337952950234336},"median":{"confidence_interval":{"confidence_level":0.95,"lower_bound":-0.0019656191280444935,"upper_bound":0.0003653112791901503},"point_estimate":-0.001261126697696402,"standard_error":0.0005299392306809336}}