{"mean":{"confidence_interval":{"confidence_level":0.95,"lower_bound":-0.009018304806100655,"upper_bound":0.00041732812003076285},"point_estimate":-0.006156132496192179,"standard_error":0.002401780638204599},"median":{"confidence_interval":{"confidence_level":0.95,"lower_bound":-0.009259918562355645,"upper_bound":-0.007584559134984126},"point_estimate":-0.008407707394896602,"standard_error":0.0004386424646108477}}