{"mean":{"confidence_interval":{"confidence_level":0.95,"lower_bound":0.01560025356637491,"upper_bound":0.021131736439974826},"point_estimate":0.0183338310028609,"standard_error":0.001425350430077572},"median":{"confidence_interval":{"confidence_level":0.95,"lower_bound":0.01187619691652908,"upper_bound":0.014591670372462673},"point_estimate":0.012909897966243422,"standard_error":0.0008195236784986255}}