{"mean":{"confidence_interval":{"confidence_level":0.95,"lower_bound":0.01413483417263991,"upper_bound":0.01603248665357862},"point_estimate":0.015110703898274291,"standard_error":0.0004898657563239855},"median":{"confidence_interval":{"confidence_level":0.95,"lower_bound":0.01365803351478534,"upper_bound":0.016702049576226136},"point_estimate":0.014883960343935243,"standard_error":0.0008462542195479035}}