{"mean":{"confidence_interval":{"confidence_level":0.95,"lower_bound":0.01566637236278101,"upper_bound":0.017508202251248096},"point_estimate":0.01660595200639081,"standard_error":0.00047337344074217043},"median":{"confidence_interval":{"confidence_level":0.95,"lower_bound":0.015348624582529048,"upper_bound":0.016965291154005913},"point_estimate":0.016083210171996765,"standard_error":0.00041347061722321577}}