{"mean":{"confidence_interval":{"confidence_level":0.95,"lower_bound":0.03805446754759867,"upper_bound":0.03981660872458666},"point_estimate":0.03893147555588605,"standard_error":0.00044936805729815316},"median":{"confidence_interval":{"confidence_level":0.95,"lower_bound":0.03776964443620079,"upper_bound":0.039952721996557854},"point_estimate":0.038946124045214026,"standard_error":0.000568545952888903}}