{"mean":{"confidence_interval":{"confidence_level":0.95,"lower_bound":-0.026173438837108154,"upper_bound":-0.02484184640392791},"point_estimate":-0.025464116203357756,"standard_error":0.00033974407160500063},"median":{"confidence_interval":{"confidence_level":0.95,"lower_bound":-0.02603188423648728,"upper_bound":-0.02481827451496965},"point_estimate":-0.025340068717367492,"standard_error":0.00031343665141384414}}