{"mean":{"confidence_interval":{"confidence_level":0.95,"lower_bound":-0.14517753477280856,"upper_bound":-0.1403490018357469},"point_estimate":-0.14299449900374794,"standard_error":0.0012572972535040586},"median":{"confidence_interval":{"confidence_level":0.95,"lower_bound":-0.14882314554120413,"upper_bound":-0.14297321501415194},"point_estimate":-0.14711276819192476,"standard_error":0.00158096164237677}}