{"mean":{"confidence_interval":{"confidence_level":0.95,"lower_bound":-0.0480282950941618,"upper_bound":-0.04564586073013408},"point_estimate":-0.04685577794683016,"standard_error":0.0006224811545185085},"median":{"confidence_interval":{"confidence_level":0.95,"lower_bound":-0.04857042231967368,"upper_bound":-0.046255432552780015},"point_estimate":-0.04757862567667803,"standard_error":0.0005735434550086545}}