{"mean":{"confidence_interval":{"confidence_level":0.95,"lower_bound":-0.006183992275631936,"upper_bound":0.003413034269763413},"point_estimate":-0.0016148577934527175,"standard_error":0.0024755334650764394},"median":{"confidence_interval":{"confidence_level":0.95,"lower_bound":-0.007306322109648137,"upper_bound":0.00041451444513374014},"point_estimate":-0.004442525520671925,"standard_error":0.0021417640892225235}}