{"mean":{"confidence_interval":{"confidence_level":0.95,"lower_bound":-0.01829291538479337,"upper_bound":-0.016058363712485996},"point_estimate":-0.017208747691023096,"standard_error":0.0005775428433901227},"median":{"confidence_interval":{"confidence_level":0.95,"lower_bound":-0.018869165266833486,"upper_bound":-0.016513816881359555},"point_estimate":-0.017709969845539075,"standard_error":0.0005906863649328914}}