{"mean":{"confidence_interval":{"confidence_level":0.95,"lower_bound":0.026175438642217143,"upper_bound":0.028524669834582954},"point_estimate":0.027288141305819025,"standard_error":0.0006072671906633037},"median":{"confidence_interval":{"confidence_level":0.95,"lower_bound":0.0254392991516601,"upper_bound":0.02688566168890061},"point_estimate":0.026236293347225326,"standard_error":0.00037287839650667617}}