{"mean":{"confidence_interval":{"confidence_level":0.95,"lower_bound":0.014549504793282065,"upper_bound":0.01650860782408642},"point_estimate":0.015520329917726672,"standard_error":0.0004984916056320678},"median":{"confidence_interval":{"confidence_level":0.95,"lower_bound":0.014208944796047396,"upper_bound":0.01609326275744071},"point_estimate":0.01513167808368343,"standard_error":0.0005181199104952054}}