{"mean":{"confidence_interval":{"confidence_level":0.95,"lower_bound":0.010331541433371278,"upper_bound":0.014304738340117307},"point_estimate":0.012061284502890013,"standard_error":0.0010145816306075498},"median":{"confidence_interval":{"confidence_level":0.95,"lower_bound":0.009409824126214827,"upper_bound":0.011155501656946676},"point_estimate":0.01010140898037637,"standard_error":0.00045870026033552054}}