{"mean":{"confidence_interval":{"confidence_level":0.95,"lower_bound":-0.14105936943256422,"upper_bound":-0.13926097000755908},"point_estimate":-0.1401921736228522,"standard_error":0.0004627784058475051},"median":{"confidence_interval":{"confidence_level":0.95,"lower_bound":-0.14129652138908622,"upper_bound":-0.1401903240035485},"point_estimate":-0.14080815597216412,"standard_error":0.0002863570018557144}}