{"mean":{"confidence_interval":{"confidence_level":0.95,"lower_bound":-0.004049591521014898,"upper_bound":-0.0026039320403981117},"point_estimate":-0.0033239839542402727,"standard_error":0.00036731999479055983},"median":{"confidence_interval":{"confidence_level":0.95,"lower_bound":-0.003972123338991165,"upper_bound":-0.0028232385468935917},"point_estimate":-0.0034458495288696156,"standard_error":0.00029129107481489565}}