{"mean":{"confidence_interval":{"confidence_level":0.95,"lower_bound":0.011654567802308956,"upper_bound":0.013277376017902026},"point_estimate":0.012487718750380905,"standard_error":0.0004161162468732332},"median":{"confidence_interval":{"confidence_level":0.95,"lower_bound":0.011708320413261999,"upper_bound":0.013613681878384076},"point_estimate":0.012546937059909613,"standard_error":0.0004717217584263252}}