{"mean":{"confidence_interval":{"confidence_level":0.95,"lower_bound":-0.22039918708925163,"upper_bound":-0.21597648777209608},"point_estimate":-0.2180220389013937,"standard_error":0.0011200712329383594},"median":{"confidence_interval":{"confidence_level":0.95,"lower_bound":-0.21794103330829784,"upper_bound":-0.21710754204247829},"point_estimate":-0.21756943911062887,"standard_error":0.00021338758020752}}