{"mean":{"confidence_interval":{"confidence_level":0.95,"lower_bound":0.022137253890057135,"upper_bound":0.02743295403337159},"point_estimate":0.025108816164473913,"standard_error":0.0013643696507941402},"median":{"confidence_interval":{"confidence_level":0.95,"lower_bound":0.026829067691001462,"upper_bound":0.028066196439148428},"point_estimate":0.027497418601961643,"standard_error":0.00031420161132440593}}