{"mean":{"confidence_interval":{"confidence_level":0.95,"lower_bound":0.011118643597403244,"upper_bound":0.01642575957836398},"point_estimate":0.01406964698023594,"standard_error":0.0013621126089120347},"median":{"confidence_interval":{"confidence_level":0.95,"lower_bound":0.014542557871329853,"upper_bound":0.01653066331098141},"point_estimate":0.015134195431044217,"standard_error":0.0005591786423591724}}