{"mean":{"confidence_interval":{"confidence_level":0.95,"lower_bound":0.32365528062889265,"upper_bound":0.3314861112925978},"point_estimate":0.32781924188668743,"standard_error":0.001997624740743561},"median":{"confidence_interval":{"confidence_level":0.95,"lower_bound":0.3245816676894182,"upper_bound":0.3317351272187082},"point_estimate":0.32739242969246707,"standard_error":0.0017988548760801235}}