{"mean":{"confidence_interval":{"confidence_level":0.95,"lower_bound":-0.21366721649022483,"upper_bound":-0.208411235296175},"point_estimate":-0.2110672043623606,"standard_error":0.0013369612377916978},"median":{"confidence_interval":{"confidence_level":0.95,"lower_bound":-0.2110997426281227,"upper_bound":-0.21000729245774186},"point_estimate":-0.21047907180080716,"standard_error":0.0002892079981168345}}