{"mean":{"confidence_interval":{"confidence_level":0.95,"lower_bound":-0.22358276634879484,"upper_bound":-0.21798478049140654},"point_estimate":-0.2207940338147042,"standard_error":0.001407817390596288},"median":{"confidence_interval":{"confidence_level":0.95,"lower_bound":-0.2215735392365078,"upper_bound":-0.22051908695165473},"point_estimate":-0.22108685241652581,"standard_error":0.0002788346500826159}}