{"mean":{"confidence_interval":{"confidence_level":0.95,"lower_bound":-0.07879794068363392,"upper_bound":-0.0730466861098913},"point_estimate":-0.07592159685428812,"standard_error":0.0014642954652228561},"median":{"confidence_interval":{"confidence_level":0.95,"lower_bound":-0.07705412833854908,"upper_bound":-0.07633552701171908},"point_estimate":-0.07659174566674853,"standard_error":0.00018434121297718691}}