{"mean":{"confidence_interval":{"confidence_level":0.95,"lower_bound":0.01931435039939596,"upper_bound":0.02478088329940944},"point_estimate":0.022343953362628177,"standard_error":0.0013963657766742131},"median":{"confidence_interval":{"confidence_level":0.95,"lower_bound":0.02287748322789329,"upper_bound":0.02422133273941407},"point_estimate":0.023592116686868003,"standard_error":0.0003351647573450837}}