{"mean":{"confidence_interval":{"confidence_level":0.95,"lower_bound":-0.22524575805955488,"upper_bound":-0.22068225165709396},"point_estimate":-0.2228812619229673,"standard_error":0.001152617647672889},"median":{"confidence_interval":{"confidence_level":0.95,"lower_bound":-0.22278307866489622,"upper_bound":-0.22182193492720736},"point_estimate":-0.22234691884330482,"standard_error":0.0002489500704098008}}