{"mean":{"confidence_interval":{"confidence_level":0.95,"lower_bound":-0.2280370327771923,"upper_bound":-0.22230421156429891},"point_estimate":-0.2252493596573355,"standard_error":0.0014430333157719607},"median":{"confidence_interval":{"confidence_level":0.95,"lower_bound":-0.22632586795223786,"upper_bound":-0.22530584450546864},"point_estimate":-0.22584991211491334,"standard_error":0.000274284243565553}}