{"mean":{"confidence_interval":{"confidence_level":0.95,"lower_bound":-0.21732139138884873,"upper_bound":-0.21180784358456345},"point_estimate":-0.2147072698181256,"standard_error":0.0013732698379366286},"median":{"confidence_interval":{"confidence_level":0.95,"lower_bound":-0.21465337760142233,"upper_bound":-0.21364295762485855},"point_estimate":-0.21429835921728002,"standard_error":0.0002519828764149822}}