{"mean":{"confidence_interval":{"confidence_level":0.95,"lower_bound":0.014263589878607465,"upper_bound":0.021710660389440136},"point_estimate":0.017832501214148033,"standard_error":0.0018921966397069823},"median":{"confidence_interval":{"confidence_level":0.95,"lower_bound":0.017788848232505483,"upper_bound":0.01908702186613409},"point_estimate":0.018424060717488366,"standard_error":0.0003188951247102286}}