{"mean":{"confidence_interval":{"confidence_level":0.95,"lower_bound":-0.05079016347238043,"upper_bound":-0.041936605622329176},"point_estimate":-0.04672474595679821,"standard_error":0.0022613407761296416},"median":{"confidence_interval":{"confidence_level":0.95,"lower_bound":-0.050422702805216324,"upper_bound":-0.04931804184716704},"point_estimate":-0.04975331886369749,"standard_error":0.0002999774246457082}}