{"mean":{"confidence_interval":{"confidence_level":0.95,"lower_bound":0.31045294920105315,"upper_bound":0.31757826891818475},"point_estimate":0.314299487148489,"standard_error":0.0018201189720385023},"median":{"confidence_interval":{"confidence_level":0.95,"lower_bound":0.315469645659036,"upper_bound":0.31700629315833506},"point_estimate":0.3160996834883847,"standard_error":0.0003876411256124854}}