{"mean":{"confidence_interval":{"confidence_level":0.95,"lower_bound":-0.009490073001900926,"upper_bound":-0.004414505107654249},"point_estimate":-0.006734806177730368,"standard_error":0.0013031814258317213},"median":{"confidence_interval":{"confidence_level":0.95,"lower_bound":-0.005787257727317252,"upper_bound":-0.0046500970037302025},"point_estimate":-0.005340170343025918,"standard_error":0.00029592286703567595}}