{"mean":{"confidence_interval":{"confidence_level":0.95,"lower_bound":0.3307207791979502,"upper_bound":0.33736533327486734},"point_estimate":0.334506070276821,"standard_error":0.0017161981808436},"median":{"confidence_interval":{"confidence_level":0.95,"lower_bound":0.33537295970722747,"upper_bound":0.3371015470117582},"point_estimate":0.33628126546893866,"standard_error":0.00044234639818215634}}