{"mean":{"confidence_interval":{"confidence_level":0.95,"lower_bound":-0.22232911528081692,"upper_bound":-0.2167640331998002},"point_estimate":-0.21949937577668355,"standard_error":0.0014282110615662879},"median":{"confidence_interval":{"confidence_level":0.95,"lower_bound":-0.22029050241832449,"upper_bound":-0.21939531450600536},"point_estimate":-0.21978818195734628,"standard_error":0.00022282365291380392}}