{"mean":{"confidence_interval":{"confidence_level":0.95,"lower_bound":-0.21868237140046035,"upper_bound":-0.21256134504834778},"point_estimate":-0.21566330291984503,"standard_error":0.0015492425521639608},"median":{"confidence_interval":{"confidence_level":0.95,"lower_bound":-0.2167483369440255,"upper_bound":-0.21600659925479893},"point_estimate":-0.21638347171491656,"standard_error":0.0001905076466743781}}