{"mean":{"confidence_interval":{"confidence_level":0.95,"lower_bound":-0.06409565939276374,"upper_bound":-0.06023603363784064},"point_estimate":-0.06186801851831958,"standard_error":0.000991236886476094},"median":{"confidence_interval":{"confidence_level":0.95,"lower_bound":-0.06140977143210147,"upper_bound":-0.06048543830313746},"point_estimate":-0.06085808327139908,"standard_error":0.00023786420706118857}}