{"mean":{"confidence_interval":{"confidence_level":0.95,"lower_bound":0.224935513576162,"upper_bound":0.23392561016092425},"point_estimate":0.2290049709425519,"standard_error":0.002243639540607352},"median":{"confidence_interval":{"confidence_level":0.95,"lower_bound":0.22914675986531163,"upper_bound":0.23024183686320543},"point_estimate":0.22968489054221353,"standard_error":0.0002802107387736836}}