{"mean":{"confidence_interval":{"confidence_level":0.95,"lower_bound":0.0072212916070896836,"upper_bound":0.017010506885257938},"point_estimate":0.011616604739873582,"standard_error":0.002523203417874559},"median":{"confidence_interval":{"confidence_level":0.95,"lower_bound":0.009028192802982084,"upper_bound":0.01022325908013122},"point_estimate":0.009596237518928463,"standard_error":0.0002988303524785419}}