{"mean":{"confidence_interval":{"confidence_level":0.95,"lower_bound":-0.22988167434590348,"upper_bound":-0.22410391609896668},"point_estimate":-0.22712667686640753,"standard_error":0.0014570245173532198},"median":{"confidence_interval":{"confidence_level":0.95,"lower_bound":-0.22751416797305885,"upper_bound":-0.2266703355392267},"point_estimate":-0.22708617750697946,"standard_error":0.00021463504081065994}}