{"mean":{"confidence_interval":{"confidence_level":0.95,"lower_bound":8804401.702208323,"upper_bound":8854887.801791666},"point_estimate":8829271.778333334,"standard_error":12898.089275558437},"median":{"confidence_interval":{"confidence_level":0.95,"lower_bound":8799125.5,"upper_bound":8855677.5},"point_estimate":8823754.833333332,"standard_error":11881.456905239902},"median_abs_dev":{"confidence_interval":{"confidence_level":0.95,"lower_bound":97496.76266908554,"upper_bound":172812.10003196963},"point_estimate":139379.96482551098,"standard_error":19107.045391226588},"slope":null,"std_dev":{"confidence_interval":{"confidence_level":0.95,"lower_bound":111727.35145492887,"upper_bound":145666.70145590516},"point_estimate":129517.38818582673,"standard_error":8662.417958954016}}