{"mean":{"confidence_interval":{"confidence_level":0.95,"lower_bound":7523565.304357142,"upper_bound":7583039.748142856},"point_estimate":7553262.0014285715,"standard_error":15155.759960415344},"median":{"confidence_interval":{"confidence_level":0.95,"lower_bound":7506306.714285715,"upper_bound":7583878.0},"point_estimate":7545907.214285715,"standard_error":21066.22998497463},"median_abs_dev":{"confidence_interval":{"confidence_level":0.95,"lower_bound":125196.52126981817,"upper_bound":205437.94795274734},"point_estimate":175387.5526862488,"standard_error":21327.100538658924},"slope":null,"std_dev":{"confidence_interval":{"confidence_level":0.95,"lower_bound":134081.13970647947,"upper_bound":166988.49142092303},"point_estimate":151853.46767704928,"standard_error":8408.965222705929}}