{"mean":{"confidence_interval":{"confidence_level":0.95,"lower_bound":7474439.741892859,"upper_bound":7508913.124392852},"point_estimate":7491032.405714287,"standard_error":8831.988794834127},"median":{"confidence_interval":{"confidence_level":0.95,"lower_bound":7443200.285714285,"upper_bound":7474434.214285715},"point_estimate":7460764.5,"standard_error":8263.923369829878},"median_abs_dev":{"confidence_interval":{"confidence_level":0.95,"lower_bound":36309.82645537221,"upper_bound":76476.31904227452},"point_estimate":55003.1882234987,"standard_error":9966.936124940217},"slope":null,"std_dev":{"confidence_interval":{"confidence_level":0.95,"lower_bound":72402.27070412433,"upper_bound":102750.09416108718},"point_estimate":88761.28783233138,"standard_error":7753.333309599637}}