{"mean":{"confidence_interval":{"confidence_level":0.95,"lower_bound":7976410.587714286,"upper_bound":7996717.547642859},"point_estimate":7986585.818571432,"standard_error":5187.30256457574},"median":{"confidence_interval":{"confidence_level":0.95,"lower_bound":7976916.571428572,"upper_bound":8000869.571428572},"point_estimate":7989473.357142857,"standard_error":5763.409457905667},"median_abs_dev":{"confidence_interval":{"confidence_level":0.95,"lower_bound":36751.4294475317,"upper_bound":64757.213450329444},"point_estimate":52061.70987571969,"standard_error":7080.883909984572},"slope":null,"std_dev":{"confidence_interval":{"confidence_level":0.95,"lower_bound":45170.44848102582,"upper_bound":58108.93968891553},"point_estimate":52045.17876479232,"standard_error":3304.562459873463}}