{"mean":{"confidence_interval":{"confidence_level":0.95,"lower_bound":6823822.3875625,"upper_bound":6840023.6635},"point_estimate":6831513.23625,"standard_error":4117.135231493485},"median":{"confidence_interval":{"confidence_level":0.95,"lower_bound":6817966.125,"upper_bound":6840203.0},"point_estimate":6830755.875,"standard_error":5086.781156356314},"median_abs_dev":{"confidence_interval":{"confidence_level":0.95,"lower_bound":28094.89885121584,"upper_bound":43978.84718078188},"point_estimate":35730.10339066386,"standard_error":4106.665207125151},"slope":null,"std_dev":{"confidence_interval":{"confidence_level":0.95,"lower_bound":29711.979553235757,"upper_bound":55510.50315571923},"point_estimate":41350.09119816875,"standard_error":7368.782906763068}}