{"mean":{"confidence_interval":{"confidence_level":0.95,"lower_bound":7885333.220607144,"upper_bound":7891829.717107143},"point_estimate":7888484.852857144,"standard_error":1657.6866977824532},"median":{"confidence_interval":{"confidence_level":0.95,"lower_bound":7881822.142857143,"upper_bound":7890103.142857143},"point_estimate":7886245.285714285,"standard_error":2121.196187831631},"median_abs_dev":{"confidence_interval":{"confidence_level":0.95,"lower_bound":11050.96132380719,"upper_bound":17268.159593429278},"point_estimate":14157.241248658824,"standard_error":1573.8140485081592},"slope":null,"std_dev":{"confidence_interval":{"confidence_level":0.95,"lower_bound":13397.763432411044,"upper_bound":19762.575086359593},"point_estimate":16730.96297307401,"standard_error":1622.8982035821066}}