{"mean":{"confidence_interval":{"confidence_level":0.95,"lower_bound":8426191.410833335,"upper_bound":8438345.501166666},"point_estimate":8431650.136666667,"standard_error":3110.820512642543},"median":{"confidence_interval":{"confidence_level":0.95,"lower_bound":8421897.333333334,"upper_bound":8429398.416666668},"point_estimate":8425676.583333334,"standard_error":1990.1417897469614},"median_abs_dev":{"confidence_interval":{"confidence_level":0.95,"lower_bound":12587.397326529946,"upper_bound":23230.364787577662},"point_estimate":16751.40290260361,"standard_error":2646.07663524397},"slope":null,"std_dev":{"confidence_interval":{"confidence_level":0.95,"lower_bound":18244.919199793774,"upper_bound":45863.55777340851},"point_estimate":31307.413318008803,"standard_error":8434.28370035643}}