{"mean":{"confidence_interval":{"confidence_level":0.95,"lower_bound":6796826.738093751,"upper_bound":6817347.2996875},"point_estimate":6806897.505,"standard_error":5218.2038807685385},"median":{"confidence_interval":{"confidence_level":0.95,"lower_bound":6787425.0625,"upper_bound":6810711.3125},"point_estimate":6800481.5,"standard_error":6635.756017191216},"median_abs_dev":{"confidence_interval":{"confidence_level":0.95,"lower_bound":46107.46924392879,"upper_bound":72099.85600747168},"point_estimate":58786.20090633631,"standard_error":6607.513860516},"slope":null,"std_dev":{"confidence_interval":{"confidence_level":0.95,"lower_bound":45514.07663738758,"upper_bound":58583.073321220174},"point_estimate":52513.141930208614,"standard_error":3340.7528854175384}}