{"mean":{"confidence_interval":{"confidence_level":0.95,"lower_bound":7382120.438178568,"upper_bound":7402026.825857141},"point_estimate":7392041.661428571,"standard_error":5082.229005771568},"median":{"confidence_interval":{"confidence_level":0.95,"lower_bound":7378368.714285715,"upper_bound":7402153.285714285},"point_estimate":7392896.571428571,"standard_error":6747.491034571719},"median_abs_dev":{"confidence_interval":{"confidence_level":0.95,"lower_bound":36920.55174452839,"upper_bound":63885.23286580901},"point_estimate":48026.91994735074,"standard_error":6562.9804385421285},"slope":null,"std_dev":{"confidence_interval":{"confidence_level":0.95,"lower_bound":43451.49935749032,"upper_bound":58423.48924515594},"point_estimate":51122.216687149805,"standard_error":3831.7017079969514}}