{"mean":{"confidence_interval":{"confidence_level":0.95,"lower_bound":7973698.642464287,"upper_bound":7991887.406071428},"point_estimate":7982605.474285712,"standard_error":4638.838931759448},"median":{"confidence_interval":{"confidence_level":0.95,"lower_bound":7961790.285714285,"upper_bound":7985524.142857143},"point_estimate":7971751.357142857,"standard_error":6121.098008730082},"median_abs_dev":{"confidence_interval":{"confidence_level":0.95,"lower_bound":28203.499299287796,"upper_bound":55357.767892203425},"point_estimate":43843.12872162917,"standard_error":7407.863494199408},"slope":null,"std_dev":{"confidence_interval":{"confidence_level":0.95,"lower_bound":38432.3390174487,"upper_bound":54867.659252660196},"point_estimate":46702.70785154343,"standard_error":4217.904981062487}}