{"mean":{"confidence_interval":{"confidence_level":0.95,"lower_bound":7462858.580392854,"upper_bound":7487824.111999997},"point_estimate":7474204.95,"standard_error":6378.971734931034},"median":{"confidence_interval":{"confidence_level":0.95,"lower_bound":7453342.571428571,"upper_bound":7476454.0},"point_estimate":7461025.642857143,"standard_error":5789.723275272507},"median_abs_dev":{"confidence_interval":{"confidence_level":0.95,"lower_bound":32475.928823437403,"upper_bound":51843.555879592896},"point_estimate":42751.8292410037,"standard_error":4785.679544380348},"slope":null,"std_dev":{"confidence_interval":{"confidence_level":0.95,"lower_bound":38385.73405853838,"upper_bound":92130.07562860481},"point_estimate":63926.789601920675,"standard_error":15771.177573034234}}