{"mean":{"confidence_interval":{"confidence_level":0.95,"lower_bound":7423833.196428571,"upper_bound":7449328.525678573},"point_estimate":7435782.784285717,"standard_error":6520.750374168738},"median":{"confidence_interval":{"confidence_level":0.95,"lower_bound":7418262.0,"upper_bound":7437173.0},"point_estimate":7428287.785714285,"standard_error":5008.159146578548},"median_abs_dev":{"confidence_interval":{"confidence_level":0.95,"lower_bound":24184.91207063198,"upper_bound":50237.47650810702},"point_estimate":39065.23850645318,"standard_error":6592.090192526146},"slope":null,"std_dev":{"confidence_interval":{"confidence_level":0.95,"lower_bound":42009.54717135458,"upper_bound":88625.40820985522},"point_estimate":65655.21707973444,"standard_error":12206.004066051137}}