{"mean":{"confidence_interval":{"confidence_level":0.95,"lower_bound":7387642.175571425,"upper_bound":7402329.747392858},"point_estimate":7394919.718571427,"standard_error":3748.784489870999},"median":{"confidence_interval":{"confidence_level":0.95,"lower_bound":7380800.571428572,"upper_bound":7402834.5},"point_estimate":7394667.214285715,"standard_error":5106.607499390003},"median_abs_dev":{"confidence_interval":{"confidence_level":0.95,"lower_bound":28082.032001443484,"upper_bound":43174.53173099843},"point_estimate":33978.96749675274,"standard_error":3833.2344233382873},"slope":null,"std_dev":{"confidence_interval":{"confidence_level":0.95,"lower_bound":32513.208367628675,"upper_bound":42262.40338475027},"point_estimate":37702.970083967186,"standard_error":2490.5459645116193}}