{"mean":{"confidence_interval":{"confidence_level":0.95,"lower_bound":7413672.667107142,"upper_bound":7425367.609785717},"point_estimate":7419454.582857141,"standard_error":2999.2697893198692},"median":{"confidence_interval":{"confidence_level":0.95,"lower_bound":7409279.5,"upper_bound":7425232.142857144},"point_estimate":7416283.357142857,"standard_error":4764.704166037015},"median_abs_dev":{"confidence_interval":{"confidence_level":0.95,"lower_bound":20557.442657531952,"upper_bound":34511.538587297415},"point_estimate":25020.039455805112,"standard_error":3727.4698637487177},"slope":null,"std_dev":{"confidence_interval":{"confidence_level":0.95,"lower_bound":25594.040040073378,"upper_bound":34326.24685752416},"point_estimate":30158.634286366996,"standard_error":2229.7634442419403}}