{"mean":{"confidence_interval":{"confidence_level":0.95,"lower_bound":7690751.097928574,"upper_bound":7712071.321964291},"point_estimate":7701360.362857145,"standard_error":5461.546510736966},"median":{"confidence_interval":{"confidence_level":0.95,"lower_bound":7684201.714285715,"upper_bound":7716113.928571429},"point_estimate":7702198.785714285,"standard_error":7323.893484079688},"median_abs_dev":{"confidence_interval":{"confidence_level":0.95,"lower_bound":49542.031220452925,"upper_bound":74582.40347589758},"point_estimate":64284.369958724,"standard_error":6320.37724643554},"slope":null,"std_dev":{"confidence_interval":{"confidence_level":0.95,"lower_bound":48311.330406885965,"upper_bound":61230.821643561074},"point_estimate":55050.839197319954,"standard_error":3301.5546530177985}}