{"mean":{"confidence_interval":{"confidence_level":0.95,"lower_bound":7457546.356535713,"upper_bound":7477560.2562142825},"point_estimate":7467527.151428575,"standard_error":5093.121596760351},"median":{"confidence_interval":{"confidence_level":0.95,"lower_bound":7448356.857142857,"upper_bound":7474553.714285715},"point_estimate":7466069.428571429,"standard_error":6499.177287772229},"median_abs_dev":{"confidence_interval":{"confidence_level":0.95,"lower_bound":35340.20607258572,"upper_bound":63803.04387726821},"point_estimate":48615.30033690648,"standard_error":7428.019869409045},"slope":null,"std_dev":{"confidence_interval":{"confidence_level":0.95,"lower_bound":43580.648757027964,"upper_bound":58116.42131803179},"point_estimate":51137.54493057947,"standard_error":3718.561708353952}}