{"mean":{"confidence_interval":{"confidence_level":0.95,"lower_bound":6783332.4402812505,"upper_bound":6802403.548625},"point_estimate":6791693.025,"standard_error":4889.308725721257},"median":{"confidence_interval":{"confidence_level":0.95,"lower_bound":6784243.25,"upper_bound":6793685.9375},"point_estimate":6790086.0,"standard_error":2697.706141056518},"median_abs_dev":{"confidence_interval":{"confidence_level":0.95,"lower_bound":18190.575052052736,"upper_bound":29407.37047791481},"point_estimate":24609.76962558925,"standard_error":2832.4877592547787},"slope":null,"std_dev":{"confidence_interval":{"confidence_level":0.95,"lower_bound":23945.668781480523,"upper_bound":75768.29735730283},"point_estimate":49491.23420935292,"standard_error":15564.816575699084}}