{"mean":{"confidence_interval":{"confidence_level":0.95,"lower_bound":7453590.298678572,"upper_bound":7478666.386000004},"point_estimate":7465801.564285717,"standard_error":6405.162202898539},"median":{"confidence_interval":{"confidence_level":0.95,"lower_bound":7430430.285714285,"upper_bound":7467504.142857143},"point_estimate":7446307.714285715,"standard_error":8613.532782557939},"median_abs_dev":{"confidence_interval":{"confidence_level":0.95,"lower_bound":43224.00821012118,"upper_bound":76656.5608390738},"point_estimate":60122.394132614136,"standard_error":8171.3493794512315},"slope":null,"std_dev":{"confidence_interval":{"confidence_level":0.95,"lower_bound":54044.74516114868,"upper_bound":73517.8859963061},"point_estimate":64327.938954579,"standard_error":4960.1093428800095}}