{"mean":{"confidence_interval":{"confidence_level":0.95,"lower_bound":7426610.635500003,"upper_bound":7444214.20575},"point_estimate":7435398.6314285705,"standard_error":4487.430992308531},"median":{"confidence_interval":{"confidence_level":0.95,"lower_bound":7427921.142857143,"upper_bound":7450135.571428572},"point_estimate":7438142.357142857,"standard_error":5131.551406660939},"median_abs_dev":{"confidence_interval":{"confidence_level":0.95,"lower_bound":39059.096306562424,"upper_bound":63635.76159273992},"point_estimate":49351.62302383325,"standard_error":6265.768598373208},"slope":null,"std_dev":{"confidence_interval":{"confidence_level":0.95,"lower_bound":39972.98136459758,"upper_bound":49751.470255265085},"point_estimate":45182.95691376467,"standard_error":2493.619687779773}}