{"mean":{"confidence_interval":{"confidence_level":0.95,"lower_bound":6855770.40978125,"upper_bound":6874577.2685625},"point_estimate":6865011.75625,"standard_error":4794.383540636274},"median":{"confidence_interval":{"confidence_level":0.95,"lower_bound":6848644.625,"upper_bound":6873459.0},"point_estimate":6853970.0625,"standard_error":6357.71940179002},"median_abs_dev":{"confidence_interval":{"confidence_level":0.95,"lower_bound":39018.41746978462,"upper_bound":59144.34146247804},"point_estimate":51275.534764677286,"standard_error":5017.755054441509},"slope":null,"std_dev":{"confidence_interval":{"confidence_level":0.95,"lower_bound":40318.533107981086,"upper_bound":55483.228430977084},"point_estimate":48045.42531308215,"standard_error":3895.608563942983}}