{"mean":{"confidence_interval":{"confidence_level":0.95,"lower_bound":7577367.06721429,"upper_bound":7648357.049321429},"point_estimate":7608204.759999998,"standard_error":18323.68121931506},"median":{"confidence_interval":{"confidence_level":0.95,"lower_bound":7563944.785714285,"upper_bound":7575949.928571429},"point_estimate":7567944.928571429,"standard_error":3360.969923406473},"median_abs_dev":{"confidence_interval":{"confidence_level":0.95,"lower_bound":22006.866809300114,"upper_bound":37373.16833649383},"point_estimate":28040.625102179194,"standard_error":4060.949193463787},"slope":null,"std_dev":{"confidence_interval":{"confidence_level":0.95,"lower_bound":64684.1741181891,"upper_bound":275101.50227618054},"point_estimate":183976.51353364156,"standard_error":54433.113354456866}}