{"mean":{"confidence_interval":{"confidence_level":0.95,"lower_bound":7398727.845071427,"upper_bound":7407930.944857144},"point_estimate":7403228.937142856,"standard_error":2348.006384419804},"median":{"confidence_interval":{"confidence_level":0.95,"lower_bound":7394423.571428572,"upper_bound":7405660.0},"point_estimate":7400218.857142857,"standard_error":2971.133192318982},"median_abs_dev":{"confidence_interval":{"confidence_level":0.95,"lower_bound":17521.15468893752,"upper_bound":28672.318590964984},"point_estimate":24508.860164881444,"standard_error":2811.5712721924137},"slope":null,"std_dev":{"confidence_interval":{"confidence_level":0.95,"lower_bound":19290.874167783713,"upper_bound":28460.024972903975},"point_estimate":23608.122041096103,"standard_error":2400.973328539171}}