{"mean":{"confidence_interval":{"confidence_level":0.95,"lower_bound":6729722.73540625,"upper_bound":6740547.5301875},"point_estimate":6735053.20125,"standard_error":2758.9359121544435},"median":{"confidence_interval":{"confidence_level":0.95,"lower_bound":6722968.75,"upper_bound":6739409.5},"point_estimate":6732083.3125,"standard_error":4036.458055927912},"median_abs_dev":{"confidence_interval":{"confidence_level":0.95,"lower_bound":21921.25989831984,"upper_bound":33659.37453992665},"point_estimate":30553.97623255849,"standard_error":2941.1804012383113},"slope":null,"std_dev":{"confidence_interval":{"confidence_level":0.95,"lower_bound":23653.173923606177,"upper_bound":31300.01709453229},"point_estimate":27723.53851081375,"standard_error":1954.6305338508762}}