{"mean":{"confidence_interval":{"confidence_level":0.95,"lower_bound":7999.050296021209,"upper_bound":8032.954496264189},"point_estimate":8011.460171953491,"standard_error":9.644715397630156},"median":{"confidence_interval":{"confidence_level":0.95,"lower_bound":7995.195040107281,"upper_bound":8000.403068049876},"point_estimate":7997.267654052936,"standard_error":1.4534096635259346},"median_abs_dev":{"confidence_interval":{"confidence_level":0.95,"lower_bound":9.004881213579244,"upper_bound":15.48545705855871},"point_estimate":12.235582223033596,"standard_error":1.6920429801355745},"slope":{"confidence_interval":{"confidence_level":0.95,"lower_bound":7992.958999377479,"upper_bound":8006.064410139739},"point_estimate":7998.375205599279,"standard_error":3.4152613590440124},"std_dev":{"confidence_interval":{"confidence_level":0.95,"lower_bound":14.041199230717163,"upper_bound":165.19670026577265},"point_estimate":97.57924430201645,"standard_error":51.607048758666956}}