{"mean":{"confidence_interval":{"confidence_level":0.95,"lower_bound":8279.054976705957,"upper_bound":8302.804310300202},"point_estimate":8289.433046661343,"standard_error":6.098725177135067},"median":{"confidence_interval":{"confidence_level":0.95,"lower_bound":8272.46881910659,"upper_bound":8278.419475006498},"point_estimate":8273.90162064826,"standard_error":1.8447515382412647},"median_abs_dev":{"confidence_interval":{"confidence_level":0.95,"lower_bound":8.040667683840658,"upper_bound":15.178786603042521},"point_estimate":12.549626110425121,"standard_error":1.8438560001818383},"slope":{"confidence_interval":{"confidence_level":0.95,"lower_bound":8279.627790919763,"upper_bound":8316.76041734942},"point_estimate":8295.179253843107,"standard_error":9.699459790375997},"std_dev":{"confidence_interval":{"confidence_level":0.95,"lower_bound":22.211460499745495,"upper_bound":90.3163078308328},"point_estimate":61.282371333472994,"standard_error":17.128734189603165}}