{"mean":{"confidence_interval":{"confidence_level":0.95,"lower_bound":8917.268243482442,"upper_bound":8948.472182874726},"point_estimate":8928.746919966696,"standard_error":8.750320699564702},"median":{"confidence_interval":{"confidence_level":0.95,"lower_bound":8914.23281708675,"upper_bound":8918.889455356875},"point_estimate":8916.645462988763,"standard_error":1.2006488298210596},"median_abs_dev":{"confidence_interval":{"confidence_level":0.95,"lower_bound":8.168157437863359,"upper_bound":14.668183673167535},"point_estimate":11.046069371046931,"standard_error":1.6889456981754656},"slope":{"confidence_interval":{"confidence_level":0.95,"lower_bound":8916.261895458218,"upper_bound":8924.045383172655},"point_estimate":8919.952951299163,"standard_error":1.9842285763081213},"std_dev":{"confidence_interval":{"confidence_level":0.95,"lower_bound":15.383348695801276,"upper_bound":148.48433899377068},"point_estimate":88.03429204111038,"standard_error":45.63219090941073}}