{"mean":{"confidence_interval":{"confidence_level":0.95,"lower_bound":8330.41954100935,"upper_bound":8363.080008807745},"point_estimate":8342.608884549576,"standard_error":9.116360745807569},"median":{"confidence_interval":{"confidence_level":0.95,"lower_bound":8327.383292284781,"upper_bound":8335.514788268249},"point_estimate":8331.301870433019,"standard_error":2.1724097176301416},"median_abs_dev":{"confidence_interval":{"confidence_level":0.95,"lower_bound":12.18025133031241,"upper_bound":22.913026829353615},"point_estimate":17.997952732223922,"standard_error":2.8091044078462333},"slope":{"confidence_interval":{"confidence_level":0.95,"lower_bound":8330.062314468158,"upper_bound":8337.278746776388},"point_estimate":8333.608308461851,"standard_error":1.8419501374476022},"std_dev":{"confidence_interval":{"confidence_level":0.95,"lower_bound":18.366778526296955,"upper_bound":154.08947450084102},"point_estimate":91.55859269958367,"standard_error":46.59538330203}}