{"mean":{"confidence_interval":{"confidence_level":0.95,"lower_bound":-0.004836852161420557,"upper_bound":0.002852872121326244},"point_estimate":-0.0014721761650294818,"standard_error":0.002051477607444141},"median":{"confidence_interval":{"confidence_level":0.95,"lower_bound":-0.004141372830258505,"upper_bound":-0.0016466867575097854},"point_estimate":-0.0029298885183149936,"standard_error":0.0006315582417772785}}