{"mean":{"confidence_interval":{"confidence_level":0.95,"lower_bound":0.007238895642817312,"upper_bound":0.011240828736606832},"point_estimate":0.009287094424817122,"standard_error":0.001018279708487051},"median":{"confidence_interval":{"confidence_level":0.95,"lower_bound":0.008742464154665782,"upper_bound":0.011811527086681428},"point_estimate":0.010569782653369053,"standard_error":0.0007520619778172518}}