{"mean":{"confidence_interval":{"confidence_level":0.95,"lower_bound":-0.026008443690750276,"upper_bound":-0.021388476448417116},"point_estimate":-0.023589231827312096,"standard_error":0.0011909309376622879},"median":{"confidence_interval":{"confidence_level":0.95,"lower_bound":-0.02540421742063164,"upper_bound":-0.020835029977484876},"point_estimate":-0.02270477872421517,"standard_error":0.0012499244909754427}}