{"mean":{"confidence_interval":{"confidence_level":0.95,"lower_bound":-0.028810611589244785,"upper_bound":-0.02458853120658351},"point_estimate":-0.026692028660408984,"standard_error":0.0010716177519785911},"median":{"confidence_interval":{"confidence_level":0.95,"lower_bound":-0.027447889059337593,"upper_bound":-0.02385317784791706},"point_estimate":-0.02575978493166453,"standard_error":0.0009104993569629315}}