{"mean":{"confidence_interval":{"confidence_level":0.95,"lower_bound":0.006458934497978602,"upper_bound":0.010383791359988412},"point_estimate":0.008472604605553435,"standard_error":0.0010000397185964802},"median":{"confidence_interval":{"confidence_level":0.95,"lower_bound":0.007815678513011237,"upper_bound":0.010710826270635687},"point_estimate":0.009487440695731264,"standard_error":0.0007441539775620996}}