{"mean":{"confidence_interval":{"confidence_level":0.95,"lower_bound":-0.031021933377513078,"upper_bound":-0.027189494004540238},"point_estimate":-0.02896949030984819,"standard_error":0.0009791313755582204},"median":{"confidence_interval":{"confidence_level":0.95,"lower_bound":-0.029721846043797684,"upper_bound":-0.026505214717896797},"point_estimate":-0.028371870575758074,"standard_error":0.0008499129312847423}}