{"mean":{"confidence_interval":{"confidence_level":0.95,"lower_bound":0.04017303580565085,"upper_bound":0.04462046152710001},"point_estimate":0.04242830666772868,"standard_error":0.0011298463663899914},"median":{"confidence_interval":{"confidence_level":0.95,"lower_bound":0.04118995577023643,"upper_bound":0.0443147606715506},"point_estimate":0.04311383025448756,"standard_error":0.0007806093810081375}}