{"mean":{"confidence_interval":{"confidence_level":0.95,"lower_bound":0.02074248062156217,"upper_bound":0.028263156543924788},"point_estimate":0.02433496579307981,"standard_error":0.0018945484985961785},"median":{"confidence_interval":{"confidence_level":0.95,"lower_bound":0.022891728675170864,"upper_bound":0.028392786447672094},"point_estimate":0.02513289059737689,"standard_error":0.0014058020693484424}}