{"mean":{"confidence_interval":{"confidence_level":0.95,"lower_bound":-0.01992457574300897,"upper_bound":-0.012421107754728282},"point_estimate":-0.016226034364601905,"standard_error":0.0018901575631055949},"median":{"confidence_interval":{"confidence_level":0.95,"lower_bound":-0.020182433304239855,"upper_bound":-0.01692128350746381},"point_estimate":-0.018566666444005175,"standard_error":0.0008244334433282276}}