{"mean":{"confidence_interval":{"confidence_level":0.95,"lower_bound":-0.0012423981759367732,"upper_bound":0.004028394821804287},"point_estimate":0.0013400685618183417,"standard_error":0.001335073462657532},"median":{"confidence_interval":{"confidence_level":0.95,"lower_bound":-0.0013350996372819557,"upper_bound":0.001970081873460705},"point_estimate":0.00039053677435907375,"standard_error":0.0007646770321811717}}