{"mean":{"confidence_interval":{"confidence_level":0.95,"lower_bound":-0.027851842563858354,"upper_bound":-0.02344851503781139},"point_estimate":-0.02563900766664906,"standard_error":0.0011246617011295011},"median":{"confidence_interval":{"confidence_level":0.95,"lower_bound":-0.027511402080062197,"upper_bound":-0.02392612826692142},"point_estimate":-0.02577052198158325,"standard_error":0.0008897417966763721}}