{"mean":{"confidence_interval":{"confidence_level":0.95,"lower_bound":-0.02420409486616245,"upper_bound":-0.01983497818313902},"point_estimate":-0.022082578881856274,"standard_error":0.0011048093954541555},"median":{"confidence_interval":{"confidence_level":0.95,"lower_bound":-0.023393397699069673,"upper_bound":-0.020497733848654942},"point_estimate":-0.02192662853206362,"standard_error":0.000744219366889884}}