{"mean":{"confidence_interval":{"confidence_level":0.95,"lower_bound":-0.02675128382673556,"upper_bound":-0.02295293320108341},"point_estimate":-0.02480515113931636,"standard_error":0.0009665784606560182},"median":{"confidence_interval":{"confidence_level":0.95,"lower_bound":-0.025613009378860685,"upper_bound":-0.022953587716322943},"point_estimate":-0.024338392769617356,"standard_error":0.0006764851581202038}}