{"mean":{"confidence_interval":{"confidence_level":0.95,"lower_bound":-0.027889907318820913,"upper_bound":-0.02068870259190232},"point_estimate":-0.024724454619147407,"standard_error":0.001864166328542329},"median":{"confidence_interval":{"confidence_level":0.95,"lower_bound":-0.028676176891970107,"upper_bound":-0.024396914735814512},"point_estimate":-0.02722328230186377,"standard_error":0.001002369748778625}}