{"mean":{"confidence_interval":{"confidence_level":0.95,"lower_bound":0.0038048655047116077,"upper_bound":0.008522138168042126},"point_estimate":0.006170306215205645,"standard_error":0.001196293146777048},"median":{"confidence_interval":{"confidence_level":0.95,"lower_bound":0.004479127830305352,"upper_bound":0.008420738887279677},"point_estimate":0.00648151039826339,"standard_error":0.00101023539810268}}