{"mean":{"confidence_interval":{"confidence_level":0.95,"lower_bound":-0.037588132761435473,"upper_bound":-0.033088146705368755},"point_estimate":-0.035316788599579874,"standard_error":0.0011449155803220572},"median":{"confidence_interval":{"confidence_level":0.95,"lower_bound":-0.03769938045710031,"upper_bound":-0.033654809201113085},"point_estimate":-0.03559540084530355,"standard_error":0.00115864452469458}}