{"mean":{"confidence_interval":{"confidence_level":0.95,"lower_bound":0.016407510578263795,"upper_bound":0.02036420991458298},"point_estimate":0.018507856899920183,"standard_error":0.001010453420546397},"median":{"confidence_interval":{"confidence_level":0.95,"lower_bound":0.018105764556631376,"upper_bound":0.02107413978376904},"point_estimate":0.019685291545536998,"standard_error":0.0007665312538163461}}