{"mean":{"confidence_interval":{"confidence_level":0.95,"lower_bound":-0.024262191426342256,"upper_bound":-0.02005160679904037},"point_estimate":-0.022204640076626814,"standard_error":0.0010749474099657347},"median":{"confidence_interval":{"confidence_level":0.95,"lower_bound":-0.02343679472914084,"upper_bound":-0.019919583771427996},"point_estimate":-0.021510190719930322,"standard_error":0.0009026580820312608}}