{"mean":{"confidence_interval":{"confidence_level":0.95,"lower_bound":-0.03499405777314096,"upper_bound":-0.02639698390639925},"point_estimate":-0.031044755462668716,"standard_error":0.002176483208613541},"median":{"confidence_interval":{"confidence_level":0.95,"lower_bound":-0.03645858060402163,"upper_bound":-0.033042473677264206},"point_estimate":-0.03491833075945672,"standard_error":0.0009179586517797769}}