{"mean":{"confidence_interval":{"confidence_level":0.95,"lower_bound":-0.02063741890263357,"upper_bound":-0.016551253907783007},"point_estimate":-0.018641479428361807,"standard_error":0.0010373624641171395},"median":{"confidence_interval":{"confidence_level":0.95,"lower_bound":-0.01965722451588725,"upper_bound":-0.017102657672777962},"point_estimate":-0.01842305223912477,"standard_error":0.000672272545005413}}