{"mean":{"confidence_interval":{"confidence_level":0.95,"lower_bound":7417173.27046428,"upper_bound":7428355.098178572},"point_estimate":7422564.777142857,"standard_error":2849.0774715409375},"median":{"confidence_interval":{"confidence_level":0.95,"lower_bound":7412009.857142857,"upper_bound":7421813.857142857},"point_estimate":7415163.071428571,"standard_error":2034.510082894133},"median_abs_dev":{"confidence_interval":{"confidence_level":0.95,"lower_bound":13994.472951548243,"upper_bound":25815.454341683675},"point_estimate":19860.803347401044,"standard_error":3093.244967201182},"slope":null,"std_dev":{"confidence_interval":{"confidence_level":0.95,"lower_bound":23052.4988748028,"upper_bound":33584.90441997464},"point_estimate":28551.378603603087,"standard_error":2693.1071482890816}}