{"mean":{"confidence_interval":{"confidence_level":0.95,"lower_bound":7357600.53332143,"upper_bound":7372555.910642858},"point_estimate":7364240.545714283,"standard_error":3844.811121214656},"median":{"confidence_interval":{"confidence_level":0.95,"lower_bound":7351251.142857143,"upper_bound":7359239.142857143},"point_estimate":7354136.571428571,"standard_error":2121.977606647614},"median_abs_dev":{"confidence_interval":{"confidence_level":0.95,"lower_bound":12834.656172138812,"upper_bound":24420.85726644292},"point_estimate":18396.312273399973,"standard_error":2894.383216886638},"slope":null,"std_dev":{"confidence_interval":{"confidence_level":0.95,"lower_bound":20641.41261511931,"upper_bound":57140.75829586294},"point_estimate":38662.73755197282,"standard_error":10448.965752777262}}