{"mean":{"confidence_interval":{"confidence_level":0.95,"lower_bound":7454222.417750005,"upper_bound":7472531.370500001},"point_estimate":7463374.144285716,"standard_error":4663.253069585056},"median":{"confidence_interval":{"confidence_level":0.95,"lower_bound":7450717.428571428,"upper_bound":7471932.714285715},"point_estimate":7464104.571428571,"standard_error":6461.974707662601},"median_abs_dev":{"confidence_interval":{"confidence_level":0.95,"lower_bound":32561.390121919965,"upper_bound":55472.0075151752},"point_estimate":45868.36028567274,"standard_error":5757.522915005643},"slope":null,"std_dev":{"confidence_interval":{"confidence_level":0.95,"lower_bound":38861.98032071955,"upper_bound":54930.657065452564},"point_estimate":46895.629252096754,"standard_error":4112.500061236331}}