{"mean":{"confidence_interval":{"confidence_level":0.95,"lower_bound":7812595.829214283,"upper_bound":7879885.066107145},"point_estimate":7837237.8042857135,"standard_error":19238.99041033454},"median":{"confidence_interval":{"confidence_level":0.95,"lower_bound":7808718.857142857,"upper_bound":7828609.857142857},"point_estimate":7820239.928571429,"standard_error":5526.83415870443},"median_abs_dev":{"confidence_interval":{"confidence_level":0.95,"lower_bound":27863.454405325294,"upper_bound":46688.661671110465},"point_estimate":36920.23404453502,"standard_error":4929.899114375884},"slope":null,"std_dev":{"confidence_interval":{"confidence_level":0.95,"lower_bound":34915.97604278104,"upper_bound":326463.27548136265},"point_estimate":192586.44750230561,"standard_error":102537.54254106172}}