{"mean":{"confidence_interval":{"confidence_level":0.95,"lower_bound":7384615.27960714,"upper_bound":7404324.648428576},"point_estimate":7393632.051428572,"standard_error":5039.430355443351},"median":{"confidence_interval":{"confidence_level":0.95,"lower_bound":7381607.642857143,"upper_bound":7395031.142857143},"point_estimate":7388640.071428571,"standard_error":3283.693390239324},"median_abs_dev":{"confidence_interval":{"confidence_level":0.95,"lower_bound":20773.84665619013,"upper_bound":33083.37121265285},"point_estimate":26704.696625896075,"standard_error":3029.0493623068414},"slope":null,"std_dev":{"confidence_interval":{"confidence_level":0.95,"lower_bound":27732.04489899354,"upper_bound":70860.13958981872},"point_estimate":50487.54275085064,"standard_error":11423.953086207224}}