{"mean":{"confidence_interval":{"confidence_level":0.95,"lower_bound":7534531.218214283,"upper_bound":7598582.257607143},"point_estimate":7561923.137142859,"standard_error":16549.32857606471},"median":{"confidence_interval":{"confidence_level":0.95,"lower_bound":7533201.0,"upper_bound":7563538.857142857},"point_estimate":7545747.142857143,"standard_error":8048.262474086092},"median_abs_dev":{"confidence_interval":{"confidence_level":0.95,"lower_bound":41919.03165578842,"upper_bound":71914.78252325759},"point_estimate":53275.64155416839,"standard_error":7924.810827635501},"slope":null,"std_dev":{"confidence_interval":{"confidence_level":0.95,"lower_bound":54102.38165720073,"upper_bound":249897.33658093394},"point_estimate":165887.14455095737,"standard_error":53541.488057237104}}