{"mean":{"confidence_interval":{"confidence_level":0.95,"lower_bound":7397309.238892858,"upper_bound":7431626.263678571},"point_estimate":7414079.68142857,"standard_error":8762.211098662572},"median":{"confidence_interval":{"confidence_level":0.95,"lower_bound":7376446.857142857,"upper_bound":7417140.0},"point_estimate":7400815.428571429,"standard_error":9198.838817399337},"median_abs_dev":{"confidence_interval":{"confidence_level":0.95,"lower_bound":57290.83998288407,"upper_bound":92999.04854893684},"point_estimate":78571.12690508434,"standard_error":9129.375556296596},"slope":null,"std_dev":{"confidence_interval":{"confidence_level":0.95,"lower_bound":71822.34652180078,"upper_bound":103358.35137340699},"point_estimate":88324.10162484212,"standard_error":8080.04632249797}}