{"mean":{"confidence_interval":{"confidence_level":0.95,"lower_bound":7345582.393214286,"upper_bound":7361209.70392857},"point_estimate":7353030.60714286,"standard_error":3993.797997586277},"median":{"confidence_interval":{"confidence_level":0.95,"lower_bound":7337742.571428571,"upper_bound":7355698.857142857},"point_estimate":7348012.142857143,"standard_error":4888.264381348594},"median_abs_dev":{"confidence_interval":{"confidence_level":0.95,"lower_bound":26262.56413374648,"upper_bound":43481.837640543636},"point_estimate":35109.23817668593,"standard_error":4191.170535273684},"slope":null,"std_dev":{"confidence_interval":{"confidence_level":0.95,"lower_bound":29454.822972048372,"upper_bound":51707.131975188495},"point_estimate":39970.72531090947,"standard_error":5907.808830813785}}