{"mean":{"confidence_interval":{"confidence_level":0.95,"lower_bound":7907576.558821423,"upper_bound":7961559.009785712},"point_estimate":7930794.618571428,"standard_error":14003.566430428162},"median":{"confidence_interval":{"confidence_level":0.95,"lower_bound":7894314.714285715,"upper_bound":7913784.714285715},"point_estimate":7905550.5,"standard_error":5216.161306284762},"median_abs_dev":{"confidence_interval":{"confidence_level":0.95,"lower_bound":26261.505133764887,"upper_bound":44288.65001371889},"point_estimate":35620.31156761296,"standard_error":4649.892245519987},"slope":null,"std_dev":{"confidence_interval":{"confidence_level":0.95,"lower_bound":45556.07585036445,"upper_bound":215689.6804695747},"point_estimate":140444.18849563657,"standard_error":44242.98696012264}}