{"mean":{"confidence_interval":{"confidence_level":0.95,"lower_bound":6694002.5809375,"upper_bound":6705956.3698125},"point_estimate":6699159.07625,"standard_error":3090.999372537487},"median":{"confidence_interval":{"confidence_level":0.95,"lower_bound":6689385.5,"upper_bound":6698784.5},"point_estimate":6694140.1875,"standard_error":2189.3161858838494},"median_abs_dev":{"confidence_interval":{"confidence_level":0.95,"lower_bound":13136.391741782427,"upper_bound":21181.53517395258},"point_estimate":16795.91178931296,"standard_error":2061.6073131370435},"slope":null,"std_dev":{"confidence_interval":{"confidence_level":0.95,"lower_bound":15225.145132262856,"upper_bound":47727.61788852911},"point_estimate":30980.485092081548,"standard_error":10308.036976897558}}