{"mean":{"confidence_interval":{"confidence_level":0.95,"lower_bound":8793601.576000001,"upper_bound":8855789.055041667},"point_estimate":8823994.64166667,"standard_error":15870.38272117878},"median":{"confidence_interval":{"confidence_level":0.95,"lower_bound":8751065.5,"upper_bound":8807207.0},"point_estimate":8785748.916666668,"standard_error":12940.263589905962},"median_abs_dev":{"confidence_interval":{"confidence_level":0.95,"lower_bound":87657.98214375973,"upper_bound":180324.55764859915},"point_estimate":113721.71903103728,"standard_error":23589.830556283818},"slope":null,"std_dev":{"confidence_interval":{"confidence_level":0.95,"lower_bound":135831.67305727443,"upper_bound":179146.71458784147},"point_estimate":159825.30507531043,"standard_error":11000.578598291017}}