{"mean":{"confidence_interval":{"confidence_level":0.95,"lower_bound":7532225.579857141,"upper_bound":7568334.10514286},"point_estimate":7549967.721428573,"standard_error":9225.644390159898},"median":{"confidence_interval":{"confidence_level":0.95,"lower_bound":7522381.714285715,"upper_bound":7563338.785714285},"point_estimate":7546454.785714285,"standard_error":11244.814523412248},"median_abs_dev":{"confidence_interval":{"confidence_level":0.95,"lower_bound":66327.49862245111,"upper_bound":106295.85231287128},"point_estimate":90858.38598694169,"standard_error":10288.879693910478},"slope":null,"std_dev":{"confidence_interval":{"confidence_level":0.95,"lower_bound":77084.04962714095,"upper_bound":106425.01762940014},"point_estimate":92706.4119752658,"standard_error":7484.833495961809}}