{"mean":{"confidence_interval":{"confidence_level":0.95,"lower_bound":7557962.483214285,"upper_bound":7571889.198607144},"point_estimate":7564792.599999999,"standard_error":3537.0852228734966},"median":{"confidence_interval":{"confidence_level":0.95,"lower_bound":7553818.0,"upper_bound":7570083.0},"point_estimate":7563147.214285715,"standard_error":4784.110874906059},"median_abs_dev":{"confidence_interval":{"confidence_level":0.95,"lower_bound":23418.51378423886,"upper_bound":41330.015866245936},"point_estimate":33154.21831139536,"standard_error":4767.455861624298},"slope":null,"std_dev":{"confidence_interval":{"confidence_level":0.95,"lower_bound":28862.309003623493,"upper_bound":42573.37960308721},"point_estimate":35455.24953402666,"standard_error":3550.0465200141043}}