{"mean":{"confidence_interval":{"confidence_level":0.95,"lower_bound":7438127.506464287,"upper_bound":7455077.591214286},"point_estimate":7446511.684285716,"standard_error":4317.830347131646},"median":{"confidence_interval":{"confidence_level":0.95,"lower_bound":7434349.0,"upper_bound":7455474.428571428},"point_estimate":7445833.642857143,"standard_error":5391.652779929944},"median_abs_dev":{"confidence_interval":{"confidence_level":0.95,"lower_bound":31662.1932378839,"upper_bound":49778.46885125547},"point_estimate":38752.83351199977,"standard_error":4475.70048485251},"slope":null,"std_dev":{"confidence_interval":{"confidence_level":0.95,"lower_bound":36370.35578406713,"upper_bound":49651.504537277295},"point_estimate":43308.01410301586,"standard_error":3389.1403042967377}}