{"mean":{"confidence_interval":{"confidence_level":0.95,"lower_bound":28536227.2585,"upper_bound":28672236.2005},"point_estimate":28601463.92,"standard_error":34798.840010464606},"median":{"confidence_interval":{"confidence_level":0.95,"lower_bound":28417910.5,"upper_bound":28555098.75},"point_estimate":28500107.75,"standard_error":37011.462220611094},"median_abs_dev":{"confidence_interval":{"confidence_level":0.95,"lower_bound":137679.79330569506,"upper_bound":272262.80591636896},"point_estimate":208642.58779585361,"standard_error":34363.99717988254},"slope":null,"std_dev":{"confidence_interval":{"confidence_level":0.95,"lower_bound":266890.35439782747,"upper_bound":424080.06187598716},"point_estimate":350206.179748147,"standard_error":40270.5848065872}}