{"mean":{"confidence_interval":{"confidence_level":0.95,"lower_bound":30435881.868125,"upper_bound":30508664.382},"point_estimate":30471457.0,"standard_error":18546.45654263764},"median":{"confidence_interval":{"confidence_level":0.95,"lower_bound":30371916.5,"upper_bound":30471966.5},"point_estimate":30428209.5,"standard_error":24778.641668904653},"median_abs_dev":{"confidence_interval":{"confidence_level":0.95,"lower_bound":114768.43461245298,"upper_bound":209532.5184300542},"point_estimate":170362.22712546587,"standard_error":23614.930723624253},"slope":null,"std_dev":{"confidence_interval":{"confidence_level":0.95,"lower_bound":158394.84841630864,"upper_bound":209289.79403143606},"point_estimate":186098.49755840306,"standard_error":12956.796771008416}}