{"mean":{"confidence_interval":{"confidence_level":0.95,"lower_bound":30996099.77025,"upper_bound":31095076.249625},"point_estimate":31044380.075,"standard_error":25263.220888969074},"median":{"confidence_interval":{"confidence_level":0.95,"lower_bound":30968136.5,"upper_bound":31137559.0},"point_estimate":31036589.25,"standard_error":46979.95582366927},"median_abs_dev":{"confidence_interval":{"confidence_level":0.95,"lower_bound":201825.22246688604,"upper_bound":333861.12832278013},"point_estimate":285948.3156234026,"standard_error":33133.54517594275},"slope":null,"std_dev":{"confidence_interval":{"confidence_level":0.95,"lower_bound":209681.21624875025,"upper_bound":305190.0328496531},"point_estimate":253312.94842411837,"standard_error":25251.522758943134}}