{"mean":{"confidence_interval":{"confidence_level":0.95,"lower_bound":32020482.914750002,"upper_bound":32109630.77425},"point_estimate":32062016.805,"standard_error":22851.198701018333},"median":{"confidence_interval":{"confidence_level":0.95,"lower_bound":32037012.25,"upper_bound":32086367.0},"point_estimate":32070086.5,"standard_error":13464.819052371922},"median_abs_dev":{"confidence_interval":{"confidence_level":0.95,"lower_bound":114161.3099232316,"upper_bound":181448.73907864094},"point_estimate":146954.19744104147,"standard_error":16665.419628312044},"slope":null,"std_dev":{"confidence_interval":{"confidence_level":0.95,"lower_bound":146408.86033108793,"upper_bound":324635.2300039871},"point_estimate":229156.69208128273,"standard_error":51200.146475616144}}