{"mean":{"confidence_interval":{"confidence_level":0.95,"lower_bound":31881334.973125,"upper_bound":32303016.031625},"point_estimate":32043616.04,"standard_error":112840.51576759531},"median":{"confidence_interval":{"confidence_level":0.95,"lower_bound":31805158.0,"upper_bound":31910099.5},"point_estimate":31845471.5,"standard_error":31998.482396146148},"median_abs_dev":{"confidence_interval":{"confidence_level":0.95,"lower_bound":187947.3176145182,"upper_bound":306042.73436665535},"point_estimate":249454.11727130413,"standard_error":31362.78230041463},"slope":null,"std_dev":{"confidence_interval":{"confidence_level":0.95,"lower_bound":236023.5846443715,"upper_bound":1879629.3733572545},"point_estimate":1133355.5571295365,"standard_error":518415.3125118487}}