{"mean":{"confidence_interval":{"confidence_level":0.95,"lower_bound":30651065.955875,"upper_bound":30753881.061375003},"point_estimate":30700766.805,"standard_error":26172.128144708524},"median":{"confidence_interval":{"confidence_level":0.95,"lower_bound":30567931.0,"upper_bound":30709381.5},"point_estimate":30656084.0,"standard_error":33789.22361589837},"median_abs_dev":{"confidence_interval":{"confidence_level":0.95,"lower_bound":156069.96337920427,"upper_bound":268870.61717659235},"point_estimate":212986.23506873846,"standard_error":28652.565246993898},"slope":null,"std_dev":{"confidence_interval":{"confidence_level":0.95,"lower_bound":213099.86216861923,"upper_bound":307629.0307982694},"point_estimate":263769.7526329449,"standard_error":24247.01871895994}}