{"mean":{"confidence_interval":{"confidence_level":0.95,"lower_bound":33194278.924125,"upper_bound":33278153.719750002},"point_estimate":33235043.065,"standard_error":21387.450668208287},"median":{"confidence_interval":{"confidence_level":0.95,"lower_bound":33119996.5,"upper_bound":33260844.0},"point_estimate":33175057.25,"standard_error":31742.82072421458},"median_abs_dev":{"confidence_interval":{"confidence_level":0.95,"lower_bound":133323.17328304052,"upper_bound":257886.4046216011},"point_estimate":188638.97830098867,"standard_error":27833.511160727634},"slope":null,"std_dev":{"confidence_interval":{"confidence_level":0.95,"lower_bound":181320.6629301318,"upper_bound":242802.39691033517},"point_estimate":214834.33868014356,"standard_error":15708.965134942724}}