{"mean":{"confidence_interval":{"confidence_level":0.95,"lower_bound":31594201.873375,"upper_bound":32007563.336375},"point_estimate":31768541.285,"standard_error":106839.65843137658},"median":{"confidence_interval":{"confidence_level":0.95,"lower_bound":31514543.5,"upper_bound":31629108.0},"point_estimate":31584274.25,"standard_error":26162.269581021857},"median_abs_dev":{"confidence_interval":{"confidence_level":0.95,"lower_bound":184750.48922002316,"upper_bound":293516.9884890318},"point_estimate":245171.62724733353,"standard_error":27164.22219783912},"slope":null,"std_dev":{"confidence_interval":{"confidence_level":0.95,"lower_bound":257362.37293692387,"upper_bound":1655884.1255487252},"point_estimate":1074103.1959948214,"standard_error":366231.5937960208}}