{"mean":{"confidence_interval":{"confidence_level":0.95,"lower_bound":30995860.293375,"upper_bound":31241434.814625},"point_estimate":31101394.4,"standard_error":63578.037577242445},"median":{"confidence_interval":{"confidence_level":0.95,"lower_bound":30924070.75,"upper_bound":30994370.0},"point_estimate":30956770.0,"standard_error":19039.47347099763},"median_abs_dev":{"confidence_interval":{"confidence_level":0.95,"lower_bound":133056.6759377718,"upper_bound":240051.15318573994},"point_estimate":185958.4375485778,"standard_error":27600.012808282412},"slope":null,"std_dev":{"confidence_interval":{"confidence_level":0.95,"lower_bound":228424.680243273,"upper_bound":974640.3360707725},"point_estimate":640772.827949484,"standard_error":197468.11433801104}}