{"mean":{"confidence_interval":{"confidence_level":0.95,"lower_bound":33186107.654375,"upper_bound":33274457.65175},"point_estimate":33230185.44,"standard_error":22521.313614549068},"median":{"confidence_interval":{"confidence_level":0.95,"lower_bound":33161988.0,"upper_bound":33274949.0},"point_estimate":33204404.75,"standard_error":28682.388192060156},"median_abs_dev":{"confidence_interval":{"confidence_level":0.95,"lower_bound":150651.43112540245,"upper_bound":246812.86541819572},"point_estimate":206332.32638686895,"standard_error":24451.7132423899},"slope":null,"std_dev":{"confidence_interval":{"confidence_level":0.95,"lower_bound":191448.95719197,"upper_bound":256253.96974324738},"point_estimate":225728.2233063957,"standard_error":16569.130412773415}}