{"mean":{"confidence_interval":{"confidence_level":0.95,"lower_bound":30805238.66875,"upper_bound":30902723.140125003},"point_estimate":30851690.3,"standard_error":24867.53226570894},"median":{"confidence_interval":{"confidence_level":0.95,"lower_bound":30810488.5,"upper_bound":30906299.75},"point_estimate":30877293.0,"standard_error":25554.704577911667},"median_abs_dev":{"confidence_interval":{"confidence_level":0.95,"lower_bound":163892.53149032593,"upper_bound":272335.82396507263},"point_estimate":204094.34172660112,"standard_error":27714.36580269222},"slope":null,"std_dev":{"confidence_interval":{"confidence_level":0.95,"lower_bound":183862.68386726637,"upper_bound":329723.9072189755},"point_estimate":249410.3592603336,"standard_error":40978.981516228334}}