{"mean":{"confidence_interval":{"confidence_level":0.95,"lower_bound":31678436.106124997,"upper_bound":31774090.70725},"point_estimate":31725670.45,"standard_error":24349.67138266466},"median":{"confidence_interval":{"confidence_level":0.95,"lower_bound":31664541.0,"upper_bound":31785462.0},"point_estimate":31718221.0,"standard_error":33252.92081104214},"median_abs_dev":{"confidence_interval":{"confidence_level":0.95,"lower_bound":198936.0057681799,"upper_bound":323870.25775015354},"point_estimate":268176.01908892393,"standard_error":32725.833371018296},"slope":null,"std_dev":{"confidence_interval":{"confidence_level":0.95,"lower_bound":209250.05072633075,"upper_bound":282832.73414680385},"point_estimate":245196.46332227142,"standard_error":18968.552000329888}}