{"mean":{"confidence_interval":{"confidence_level":0.95,"lower_bound":29728759.3345,"upper_bound":29783849.914249998},"point_estimate":29753945.275,"standard_error":14113.753652258021},"median":{"confidence_interval":{"confidence_level":0.95,"lower_bound":29707796.75,"upper_bound":29747408.25},"point_estimate":29728372.75,"standard_error":10282.110774733263},"median_abs_dev":{"confidence_interval":{"confidence_level":0.95,"lower_bound":57038.21553736925,"upper_bound":90608.16150013353},"point_estimate":73210.78670024872,"standard_error":8183.999829647344},"slope":null,"std_dev":{"confidence_interval":{"confidence_level":0.95,"lower_bound":83149.04245818598,"upper_bound":199237.2480280566},"point_estimate":141830.7037956648,"standard_error":30828.820538409094}}