{"mean":{"confidence_interval":{"confidence_level":0.95,"lower_bound":30972130.5685,"upper_bound":31029076.253375},"point_estimate":31000458.41,"standard_error":14604.397939878896},"median":{"confidence_interval":{"confidence_level":0.95,"lower_bound":30953037.5,"upper_bound":31034585.0},"point_estimate":30994918.5,"standard_error":22535.929350414648},"median_abs_dev":{"confidence_interval":{"confidence_level":0.95,"lower_bound":115268.07080358267,"upper_bound":189358.4099382162},"point_estimate":138981.88673257828,"standard_error":19235.33895894585},"slope":null,"std_dev":{"confidence_interval":{"confidence_level":0.95,"lower_bound":127172.30318070557,"upper_bound":164057.67344070808},"point_estimate":146651.80051583846,"standard_error":9422.495101828134}}