{"mean":{"confidence_interval":{"confidence_level":0.95,"lower_bound":31485099.977125,"upper_bound":31623471.50875},"point_estimate":31551976.995,"standard_error":35364.55448418056},"median":{"confidence_interval":{"confidence_level":0.95,"lower_bound":31411071.0,"upper_bound":31534220.75},"point_estimate":31484891.5,"standard_error":35636.14383364836},"median_abs_dev":{"confidence_interval":{"confidence_level":0.95,"lower_bound":175644.28605169064,"upper_bound":347406.7639885466},"point_estimate":256035.3785544634,"standard_error":45723.80217405275},"slope":null,"std_dev":{"confidence_interval":{"confidence_level":0.95,"lower_bound":277983.2714853349,"upper_bound":425120.4569926076},"point_estimate":354663.9910692929,"standard_error":37707.70136088405}}