{"mean":{"confidence_interval":{"confidence_level":0.95,"lower_bound":31837638.536375,"upper_bound":31953161.282874998},"point_estimate":31895594.775,"standard_error":29589.39381348459},"median":{"confidence_interval":{"confidence_level":0.95,"lower_bound":31868608.75,"upper_bound":32043531.75},"point_estimate":31977783.5,"standard_error":42988.89155835176},"median_abs_dev":{"confidence_interval":{"confidence_level":0.95,"lower_bound":200663.11427626776,"upper_bound":405852.6433371744},"point_estimate":290798.2707872987,"standard_error":53160.13835290518},"slope":null,"std_dev":{"confidence_interval":{"confidence_level":0.95,"lower_bound":265249.6078635307,"upper_bound":324103.46738412546},"point_estimate":296743.459445033,"standard_error":14973.173906895046}}