{"mean":{"confidence_interval":{"confidence_level":0.95,"lower_bound":32417249.169375,"upper_bound":32560828.115},"point_estimate":32476185.14,"standard_error":37393.599450101676},"median":{"confidence_interval":{"confidence_level":0.95,"lower_bound":32385129.5,"upper_bound":32461783.25},"point_estimate":32421452.5,"standard_error":22884.695726390648},"median_abs_dev":{"confidence_interval":{"confidence_level":0.95,"lower_bound":111655.71596771479,"upper_bound":189481.83638602495},"point_estimate":152091.40634983778,"standard_error":19424.742689426967},"slope":null,"std_dev":{"confidence_interval":{"confidence_level":0.95,"lower_bound":142487.69057672308,"upper_bound":604667.4860561554},"point_estimate":377087.56070765556,"standard_error":147580.29678031013}}