{"mean":{"confidence_interval":{"confidence_level":0.95,"lower_bound":32397917.627625,"upper_bound":32484873.907250002},"point_estimate":32440857.46,"standard_error":22151.187256867008},"median":{"confidence_interval":{"confidence_level":0.95,"lower_bound":32349644.25,"upper_bound":32452126.5},"point_estimate":32395268.0,"standard_error":24651.55514708927},"median_abs_dev":{"confidence_interval":{"confidence_level":0.95,"lower_bound":144913.3985772729,"upper_bound":258195.15606611967},"point_estimate":203552.82208621502,"standard_error":29523.670986173292},"slope":null,"std_dev":{"confidence_interval":{"confidence_level":0.95,"lower_bound":189386.69003587446,"upper_bound":249838.81989342815},"point_estimate":221718.49842929392,"standard_error":15465.33580963707}}