{"mean":{"confidence_interval":{"confidence_level":0.95,"lower_bound":31581724.796499997,"upper_bound":31650516.421},"point_estimate":31614803.23,"standard_error":17571.12489582793},"median":{"confidence_interval":{"confidence_level":0.95,"lower_bound":31546425.0,"upper_bound":31600851.75},"point_estimate":31560261.0,"standard_error":15474.016663212566},"median_abs_dev":{"confidence_interval":{"confidence_level":0.95,"lower_bound":86536.68251741685,"upper_bound":150470.9523773566},"point_estimate":115877.04874277115,"standard_error":16114.295473847891},"slope":null,"std_dev":{"confidence_interval":{"confidence_level":0.95,"lower_bound":138243.4615073792,"upper_bound":209171.71673006297},"point_estimate":175784.99274358066,"standard_error":18126.85962497716}}