{"mean":{"confidence_interval":{"confidence_level":0.95,"lower_bound":30105412.159875,"upper_bound":30165643.765499998},"point_estimate":30134894.185,"standard_error":15368.458458544113},"median":{"confidence_interval":{"confidence_level":0.95,"lower_bound":30074632.0,"upper_bound":30153045.75},"point_estimate":30105434.5,"standard_error":21447.37455724231},"median_abs_dev":{"confidence_interval":{"confidence_level":0.95,"lower_bound":107108.21119844913,"upper_bound":183749.3635877967},"point_estimate":137732.42560476065,"standard_error":19244.076020173445},"slope":null,"std_dev":{"confidence_interval":{"confidence_level":0.95,"lower_bound":129182.00017845248,"upper_bound":177347.0630387513},"point_estimate":154443.3961823446,"standard_error":12297.915404912863}}