{"mean":{"confidence_interval":{"confidence_level":0.95,"lower_bound":30492716.399375003,"upper_bound":30798404.092125},"point_estimate":30620238.54,"standard_error":79356.4929390664},"median":{"confidence_interval":{"confidence_level":0.95,"lower_bound":30422047.75,"upper_bound":30558909.5},"point_estimate":30528869.75,"standard_error":42621.9285258344},"median_abs_dev":{"confidence_interval":{"confidence_level":0.95,"lower_bound":188161.21045947075,"upper_bound":302824.00982379913},"point_estimate":249397.0371723175,"standard_error":29709.29859092756},"slope":null,"std_dev":{"confidence_interval":{"confidence_level":0.95,"lower_bound":206431.6927234945,"upper_bound":1238232.8104512359},"point_estimate":798118.342830598,"standard_error":280517.3454507721}}