{"mean":{"confidence_interval":{"confidence_level":0.95,"lower_bound":31637063.08725,"upper_bound":31736703.67625},"point_estimate":31682848.53,"standard_error":25441.35621628727},"median":{"confidence_interval":{"confidence_level":0.95,"lower_bound":31580304.0,"upper_bound":31673173.5},"point_estimate":31605832.25,"standard_error":23055.966078916037},"median_abs_dev":{"confidence_interval":{"confidence_level":0.95,"lower_bound":105916.20081961155,"upper_bound":195114.30781602857},"point_estimate":149927.55168825388,"standard_error":22972.42638387019},"slope":null,"std_dev":{"confidence_interval":{"confidence_level":0.95,"lower_bound":149788.23821127234,"upper_bound":348511.2272406759},"point_estimate":255745.85371879963,"standard_error":51167.73316144656}}