{"mean":{"confidence_interval":{"confidence_level":0.95,"lower_bound":31445417.965,"upper_bound":31508021.245},"point_estimate":31476128.07,"standard_error":15986.210883460597},"median":{"confidence_interval":{"confidence_level":0.95,"lower_bound":31426731.0,"upper_bound":31480656.0},"point_estimate":31454024.5,"standard_error":16897.45301220343},"median_abs_dev":{"confidence_interval":{"confidence_level":0.95,"lower_bound":105561.11812591553,"upper_bound":196328.11241447926},"point_estimate":142999.36201125383,"standard_error":23820.964871095035},"slope":null,"std_dev":{"confidence_interval":{"confidence_level":0.95,"lower_bound":136825.18885830234,"upper_bound":182351.22770428073},"point_estimate":160764.65337501268,"standard_error":11669.399874217488}}