{"mean":{"confidence_interval":{"confidence_level":0.95,"lower_bound":8091.216700823499,"upper_bound":8131.881111425377},"point_estimate":8107.470673694942,"standard_error":10.708660899156932},"median":{"confidence_interval":{"confidence_level":0.95,"lower_bound":8081.250478468899,"upper_bound":8094.554070700413},"point_estimate":8089.005698005698,"standard_error":3.9284992634265725},"median_abs_dev":{"confidence_interval":{"confidence_level":0.95,"lower_bound":22.4871777335638,"upper_bound":39.719629866606894},"point_estimate":32.9980781384099,"standard_error":4.4312437990457285},"slope":{"confidence_interval":{"confidence_level":0.95,"lower_bound":8079.4058605080745,"upper_bound":8100.933380669141},"point_estimate":8088.721006294295,"standard_error":5.5336711227248},"std_dev":{"confidence_interval":{"confidence_level":0.95,"lower_bound":34.58300365535242,"upper_bound":175.23015909110254},"point_estimate":107.8314807643348,"standard_error":45.17520642130381}}