{"mean":{"confidence_interval":{"confidence_level":0.95,"lower_bound":8198.298995042765,"upper_bound":8224.81463788343},"point_estimate":8209.401757511965,"standard_error":6.883508446389939},"median":{"confidence_interval":{"confidence_level":0.95,"lower_bound":8196.868222799945,"upper_bound":8214.328937990022},"point_estimate":8206.197409408329,"standard_error":4.526941191983014},"median_abs_dev":{"confidence_interval":{"confidence_level":0.95,"lower_bound":22.79240176192901,"upper_bound":40.86066937119191},"point_estimate":29.346344000025056,"standard_error":4.771634478055307},"slope":{"confidence_interval":{"confidence_level":0.95,"lower_bound":8201.78688050345,"upper_bound":8212.787041993248},"point_estimate":8207.446699944523,"standard_error":2.8026562018230132},"std_dev":{"confidence_interval":{"confidence_level":0.95,"lower_bound":30.372494683475235,"upper_bound":109.09893411532325},"point_estimate":69.00993197125034,"standard_error":25.677524907198084}}