{"mean":{"confidence_interval":{"confidence_level":0.95,"lower_bound":8789.918047768711,"upper_bound":8827.172547310593},"point_estimate":8806.113233449792,"standard_error":9.634767778312852},"median":{"confidence_interval":{"confidence_level":0.95,"lower_bound":8783.612586037365,"upper_bound":8787.839832733638},"point_estimate":8786.244713553795,"standard_error":1.0659714872516033},"median_abs_dev":{"confidence_interval":{"confidence_level":0.95,"lower_bound":7.126976156656993,"upper_bound":11.143056801368665},"point_estimate":9.36642935520654,"standard_error":1.026889322326998},"slope":{"confidence_interval":{"confidence_level":0.95,"lower_bound":8785.37906212529,"upper_bound":8803.533913225536},"point_estimate":8792.137672018423,"standard_error":4.8682543455012},"std_dev":{"confidence_interval":{"confidence_level":0.95,"lower_bound":27.969650324985015,"upper_bound":142.98048333278697},"point_estimate":96.86703256342102,"standard_error":28.191042845720528}}