{"mean":{"confidence_interval":{"confidence_level":0.95,"lower_bound":8138.95641196845,"upper_bound":8154.018120615597},"point_estimate":8145.08362239491,"standard_error":3.932043042399663},"median":{"confidence_interval":{"confidence_level":0.95,"lower_bound":8136.169496487119,"upper_bound":8141.878432377049},"point_estimate":8139.060056746532,"standard_error":1.5556392137976307},"median_abs_dev":{"confidence_interval":{"confidence_level":0.95,"lower_bound":9.72530223594977,"upper_bound":16.045441108579105},"point_estimate":12.236529745409735,"standard_error":1.56917040407683},"slope":{"confidence_interval":{"confidence_level":0.95,"lower_bound":8138.559987067771,"upper_bound":8146.852016993439},"point_estimate":8142.4076610213015,"standard_error":2.1162899604696195},"std_dev":{"confidence_interval":{"confidence_level":0.95,"lower_bound":13.251146721106437,"upper_bound":63.84532265841982},"point_estimate":39.601197314789154,"standard_error":15.68773231296756}}