{"mean":{"confidence_interval":{"confidence_level":0.95,"lower_bound":101103321.67675,"upper_bound":103603079.5855},"point_estimate":102162576.43,"standard_error":646351.8979285005},"median":{"confidence_interval":{"confidence_level":0.95,"lower_bound":100487386.5,"upper_bound":100888298.0},"point_estimate":100626978.0,"standard_error":114745.7714937672},"median_abs_dev":{"confidence_interval":{"confidence_level":0.95,"lower_bound":643225.9985804558,"upper_bound":1126930.541042983},"point_estimate":872031.9460183382,"standard_error":123508.70718573382},"slope":null,"std_dev":{"confidence_interval":{"confidence_level":0.95,"lower_bound":2200358.4067050577,"upper_bound":10056961.556050869},"point_estimate":6483178.0725177415,"standard_error":2113554.662619724}}