{"mean":{"confidence_interval":{"confidence_level":0.95,"lower_bound":75454.04012469792,"upper_bound":75957.53093061021},"point_estimate":75675.92785049467,"standard_error":129.92839873404495},"median":{"confidence_interval":{"confidence_level":0.95,"lower_bound":75377.18121693122,"upper_bound":75486.908045977},"point_estimate":75429.52133160958,"standard_error":32.59846935493431},"median_abs_dev":{"confidence_interval":{"confidence_level":0.95,"lower_bound":159.43892068617063,"upper_bound":244.97402719495446},"point_estimate":204.00039357549105,"standard_error":21.76626048379221},"slope":{"confidence_interval":{"confidence_level":0.95,"lower_bound":75481.69275085014,"upper_bound":76091.01391444798},"point_estimate":75739.82753361903,"standard_error":158.30067112902051},"std_dev":{"confidence_interval":{"confidence_level":0.95,"lower_bound":354.986466542682,"upper_bound":1888.0459921811014},"point_estimate":1303.8159211380892,"standard_error":366.32561820235736}}