{"mean":{"confidence_interval":{"confidence_level":0.95,"lower_bound":30011.70725096587,"upper_bound":30066.059036639217},"point_estimate":30033.035203620446,"standard_error":14.41535291863214},"median":{"confidence_interval":{"confidence_level":0.95,"lower_bound":30003.379771984553,"upper_bound":30025.44715852443},"point_estimate":30014.588598581726,"standard_error":6.205531972755163},"median_abs_dev":{"confidence_interval":{"confidence_level":0.95,"lower_bound":29.48589952665213,"upper_bound":51.47302359454543},"point_estimate":40.40638653754417,"standard_error":5.4416207636912075},"slope":{"confidence_interval":{"confidence_level":0.95,"lower_bound":30022.9051933014,"upper_bound":30041.40681147633},"point_estimate":30031.623301315205,"standard_error":4.7208872365472825},"std_dev":{"confidence_interval":{"confidence_level":0.95,"lower_bound":39.10766808485673,"upper_bound":237.53659188649416},"point_estimate":144.28011723710821,"standard_error":63.12624558701824}}