{"mean":{"confidence_interval":{"confidence_level":0.95,"lower_bound":14968464.52425,"upper_bound":15174218.297},"point_estimate":15048442.005,"standard_error":54546.47106920181},"median":{"confidence_interval":{"confidence_level":0.95,"lower_bound":14942202.0,"upper_bound":14966663.25},"point_estimate":14951731.0,"standard_error":5835.6670959379835},"median_abs_dev":{"confidence_interval":{"confidence_level":0.95,"lower_bound":33405.942606925964,"upper_bound":59566.69712997971},"point_estimate":46286.400528252125,"standard_error":6499.481867584831},"slope":null,"std_dev":{"confidence_interval":{"confidence_level":0.95,"lower_bound":60167.51045958039,"upper_bound":905337.7677868397},"point_estimate":549200.2401216798,"standard_error":243908.10232645477}}