{"mean":{"confidence_interval":{"confidence_level":0.95,"lower_bound":18058998.93158333,"upper_bound":18082483.167166658},"point_estimate":18070741.923333332,"standard_error":5977.631252733493},"median":{"confidence_interval":{"confidence_level":0.95,"lower_bound":18053866.333333332,"upper_bound":18083720.5},"point_estimate":18070432.166666664,"standard_error":9111.926082518205},"median_abs_dev":{"confidence_interval":{"confidence_level":0.95,"lower_bound":48182.52234458831,"upper_bound":73888.2484032222},"point_estimate":62110.56069731712,"standard_error":6638.812665533897},"slope":null,"std_dev":{"confidence_interval":{"confidence_level":0.95,"lower_bound":50596.34167100789,"upper_bound":68854.77180881235},"point_estimate":59998.48577847712,"standard_error":4661.670233204113}}