{"mean":{"confidence_interval":{"confidence_level":0.95,"lower_bound":475103.79923516564,"upper_bound":477158.81602774124},"point_estimate":475851.62588897644,"standard_error":587.5048438123677},"median":{"confidence_interval":{"confidence_level":0.95,"lower_bound":474909.2350891862,"upper_bound":475179.5399061033},"point_estimate":475020.782051282,"standard_error":69.27483507361384},"median_abs_dev":{"confidence_interval":{"confidence_level":0.95,"lower_bound":403.1166487255999,"upper_bound":704.0107255315814},"point_estimate":515.9613345721224,"standard_error":70.24269001525074},"slope":{"confidence_interval":{"confidence_level":0.95,"lower_bound":475116.7956166805,"upper_bound":475858.04088129534},"point_estimate":475412.58026993746,"standard_error":197.17936518104824},"std_dev":{"confidence_interval":{"confidence_level":0.95,"lower_bound":621.0865088150931,"upper_bound":10031.50259808862},"point_estimate":5916.4201121414135,"standard_error":3162.366193395029}}