{"mean":{"confidence_interval":{"confidence_level":0.95,"lower_bound":496974.7838243061,"upper_bound":498194.3490606994},"point_estimate":497531.87775568955,"standard_error":312.62113476152615},"median":{"confidence_interval":{"confidence_level":0.95,"lower_bound":497105.36363636365,"upper_bound":497769.2698412698},"point_estimate":497412.1182336182,"standard_error":169.44598922159264},"median_abs_dev":{"confidence_interval":{"confidence_level":0.95,"lower_bound":1546.3756200736395,"upper_bound":2965.9604662325696},"point_estimate":2173.400958081093,"standard_error":373.4940020284448},"slope":{"confidence_interval":{"confidence_level":0.95,"lower_bound":495904.6722625366,"upper_bound":496877.4602392453},"point_estimate":496365.9698458204,"standard_error":247.8848861282493},"std_dev":{"confidence_interval":{"confidence_level":0.95,"lower_bound":1876.1894653239776,"upper_bound":4541.265162700777},"point_estimate":3148.116430429606,"standard_error":769.4188097549535}}