{"mean":{"confidence_interval":{"confidence_level":0.95,"lower_bound":7177513.42457143,"upper_bound":7185689.234285713},"point_estimate":7181490.585714286,"standard_error":2080.585099655832},"median":{"confidence_interval":{"confidence_level":0.95,"lower_bound":7172927.285714285,"upper_bound":7181036.071428571},"point_estimate":7178551.142857144,"standard_error":1910.361250741293},"median_abs_dev":{"confidence_interval":{"confidence_level":0.95,"lower_bound":13094.83923002036,"upper_bound":22059.28730836897},"point_estimate":18211.72857667768,"standard_error":2291.083684324944},"slope":null,"std_dev":{"confidence_interval":{"confidence_level":0.95,"lower_bound":16678.899322975918,"upper_bound":24699.6561538308},"point_estimate":20919.919807489805,"standard_error":2041.88561850893}}