{"mean":{"confidence_interval":{"confidence_level":0.95,"lower_bound":0.029941898380307815,"upper_bound":0.05919221161687845},"point_estimate":0.042191030443816,"standard_error":0.00700474876526847},"median":{"confidence_interval":{"confidence_level":0.95,"lower_bound":0.02561286353817496,"upper_bound":0.027021888397922522},"point_estimate":0.026246254521787415,"standard_error":0.00035715760192019726}}