{"mean":{"confidence_interval":{"confidence_level":0.95,"lower_bound":-0.011567053989731235,"upper_bound":-0.008044346338281093},"point_estimate":-0.009819230691559988,"standard_error":0.0008972539405207209},"median":{"confidence_interval":{"confidence_level":0.95,"lower_bound":-0.011224826977742186,"upper_bound":-0.009859185229213696},"point_estimate":-0.010585532865542646,"standard_error":0.00035380567678272286}}