{"mean":{"confidence_interval":{"confidence_level":0.95,"lower_bound":0.04767088204764616,"upper_bound":0.05274584946313225},"point_estimate":0.04985457403441362,"standard_error":0.0012978923125746436},"median":{"confidence_interval":{"confidence_level":0.95,"lower_bound":0.04806189383441106,"upper_bound":0.04987079959908702},"point_estimate":0.04884848808905318,"standard_error":0.00044922421529273543}}