{"mean":{"confidence_interval":{"confidence_level":0.95,"lower_bound":0.010997404560422419,"upper_bound":0.01448340687674696},"point_estimate":0.0126838561735374,"standard_error":0.0008833107367709984},"median":{"confidence_interval":{"confidence_level":0.95,"lower_bound":0.011899628866681517,"upper_bound":0.013279400437884135},"point_estimate":0.012637920689554827,"standard_error":0.00035618150998575546}}