{"mean":{"confidence_interval":{"confidence_level":0.95,"lower_bound":0.010325691262178527,"upper_bound":0.016507006218773802},"point_estimate":0.012739084338184714,"standard_error":0.00157891440289672},"median":{"confidence_interval":{"confidence_level":0.95,"lower_bound":0.010916831219263567,"upper_bound":0.012211392982072543},"point_estimate":0.011500716640164166,"standard_error":0.00032990175561116783}}