{"mean":{"confidence_interval":{"confidence_level":0.95,"lower_bound":0.02785433788355519,"upper_bound":0.031103811635798825},"point_estimate":0.029443318291011877,"standard_error":0.0008211637137284079},"median":{"confidence_interval":{"confidence_level":0.95,"lower_bound":0.029668068340728215,"upper_bound":0.03133145917116745},"point_estimate":0.030728324790827877,"standard_error":0.00042298831941124925}}