{"mean":{"confidence_interval":{"confidence_level":0.95,"lower_bound":-0.040166937382450724,"upper_bound":-0.03476711026139832},"point_estimate":-0.03725284276140939,"standard_error":0.0013614692968412444},"median":{"confidence_interval":{"confidence_level":0.95,"lower_bound":-0.03780904524524066,"upper_bound":-0.03672135488253747},"point_estimate":-0.03751149716215929,"standard_error":0.0002884016426678771}}