{"mean":{"confidence_interval":{"confidence_level":0.95,"lower_bound":-0.030728344366751086,"upper_bound":-0.025926842172080845},"point_estimate":-0.02870573102109497,"standard_error":0.0012827790759259692},"median":{"confidence_interval":{"confidence_level":0.95,"lower_bound":-0.029876060474906953,"upper_bound":-0.028802692230382232},"point_estimate":-0.029321970373128448,"standard_error":0.00028145383203610996}}