{"mean":{"confidence_interval":{"confidence_level":0.95,"lower_bound":-0.029930427360312494,"upper_bound":-0.024531120526026285},"point_estimate":-0.027675999263290674,"standard_error":0.0014264371530848554},"median":{"confidence_interval":{"confidence_level":0.95,"lower_bound":-0.029325283415111536,"upper_bound":-0.028152098586293035},"point_estimate":-0.028774415502464068,"standard_error":0.00030448441250843273}}