{"mean":{"confidence_interval":{"confidence_level":0.95,"lower_bound":-0.005138638422769145,"upper_bound":-0.000549854487771188},"point_estimate":-0.0031395013242743186,"standard_error":0.0011730754786616036},"median":{"confidence_interval":{"confidence_level":0.95,"lower_bound":-0.004233446948081143,"upper_bound":-0.0029502628061019998},"point_estimate":-0.003540997095865084,"standard_error":0.00033189761099731144}}