{"mean":{"confidence_interval":{"confidence_level":0.95,"lower_bound":0.019946201083834443,"upper_bound":0.02415205753832501},"point_estimate":0.021862222352508676,"standard_error":0.0010756659997416076},"median":{"confidence_interval":{"confidence_level":0.95,"lower_bound":0.020945447153521535,"upper_bound":0.022232144589756198},"point_estimate":0.021579060828291086,"standard_error":0.00032951908145220415}}