{"mean":{"confidence_interval":{"confidence_level":0.95,"lower_bound":0.03727064339776624,"upper_bound":0.043184283839536756},"point_estimate":0.039621395040297935,"standard_error":0.0015012736626326439},"median":{"confidence_interval":{"confidence_level":0.95,"lower_bound":0.0378135368037289,"upper_bound":0.039256772878343234},"point_estimate":0.03844710171103105,"standard_error":0.0003732611841775789}}