{"mean":{"confidence_interval":{"confidence_level":0.95,"lower_bound":0.004931691043609867,"upper_bound":0.009369781390146548},"point_estimate":0.00686808056421806,"standard_error":0.0011226920184480053},"median":{"confidence_interval":{"confidence_level":0.95,"lower_bound":0.005548026911495807,"upper_bound":0.0071263480850043415},"point_estimate":0.006306500782677693,"standard_error":0.00039681207111003764}}