{"mean":{"confidence_interval":{"confidence_level":0.95,"lower_bound":0.017382418866600385,"upper_bound":0.023341316349187274},"point_estimate":0.019799878400501125,"standard_error":0.001505156634144952},"median":{"confidence_interval":{"confidence_level":0.95,"lower_bound":0.01732973394524276,"upper_bound":0.018533816420279292},"point_estimate":0.017920623030179605,"standard_error":0.0003133035319276299}}