{"mean":{"confidence_interval":{"confidence_level":0.95,"lower_bound":-0.0002624320411999864,"upper_bound":0.0028191693781379587},"point_estimate":0.0013726801408224798,"standard_error":0.0007813110712910048},"median":{"confidence_interval":{"confidence_level":0.95,"lower_bound":0.00022541104166240444,"upper_bound":0.0031241437921516457},"point_estimate":0.0017852159682381075,"standard_error":0.0008100945472429293}}