{"mean":{"confidence_interval":{"confidence_level":0.95,"lower_bound":0.05943039656435311,"upper_bound":0.06656314941167597},"point_estimate":0.06231589781468183,"standard_error":0.0017932108944639102},"median":{"confidence_interval":{"confidence_level":0.95,"lower_bound":0.05933723752773945,"upper_bound":0.06171478709644378},"point_estimate":0.060588383449091454,"standard_error":0.0005970274399705646}}