{"mean":{"confidence_interval":{"confidence_level":0.95,"lower_bound":0.003063703748709984,"upper_bound":0.0062946920776383135},"point_estimate":0.004679955487378207,"standard_error":0.0008259426369423384},"median":{"confidence_interval":{"confidence_level":0.95,"lower_bound":0.003194966800356802,"upper_bound":0.0044599814584753705},"point_estimate":0.003823551191431518,"standard_error":0.0003272133012601978}}