{"mean":{"confidence_interval":{"confidence_level":0.95,"lower_bound":0.012609725553583223,"upper_bound":0.01819137361737036},"point_estimate":0.015277817713219344,"standard_error":0.0014563957568618795},"median":{"confidence_interval":{"confidence_level":0.95,"lower_bound":0.012831867589543473,"upper_bound":0.014544488543945189},"point_estimate":0.013954309189086356,"standard_error":0.00044070683930787723}}