{"mean":{"confidence_interval":{"confidence_level":0.95,"lower_bound":60129.86083879437,"upper_bound":60488.48518913729},"point_estimate":60280.537480935025,"standard_error":93.54686766368926},"median":{"confidence_interval":{"confidence_level":0.95,"lower_bound":60077.73284313725,"upper_bound":60167.35882352941},"point_estimate":60134.31755554426,"standard_error":25.999233740181353},"median_abs_dev":{"confidence_interval":{"confidence_level":0.95,"lower_bound":122.39795096393514,"upper_bound":230.4561799452274},"point_estimate":173.8182351494013,"standard_error":28.092432049245385},"slope":{"confidence_interval":{"confidence_level":0.95,"lower_bound":60141.756735133196,"upper_bound":60436.94094927739},"point_estimate":60265.04688166622,"standard_error":76.31065613791496},"std_dev":{"confidence_interval":{"confidence_level":0.95,"lower_bound":209.99271977814865,"upper_bound":1476.8794873254055},"point_estimate":944.6928408595139,"standard_error":340.4271313459818}}