{"mean":{"confidence_interval":{"confidence_level":0.95,"lower_bound":9425.233415202136,"upper_bound":9449.450192894778},"point_estimate":9434.584341329364,"standard_error":6.453114156568251},"median":{"confidence_interval":{"confidence_level":0.95,"lower_bound":9421.665429505134,"upper_bound":9425.950767195767},"point_estimate":9422.985345145811,"standard_error":1.119484035601827},"median_abs_dev":{"confidence_interval":{"confidence_level":0.95,"lower_bound":6.209179376943157,"upper_bound":11.57229308674807},"point_estimate":9.365218848856749,"standard_error":1.3206771481755042},"slope":{"confidence_interval":{"confidence_level":0.95,"lower_bound":9425.365175416371,"upper_bound":9437.761021208918},"point_estimate":9430.12902868965,"standard_error":3.306504442113259},"std_dev":{"confidence_interval":{"confidence_level":0.95,"lower_bound":10.735961410130757,"upper_bound":107.70769269381069},"point_estimate":65.01267695059018,"standard_error":29.593172649291436}}