{"mean":{"confidence_interval":{"confidence_level":0.95,"lower_bound":30443.147722924085,"upper_bound":30547.807656722707},"point_estimate":30483.848212298617,"standard_error":27.829697603158984},"median":{"confidence_interval":{"confidence_level":0.95,"lower_bound":30420.641553102178,"upper_bound":30448.998148781044},"point_estimate":30428.2568640955,"standard_error":8.452769588182075},"median_abs_dev":{"confidence_interval":{"confidence_level":0.95,"lower_bound":46.46138334442397,"upper_bound":80.99148658672242},"point_estimate":60.270772831079746,"standard_error":8.87384530843393},"slope":{"confidence_interval":{"confidence_level":0.95,"lower_bound":30436.58655698723,"upper_bound":30477.323473289438},"point_estimate":30455.50132756559,"standard_error":10.374742647211967},"std_dev":{"confidence_interval":{"confidence_level":0.95,"lower_bound":71.7441766339224,"upper_bound":459.20458688969865},"point_estimate":278.61181342597826,"standard_error":124.7200921557043}}