{"mean":{"confidence_interval":{"confidence_level":0.95,"lower_bound":2678789.9364473685,"upper_bound":2684648.2865263154},"point_estimate":2681478.1999999993,"standard_error":1504.289306840261},"median":{"confidence_interval":{"confidence_level":0.95,"lower_bound":2676632.552631579,"upper_bound":2680280.3157894737},"point_estimate":2678350.2894736845,"standard_error":987.4253241591043},"median_abs_dev":{"confidence_interval":{"confidence_level":0.95,"lower_bound":5962.196787176169,"upper_bound":9984.569522739148},"point_estimate":8046.499230829693,"standard_error":1034.4280779050175},"slope":null,"std_dev":{"confidence_interval":{"confidence_level":0.95,"lower_bound":9189.338440448435,"upper_bound":21275.131860352},"point_estimate":15168.169911616511,"standard_error":3285.985644674805}}