{"mean":{"confidence_interval":{"confidence_level":0.95,"lower_bound":2882075.819097222,"upper_bound":2886898.804833332},"point_estimate":2884483.93,"standard_error":1228.7200058253338},"median":{"confidence_interval":{"confidence_level":0.95,"lower_bound":2884588.1666666665,"upper_bound":2888139.277777778},"point_estimate":2886011.916666667,"standard_error":834.3205570724824},"median_abs_dev":{"confidence_interval":{"confidence_level":0.95,"lower_bound":6329.384020964151,"upper_bound":13923.42581947683},"point_estimate":11859.152456124777,"standard_error":2129.988969292657},"slope":null,"std_dev":{"confidence_interval":{"confidence_level":0.95,"lower_bound":10346.403327442373,"upper_bound":14420.750189751998},"point_estimate":12361.35955265939,"standard_error":1045.9284713038473}}