{"mean":{"confidence_interval":{"confidence_level":0.95,"lower_bound":3643374.188339286,"upper_bound":3651423.6275535743},"point_estimate":3647374.102857142,"standard_error":2057.59330604231},"median":{"confidence_interval":{"confidence_level":0.95,"lower_bound":3643056.5714285714,"upper_bound":3657432.785714286},"point_estimate":3650271.8928571427,"standard_error":4108.915406377686},"median_abs_dev":{"confidence_interval":{"confidence_level":0.95,"lower_bound":16561.171205980634,"upper_bound":30550.666857617045},"point_estimate":25614.032545259775,"standard_error":3884.747823934681},"slope":null,"std_dev":{"confidence_interval":{"confidence_level":0.95,"lower_bound":18562.046206218103,"upper_bound":22476.900623218233},"point_estimate":20645.267201324674,"standard_error":999.1386505721752}}