{"mean":{"confidence_interval":{"confidence_level":0.95,"lower_bound":2877252.7531805546,"upper_bound":2883729.4593333337},"point_estimate":2880252.056666666,"standard_error":1657.0659809030594},"median":{"confidence_interval":{"confidence_level":0.95,"lower_bound":2877584.0555555555,"upper_bound":2881010.9444444445},"point_estimate":2879889.138888889,"standard_error":988.9415541917645},"median_abs_dev":{"confidence_interval":{"confidence_level":0.95,"lower_bound":8375.86618463137,"upper_bound":15225.07446636733},"point_estimate":12042.253552874083,"standard_error":1720.985272666981},"slope":null,"std_dev":{"confidence_interval":{"confidence_level":0.95,"lower_bound":10152.66998795603,"upper_bound":22939.903436344157},"point_estimate":16647.367921079112,"standard_error":3355.1113832800634}}