{"mean":{"confidence_interval":{"confidence_level":0.95,"lower_bound":3392048.135566666,"upper_bound":3394929.90005},"point_estimate":3393425.537333334,"standard_error":736.0085512300108},"median":{"confidence_interval":{"confidence_level":0.95,"lower_bound":3391134.6666666665,"upper_bound":3394233.533333333},"point_estimate":3392018.7666666666,"standard_error":825.4379533385834},"median_abs_dev":{"confidence_interval":{"confidence_level":0.95,"lower_bound":4654.96855735788,"upper_bound":7404.598468541639},"point_estimate":5936.083194613341,"standard_error":690.8341080303371},"slope":null,"std_dev":{"confidence_interval":{"confidence_level":0.95,"lower_bound":5479.137235362704,"upper_bound":9256.802415631253},"point_estimate":7382.008460297734,"standard_error":975.9529758922363}}