{"mean":{"confidence_interval":{"confidence_level":0.95,"lower_bound":2894690.212736111,"upper_bound":2902543.192777778},"point_estimate":2898248.3599999994,"standard_error":2013.9403226010388},"median":{"confidence_interval":{"confidence_level":0.95,"lower_bound":2895037.111111111,"upper_bound":2899492.0833333335},"point_estimate":2897630.833333333,"standard_error":1255.9470439101822},"median_abs_dev":{"confidence_interval":{"confidence_level":0.95,"lower_bound":7223.432988424559,"upper_bound":13598.942341904038},"point_estimate":10640.620011091232,"standard_error":1541.5818015703362},"slope":null,"std_dev":{"confidence_interval":{"confidence_level":0.95,"lower_bound":10724.54122697281,"upper_bound":27950.54864739943},"point_estimate":20227.174808163585,"standard_error":4378.196435071915}}