{"mean":{"confidence_interval":{"confidence_level":0.95,"lower_bound":3624890.3267142856,"upper_bound":3629045.627964286},"point_estimate":3626947.4721428584,"standard_error":1060.6501838181634},"median":{"confidence_interval":{"confidence_level":0.95,"lower_bound":3623990.5714285714,"upper_bound":3628614.6071428573},"point_estimate":3626822.9642857146,"standard_error":1112.2329149844384},"median_abs_dev":{"confidence_interval":{"confidence_level":0.95,"lower_bound":7833.793510922265,"upper_bound":12286.305981874466},"point_estimate":10533.07856300018,"standard_error":1115.9139809980422},"slope":null,"std_dev":{"confidence_interval":{"confidence_level":0.95,"lower_bound":8652.615309388022,"upper_bound":12601.411301219401},"point_estimate":10635.750479539634,"standard_error":1020.1959676094103}}