{"mean":{"confidence_interval":{"confidence_level":0.95,"lower_bound":3005540.8453611126,"upper_bound":3010236.678527777},"point_estimate":3007529.5822222214,"standard_error":1209.0909919914864},"median":{"confidence_interval":{"confidence_level":0.95,"lower_bound":3004442.9444444445,"upper_bound":3007512.5},"point_estimate":3006055.916666667,"standard_error":779.2112976488681},"median_abs_dev":{"confidence_interval":{"confidence_level":0.95,"lower_bound":4319.637389977696,"upper_bound":6711.525193763467},"point_estimate":5851.616179446916,"standard_error":620.0381052878188},"slope":null,"std_dev":{"confidence_interval":{"confidence_level":0.95,"lower_bound":5176.807974717346,"upper_bound":18901.9531970497},"point_estimate":12129.765142814811,"standard_error":4077.5211193171594}}