{"mean":{"confidence_interval":{"confidence_level":0.95,"lower_bound":3756248.5496607153,"upper_bound":3770664.570678571},"point_estimate":3762191.3614285723,"standard_error":3750.422214158727},"median":{"confidence_interval":{"confidence_level":0.95,"lower_bound":3753238.8214285714,"upper_bound":3757770.6428571427},"point_estimate":3755219.3214285714,"standard_error":1260.9777692685752},"median_abs_dev":{"confidence_interval":{"confidence_level":0.95,"lower_bound":6839.339578577344,"upper_bound":11589.695794241918},"point_estimate":9239.457135966944,"standard_error":1212.685427797123},"slope":null,"std_dev":{"confidence_interval":{"confidence_level":0.95,"lower_bound":10743.763891676212,"upper_bound":60211.951878527034},"point_estimate":37696.582727526016,"standard_error":14171.950989357305}}