{"mean":{"confidence_interval":{"confidence_level":0.95,"lower_bound":2890855.3830694444,"upper_bound":2897459.324138891},"point_estimate":2894049.785555555,"standard_error":1686.1871648980875},"median":{"confidence_interval":{"confidence_level":0.95,"lower_bound":2890000.777777778,"upper_bound":2897516.777777778},"point_estimate":2895548.944444444,"standard_error":1964.493685585209},"median_abs_dev":{"confidence_interval":{"confidence_level":0.95,"lower_bound":11274.966883162504,"upper_bound":18107.292057698418},"point_estimate":14678.934056062726,"standard_error":1770.7984477240998},"slope":null,"std_dev":{"confidence_interval":{"confidence_level":0.95,"lower_bound":12957.860278675511,"upper_bound":21250.75784250876},"point_estimate":16961.561477003965,"standard_error":2169.6163576004656}}