{"mean":{"confidence_interval":{"confidence_level":0.95,"lower_bound":2961898.749911764,"upper_bound":2994338.7839411763},"point_estimate":2976690.012941177,"standard_error":8302.966448251982},"median":{"confidence_interval":{"confidence_level":0.95,"lower_bound":2948888.8529411764,"upper_bound":2952681.1470588236},"point_estimate":2950620.294117647,"standard_error":902.3517150965902},"median_abs_dev":{"confidence_interval":{"confidence_level":0.95,"lower_bound":4767.561850653259,"upper_bound":10964.655317102795},"point_estimate":6999.136446328947,"standard_error":1618.9183892128299},"slope":null,"std_dev":{"confidence_interval":{"confidence_level":0.95,"lower_bound":47581.30105165535,"upper_bound":111818.55785076103},"point_estimate":83905.38323297462,"standard_error":16426.591252096347}}