{"mean":{"confidence_interval":{"confidence_level":0.95,"lower_bound":4958881.435318184,"upper_bound":4966434.986681817},"point_estimate":4962658.754545454,"standard_error":1916.949006075445},"median":{"confidence_interval":{"confidence_level":0.95,"lower_bound":4962198.2727272725,"upper_bound":4966556.909090909},"point_estimate":4964018.909090909,"standard_error":1136.9831755011728},"median_abs_dev":{"confidence_interval":{"confidence_level":0.95,"lower_bound":7062.312746664341,"upper_bound":12637.143048373639},"point_estimate":10157.090246948517,"standard_error":1384.5444003522564},"slope":null,"std_dev":{"confidence_interval":{"confidence_level":0.95,"lower_bound":14319.088514181029,"upper_bound":23958.74308821851},"point_estimate":19251.62585404913,"standard_error":2459.7746592666754}}