{"mean":{"confidence_interval":{"confidence_level":0.95,"lower_bound":3586701.067857142,"upper_bound":3593343.815999999},"point_estimate":3589562.529285716,"standard_error":1716.3758567762723},"median":{"confidence_interval":{"confidence_level":0.95,"lower_bound":3584756.0,"upper_bound":3587584.5},"point_estimate":3586044.4642857146,"standard_error":852.6878151206698},"median_abs_dev":{"confidence_interval":{"confidence_level":0.95,"lower_bound":4148.897176342499,"upper_bound":7200.352672168433},"point_estimate":5319.1980555660475,"standard_error":811.2964701478772},"slope":null,"std_dev":{"confidence_interval":{"confidence_level":0.95,"lower_bound":6397.999377349018,"upper_bound":26373.19789237052},"point_estimate":17177.215083578867,"standard_error":5454.554916875237}}