{"mean":{"confidence_interval":{"confidence_level":0.95,"lower_bound":12071.297774410601,"upper_bound":12130.563630399045},"point_estimate":12093.804225032925,"standard_error":16.05197255670979},"median":{"confidence_interval":{"confidence_level":0.95,"lower_bound":12067.742797808412,"upper_bound":12080.711454703833},"point_estimate":12077.189018602336,"standard_error":3.102830262917062},"median_abs_dev":{"confidence_interval":{"confidence_level":0.95,"lower_bound":19.89990839366727,"upper_bound":32.31119392548275},"point_estimate":24.716133135887457,"standard_error":3.288724053172757},"slope":{"confidence_interval":{"confidence_level":0.95,"lower_bound":12078.03132940036,"upper_bound":12093.539568149701},"point_estimate":12084.803998709664,"standard_error":3.976007098159155},"std_dev":{"confidence_interval":{"confidence_level":0.95,"lower_bound":29.37204009370885,"upper_bound":270.3043110075763},"point_estimate":161.9468661443841,"standard_error":77.5055418526774}}