{"mean":{"confidence_interval":{"confidence_level":0.95,"lower_bound":562722.4609582189,"upper_bound":564753.2457384808},"point_estimate":563531.0422811849,"standard_error":533.950820716289},"median":{"confidence_interval":{"confidence_level":0.95,"lower_bound":562294.5615384616,"upper_bound":562768.1036553863},"point_estimate":562503.5732323232,"standard_error":106.0660422540828},"median_abs_dev":{"confidence_interval":{"confidence_level":0.95,"lower_bound":840.2281413607202,"upper_bound":1699.1542735948442},"point_estimate":1388.861289816475,"standard_error":235.62644259065362},"slope":{"confidence_interval":{"confidence_level":0.95,"lower_bound":562888.0256399396,"upper_bound":564000.8949535944},"point_estimate":563391.103598345,"standard_error":285.4432833549879},"std_dev":{"confidence_interval":{"confidence_level":0.95,"lower_bound":1615.9905690968324,"upper_bound":8762.27193797408},"point_estimate":5373.643969841745,"standard_error":2285.854376364648}}