{"mean":{"confidence_interval":{"confidence_level":0.95,"lower_bound":589906.8164306843,"upper_bound":592399.0058621349},"point_estimate":590921.1828355937,"standard_error":651.8845059832703},"median":{"confidence_interval":{"confidence_level":0.95,"lower_bound":589770.3114754099,"upper_bound":590966.1666666666},"point_estimate":590483.0259051186,"standard_error":224.04159223668657},"median_abs_dev":{"confidence_interval":{"confidence_level":0.95,"lower_bound":1856.0366443710175,"upper_bound":3651.47616161017},"point_estimate":2850.4127341510475,"standard_error":422.7785225774675},"slope":{"confidence_interval":{"confidence_level":0.95,"lower_bound":590537.4454168594,"upper_bound":591972.8398086125},"point_estimate":591249.6181720112,"standard_error":366.4774333154202},"std_dev":{"confidence_interval":{"confidence_level":0.95,"lower_bound":2562.809759411636,"upper_bound":10563.245467852663},"point_estimate":6540.342441465371,"standard_error":2678.6599004776654}}