{"mean":{"confidence_interval":{"confidence_level":0.95,"lower_bound":583415.47742983,"upper_bound":585005.8095330365},"point_estimate":584089.8372728695,"standard_error":412.00482088757764},"median":{"confidence_interval":{"confidence_level":0.95,"lower_bound":583117.6867088608,"upper_bound":583707.3938672439},"point_estimate":583515.5522727272,"standard_error":172.825646346651},"median_abs_dev":{"confidence_interval":{"confidence_level":0.95,"lower_bound":850.4210035019854,"upper_bound":1449.3683130884647},"point_estimate":1076.1702388886733,"standard_error":156.48179122165118},"slope":{"confidence_interval":{"confidence_level":0.95,"lower_bound":583622.1963011454,"upper_bound":585934.3848864242},"point_estimate":584491.6603635289,"standard_error":631.3124185164787},"std_dev":{"confidence_interval":{"confidence_level":0.95,"lower_bound":1336.5406453553023,"upper_bound":6448.458337471718},"point_estimate":4132.794656671331,"standard_error":1392.4590996098302}}