{"mean":{"confidence_interval":{"confidence_level":0.95,"lower_bound":48996.2093613191,"upper_bound":49195.67850766796},"point_estimate":49076.15307755666,"standard_error":52.59864803127922},"median":{"confidence_interval":{"confidence_level":0.95,"lower_bound":48943.56261022927,"upper_bound":49012.761181139125},"point_estimate":48994.0424984876,"standard_error":15.575912306920939},"median_abs_dev":{"confidence_interval":{"confidence_level":0.95,"lower_bound":84.54369461016267,"upper_bound":133.76453398884078},"point_estimate":119.12668037686933,"standard_error":12.438215609089841},"slope":{"confidence_interval":{"confidence_level":0.95,"lower_bound":49005.78688884869,"upper_bound":49090.95918577184},"point_estimate":49042.17851196633,"standard_error":21.966622441382825},"std_dev":{"confidence_interval":{"confidence_level":0.95,"lower_bound":141.256024744706,"upper_bound":862.396057985475},"point_estimate":529.2882033125223,"standard_error":220.64627211359968}}