{"mean":{"confidence_interval":{"confidence_level":0.95,"lower_bound":14470243.7315,"upper_bound":14512798.534625},"point_estimate":14490261.545,"standard_error":10858.287163881225},"median":{"confidence_interval":{"confidence_level":0.95,"lower_bound":14445615.0,"upper_bound":14505637.25},"point_estimate":14482818.625,"standard_error":17618.877250478683},"median_abs_dev":{"confidence_interval":{"confidence_level":0.95,"lower_bound":76979.92648333311,"upper_bound":118021.25895470381},"point_estimate":93263.50731924176,"standard_error":10520.535630675695},"slope":null,"std_dev":{"confidence_interval":{"confidence_level":0.95,"lower_bound":77550.19305882053,"upper_bound":146664.26156463384},"point_estimate":109161.12823549849,"standard_error":19486.234090382914}}