{"mean":{"confidence_interval":{"confidence_level":0.95,"lower_bound":24693917.498333335,"upper_bound":24947491.085833337},"point_estimate":24798090.729999997,"standard_error":66639.77040200567},"median":{"confidence_interval":{"confidence_level":0.95,"lower_bound":24665245.5,"upper_bound":24709279.666666668},"point_estimate":24685476.5,"standard_error":11492.418563458512},"median_abs_dev":{"confidence_interval":{"confidence_level":0.95,"lower_bound":88033.82123708725,"upper_bound":157832.6511979066},"point_estimate":120185.48426628113,"standard_error":17647.410941152866},"slope":null,"std_dev":{"confidence_interval":{"confidence_level":0.95,"lower_bound":120644.25335498965,"upper_bound":1060870.0513219426},"point_estimate":669386.9680430717,"standard_error":258379.01314015142}}