{"mean":{"confidence_interval":{"confidence_level":0.95,"lower_bound":18832014.768083334,"upper_bound":18871666.341000002},"point_estimate":18850748.673333336,"standard_error":10160.008442130747},"median":{"confidence_interval":{"confidence_level":0.95,"lower_bound":18809249.0,"upper_bound":18846121.0},"point_estimate":18821165.5,"standard_error":8953.222847101633},"median_abs_dev":{"confidence_interval":{"confidence_level":0.95,"lower_bound":44643.216444924554,"upper_bound":73927.96355001259},"point_estimate":57480.64807951358,"standard_error":7560.397086423018},"slope":null,"std_dev":{"confidence_interval":{"confidence_level":0.95,"lower_bound":72369.55530885879,"upper_bound":129422.5630736972},"point_estimate":102285.76451263811,"standard_error":14628.147152455254}}