{"mean":{"confidence_interval":{"confidence_level":0.95,"lower_bound":18265173.265583336,"upper_bound":18391830.687083337},"point_estimate":18314181.44,"standard_error":34065.53816800435},"median":{"confidence_interval":{"confidence_level":0.95,"lower_bound":18229966.0,"upper_bound":18281011.333333332},"point_estimate":18253633.666666664,"standard_error":13729.1646588275},"median_abs_dev":{"confidence_interval":{"confidence_level":0.95,"lower_bound":72907.59500563421,"upper_bound":139823.50931763556},"point_estimate":106018.99441778475,"standard_error":17736.52390815311},"slope":null,"std_dev":{"confidence_interval":{"confidence_level":0.95,"lower_bound":101927.83425266478,"upper_bound":567633.5625083809},"point_estimate":342634.80745968205,"standard_error":159558.76472736226}}