{"mean":{"confidence_interval":{"confidence_level":0.95,"lower_bound":14421375.866687499,"upper_bound":14447315.777},"point_estimate":14433123.095,"standard_error":6668.1913045659685},"median":{"confidence_interval":{"confidence_level":0.95,"lower_bound":14416612.375,"upper_bound":14429942.25},"point_estimate":14423244.75,"standard_error":3785.7075152671405},"median_abs_dev":{"confidence_interval":{"confidence_level":0.95,"lower_bound":27195.331317186356,"upper_bound":47333.34776591509},"point_estimate":37195.65346464515,"standard_error":4917.998687018096},"slope":null,"std_dev":{"confidence_interval":{"confidence_level":0.95,"lower_bound":39540.874946559394,"upper_bound":96063.28117279056},"point_estimate":66819.45174794676,"standard_error":16346.279207521786}}