{"mean":{"confidence_interval":{"confidence_level":0.95,"lower_bound":18305234.86941666,"upper_bound":18356099.062166665},"point_estimate":18329983.086666666,"standard_error":12932.957880888955},"median":{"confidence_interval":{"confidence_level":0.95,"lower_bound":18295481.0,"upper_bound":18342235.0},"point_estimate":18322317.833333336,"standard_error":10230.393217915913},"median_abs_dev":{"confidence_interval":{"confidence_level":0.95,"lower_bound":76773.96863698775,"upper_bound":143425.85660368265},"point_estimate":111915.04741311533,"standard_error":17676.419199407363},"slope":null,"std_dev":{"confidence_interval":{"confidence_level":0.95,"lower_bound":104658.54470256761,"upper_bound":153160.80809850432},"point_estimate":129474.60383166323,"standard_error":12410.134141290648}}