{"mean":{"confidence_interval":{"confidence_level":0.95,"lower_bound":18377734.185166664,"upper_bound":18420768.295750007},"point_estimate":18398943.15,"standard_error":10964.575590313203},"median":{"confidence_interval":{"confidence_level":0.95,"lower_bound":18348628.333333332,"upper_bound":18419251.833333336},"point_estimate":18373176.166666668,"standard_error":19593.582076629544},"median_abs_dev":{"confidence_interval":{"confidence_level":0.95,"lower_bound":90854.21440951875,"upper_bound":137995.71065008733},"point_estimate":111290.13152420153,"standard_error":12245.386894353569},"slope":null,"std_dev":{"confidence_interval":{"confidence_level":0.95,"lower_bound":93565.89970031055,"upper_bound":126093.34558850362},"point_estimate":110549.70715391697,"standard_error":8330.779243160338}}