{"mean":{"confidence_interval":{"confidence_level":0.95,"lower_bound":14432431.728125,"upper_bound":14469444.3233125},"point_estimate":14448436.51,"standard_error":9525.64845594432},"median":{"confidence_interval":{"confidence_level":0.95,"lower_bound":14420268.125,"upper_bound":14441876.75},"point_estimate":14429329.0,"standard_error":5650.401184264832},"median_abs_dev":{"confidence_interval":{"confidence_level":0.95,"lower_bound":26770.01044973731,"upper_bound":43520.07746798917},"point_estimate":34837.39288151264,"standard_error":4250.7959950128},"slope":null,"std_dev":{"confidence_interval":{"confidence_level":0.95,"lower_bound":33963.01329242891,"upper_bound":142863.02478750053},"point_estimate":95461.20010383826,"standard_error":28328.683942425287}}