{"mean":{"confidence_interval":{"confidence_level":0.95,"lower_bound":18218254.447583336,"upper_bound":18449426.661666665},"point_estimate":18299247.85333333,"standard_error":70857.77480103953},"median":{"confidence_interval":{"confidence_level":0.95,"lower_bound":18210651.333333332,"upper_bound":18246821.666666668},"point_estimate":18235315.333333332,"standard_error":9591.687043947388},"median_abs_dev":{"confidence_interval":{"confidence_level":0.95,"lower_bound":53466.508650781565,"upper_bound":88327.88876436735},"point_estimate":65192.14474260807,"standard_error":8894.172858602738},"slope":null,"std_dev":{"confidence_interval":{"confidence_level":0.95,"lower_bound":60739.6887185551,"upper_bound":1219273.2737457438},"point_estimate":712407.3189752019,"standard_error":416697.01524752943}}