{"mean":{"confidence_interval":{"confidence_level":0.95,"lower_bound":924069.7815852967,"upper_bound":925941.8958474227},"point_estimate":924770.0191437914,"standard_error":515.0757145627698},"median":{"confidence_interval":{"confidence_level":0.95,"lower_bound":923836.1463414634,"upper_bound":924370.4571428571},"point_estimate":924066.715549233,"standard_error":135.98807264432602},"median_abs_dev":{"confidence_interval":{"confidence_level":0.95,"lower_bound":744.1367598151536,"upper_bound":1434.4045006826557},"point_estimate":1058.5284762686063,"standard_error":171.24771701899084},"slope":{"confidence_interval":{"confidence_level":0.95,"lower_bound":924036.8492396156,"upper_bound":924550.8258574856},"point_estimate":924281.1138362642,"standard_error":130.75670833284127},"std_dev":{"confidence_interval":{"confidence_level":0.95,"lower_bound":1129.0470797441058,"upper_bound":8704.563946759947},"point_estimate":5182.032037237483,"standard_error":2598.762761510238}}