{"mean":{"confidence_interval":{"confidence_level":0.95,"lower_bound":1010420.4181602227,"upper_bound":1018504.4643470665},"point_estimate":1013863.8399811136,"standard_error":2093.669419712574},"median":{"confidence_interval":{"confidence_level":0.95,"lower_bound":1010034.0,"upper_bound":1011147.294520548},"point_estimate":1010692.8404255318,"standard_error":314.58201596748046},"median_abs_dev":{"confidence_interval":{"confidence_level":0.95,"lower_bound":1959.9959034159917,"upper_bound":4134.7678131980265},"point_estimate":2767.194853506139,"standard_error":576.2195870387711},"slope":{"confidence_interval":{"confidence_level":0.95,"lower_bound":1009662.1054892562,"upper_bound":1020798.4004561411},"point_estimate":1014251.6834106694,"standard_error":2915.7726863696544},"std_dev":{"confidence_interval":{"confidence_level":0.95,"lower_bound":4268.54185192058,"upper_bound":32260.097089012517},"point_estimate":21056.05450178904,"standard_error":7113.102970167146}}