{"mean":{"confidence_interval":{"confidence_level":0.95,"lower_bound":-0.032771330516954786,"upper_bound":-0.029263354653605828},"point_estimate":-0.031005997135338137,"standard_error":0.0008935243996458466},"median":{"confidence_interval":{"confidence_level":0.95,"lower_bound":-0.03522141881687046,"upper_bound":-0.031179022711600002},"point_estimate":-0.033106000842973216,"standard_error":0.0010303359751993484}}