{"mean":{"confidence_interval":{"confidence_level":0.95,"lower_bound":-0.01913501388644439,"upper_bound":-0.015374645518474735},"point_estimate":-0.017396033299581393,"standard_error":0.0009539072782288137},"median":{"confidence_interval":{"confidence_level":0.95,"lower_bound":-0.02317403068708912,"upper_bound":-0.01663049476749834},"point_estimate":-0.02022015336478722,"standard_error":0.0017783176464636191}}