{"mean":{"confidence_interval":{"confidence_level":0.95,"lower_bound":-0.04877512339696041,"upper_bound":-0.04555365837822266},"point_estimate":-0.04718355549351472,"standard_error":0.000819292825705901},"median":{"confidence_interval":{"confidence_level":0.95,"lower_bound":-0.05118022590298876,"upper_bound":-0.04688869452025802},"point_estimate":-0.049037170570114585,"standard_error":0.0010886331293035905}}