{"mean":{"confidence_interval":{"confidence_level":0.95,"lower_bound":-0.05419593454581531,"upper_bound":-0.050519988310346056},"point_estimate":-0.0523916535268818,"standard_error":0.00093784096222021},"median":{"confidence_interval":{"confidence_level":0.95,"lower_bound":-0.05697815348657176,"upper_bound":-0.052091808343876056},"point_estimate":-0.05459930440679395,"standard_error":0.0012304969617245947}}