{"mean":{"confidence_interval":{"confidence_level":0.95,"lower_bound":-0.018345565942823112,"upper_bound":-0.01495860248880693},"point_estimate":-0.01664263413292222,"standard_error":0.0008626543788692141},"median":{"confidence_interval":{"confidence_level":0.95,"lower_bound":-0.018792843093817346,"upper_bound":-0.014051340815270635},"point_estimate":-0.01619733166187398,"standard_error":0.0011995749091342506}}