{"mean":{"confidence_interval":{"confidence_level":0.95,"lower_bound":-0.02059328807273073,"upper_bound":-0.01757912633842306},"point_estimate":-0.01910359292647834,"standard_error":0.0007667553662694024},"median":{"confidence_interval":{"confidence_level":0.95,"lower_bound":-0.022332885088585476,"upper_bound":-0.01846497231929156},"point_estimate":-0.020398658586782914,"standard_error":0.0009731986934373043}}