{"mean":{"confidence_interval":{"confidence_level":0.95,"lower_bound":-0.04330782126056801,"upper_bound":-0.040661041611679515},"point_estimate":-0.04204924228459461,"standard_error":0.0006797540630183779},"median":{"confidence_interval":{"confidence_level":0.95,"lower_bound":-0.04271123255030951,"upper_bound":-0.03956821533697549},"point_estimate":-0.0410603843923808,"standard_error":0.0008206323840555438}}