{"mean":{"confidence_interval":{"confidence_level":0.95,"lower_bound":-0.050200049379381696,"upper_bound":-0.046290843152316845},"point_estimate":-0.04829036269630915,"standard_error":0.001000095459766453},"median":{"confidence_interval":{"confidence_level":0.95,"lower_bound":-0.05308162198583688,"upper_bound":-0.04931965773512677},"point_estimate":-0.05127671013491808,"standard_error":0.0009405952204536498}}