{"mean":{"confidence_interval":{"confidence_level":0.95,"lower_bound":-0.024721893842027283,"upper_bound":-0.018018071276453794},"point_estimate":-0.021944395201685674,"standard_error":0.0017479815717848645},"median":{"confidence_interval":{"confidence_level":0.95,"lower_bound":-0.027270285431212793,"upper_bound":-0.022953675189402722},"point_estimate":-0.02522843988996948,"standard_error":0.001097191689591081}}