{"mean":{"confidence_interval":{"confidence_level":0.95,"lower_bound":0.1547372774260857,"upper_bound":0.15806092127648455},"point_estimate":0.1563921155682162,"standard_error":0.0008493085606766632},"median":{"confidence_interval":{"confidence_level":0.95,"lower_bound":0.15267990755242136,"upper_bound":0.1568772936585353},"point_estimate":0.15465915796691831,"standard_error":0.0010665360377148517}}