{"mean":{"confidence_interval":{"confidence_level":0.95,"lower_bound":-0.04841901661165565,"upper_bound":-0.04514661902685712},"point_estimate":-0.04678916713353909,"standard_error":0.0008361677060967147},"median":{"confidence_interval":{"confidence_level":0.95,"lower_bound":-0.05117230024756392,"upper_bound":-0.045342312508645954},"point_estimate":-0.0476363485102097,"standard_error":0.0014794919013687215}}