{"mean":{"confidence_interval":{"confidence_level":0.95,"lower_bound":0.006228155349997283,"upper_bound":0.008399216806032133},"point_estimate":0.007363061390287529,"standard_error":0.0005566321265090691},"median":{"confidence_interval":{"confidence_level":0.95,"lower_bound":0.006212811548357511,"upper_bound":0.009187713880454362},"point_estimate":0.008122301476151117,"standard_error":0.0007848327174209312}}