{"mean":{"confidence_interval":{"confidence_level":0.95,"lower_bound":-0.02166646066912967,"upper_bound":-0.018297716589246123},"point_estimate":-0.020022614734623745,"standard_error":0.0008620357766431592},"median":{"confidence_interval":{"confidence_level":0.95,"lower_bound":-0.023632188924813557,"upper_bound":-0.020020624353506933},"point_estimate":-0.022088324108915924,"standard_error":0.0009265485583765713}}