{"mean":{"confidence_interval":{"confidence_level":0.95,"lower_bound":-0.05932226893538403,"upper_bound":-0.05605594020147599},"point_estimate":-0.05777962248054214,"standard_error":0.0008325119881805969},"median":{"confidence_interval":{"confidence_level":0.95,"lower_bound":-0.06143211401380592,"upper_bound":-0.058041912957083275},"point_estimate":-0.05986668195465017,"standard_error":0.0008706812296676084}}