{"mean":{"confidence_interval":{"confidence_level":0.95,"lower_bound":-0.007619532259725115,"upper_bound":-0.004480831706296503},"point_estimate":-0.006054004194961937,"standard_error":0.0007965012398750796},"median":{"confidence_interval":{"confidence_level":0.95,"lower_bound":-0.008931512942235598,"upper_bound":-0.005121480694706082},"point_estimate":-0.007242318122536728,"standard_error":0.0009695854283464032}}