{"mean":{"confidence_interval":{"confidence_level":0.95,"lower_bound":0.18802221563695368,"upper_bound":0.1961689900119343},"point_estimate":0.1921030829221939,"standard_error":0.00206396758385882},"median":{"confidence_interval":{"confidence_level":0.95,"lower_bound":0.1829631618998826,"upper_bound":0.1912123895500281},"point_estimate":0.18732865003571808,"standard_error":0.00205469706338112}}