{"mean":{"confidence_interval":{"confidence_level":0.95,"lower_bound":7800.190254726841,"upper_bound":7817.643153223459},"point_estimate":7806.876302819798,"standard_error":4.70440701347446},"median":{"confidence_interval":{"confidence_level":0.95,"lower_bound":7795.3740157480315,"upper_bound":7801.234055915075},"point_estimate":7798.289360979338,"standard_error":1.570013968559542},"median_abs_dev":{"confidence_interval":{"confidence_level":0.95,"lower_bound":7.0163400633231845,"upper_bound":12.331511247847164},"point_estimate":9.674119806529749,"standard_error":1.258884931432707},"slope":{"confidence_interval":{"confidence_level":0.95,"lower_bound":7800.045098969599,"upper_bound":7805.85191700369},"point_estimate":7802.754326077572,"standard_error":1.481102776721939},"std_dev":{"confidence_interval":{"confidence_level":0.95,"lower_bound":10.853977620278659,"upper_bound":78.74782727999512},"point_estimate":47.3557043551982,"standard_error":22.225428884547792}}