{"mean":{"confidence_interval":{"confidence_level":0.95,"lower_bound":692479.4618074335,"upper_bound":693765.5419104038},"point_estimate":692978.7796667878,"standard_error":356.2709567659908},"median":{"confidence_interval":{"confidence_level":0.95,"lower_bound":692353.3563931298,"upper_bound":692948.5227190113},"point_estimate":692663.221798134,"standard_error":232.4015273078263},"median_abs_dev":{"confidence_interval":{"confidence_level":0.95,"lower_bound":12.614863465650439,"upper_bound":804.6950468780178},"point_estimate":423.8694536325891,"standard_error":234.3702248082044},"slope":{"confidence_interval":{"confidence_level":0.95,"lower_bound":692431.5650511482,"upper_bound":692896.6842391771},"point_estimate":692643.3364330326,"standard_error":119.83310116993292},"std_dev":{"confidence_interval":{"confidence_level":0.95,"lower_bound":232.1773329547578,"upper_bound":1824.2235330771975},"point_estimate":1191.320853035701,"standard_error":550.420287074302}}