{"mean":{"confidence_interval":{"confidence_level":0.95,"lower_bound":84847.50121215187,"upper_bound":85073.72354083849},"point_estimate":84945.89632488652,"standard_error":58.155181949644486},"median":{"confidence_interval":{"confidence_level":0.95,"lower_bound":84823.72222222222,"upper_bound":84902.80263157895},"point_estimate":84875.66031746031,"standard_error":20.668971476929443},"median_abs_dev":{"confidence_interval":{"confidence_level":0.95,"lower_bound":153.16102296680626,"upper_bound":252.39261224590533},"point_estimate":201.23803574581387,"standard_error":25.124318190698776},"slope":{"confidence_interval":{"confidence_level":0.95,"lower_bound":84809.5897433985,"upper_bound":84952.8134034717},"point_estimate":84867.14661716172,"standard_error":37.31948031009035},"std_dev":{"confidence_interval":{"confidence_level":0.95,"lower_bound":235.5806066727034,"upper_bound":891.1134004480839},"point_estimate":586.0476664102825,"standard_error":178.38568378257145}}