{"mean":{"confidence_interval":{"confidence_level":0.95,"lower_bound":21846861.86141666,"upper_bound":21894938.713250004},"point_estimate":21870475.72666667,"standard_error":12257.922637531734},"median":{"confidence_interval":{"confidence_level":0.95,"lower_bound":21829776.333333336,"upper_bound":21891416.333333332},"point_estimate":21858977.166666668,"standard_error":14896.166421705104},"median_abs_dev":{"confidence_interval":{"confidence_level":0.95,"lower_bound":93341.03494286722,"upper_bound":142679.98526692484},"point_estimate":124506.27478957268,"standard_error":12390.982048097323},"slope":null,"std_dev":{"confidence_interval":{"confidence_level":0.95,"lower_bound":101843.90447942076,"upper_bound":144277.63571306336},"point_estimate":123669.92234882792,"standard_error":10858.724945812237}}