{"mean":{"confidence_interval":{"confidence_level":0.95,"lower_bound":22118990.87358333,"upper_bound":22171297.76875},"point_estimate":22144279.91333335,"standard_error":13339.79834900028},"median":{"confidence_interval":{"confidence_level":0.95,"lower_bound":22107922.166666668,"upper_bound":22147200.0},"point_estimate":22128380.166666664,"standard_error":10247.564479680712},"median_abs_dev":{"confidence_interval":{"confidence_level":0.95,"lower_bound":73465.9606882167,"upper_bound":121844.01943683809},"point_estimate":95825.62539875507,"standard_error":12563.724229258742},"slope":null,"std_dev":{"confidence_interval":{"confidence_level":0.95,"lower_bound":102030.56393529453,"upper_bound":169256.08839673037},"point_estimate":134479.9508833255,"standard_error":17628.967080578397}}