{"mean":{"confidence_interval":{"confidence_level":0.95,"lower_bound":22115288.303999994,"upper_bound":22182210.793416675},"point_estimate":22147416.879999995,"standard_error":17064.807054716235},"median":{"confidence_interval":{"confidence_level":0.95,"lower_bound":22096236.833333332,"upper_bound":22149689.666666668},"point_estimate":22117802.333333336,"standard_error":14548.114179016133},"median_abs_dev":{"confidence_interval":{"confidence_level":0.95,"lower_bound":93964.32614930245,"upper_bound":153983.32746624763},"point_estimate":123236.18081212229,"standard_error":15219.001322577633},"slope":null,"std_dev":{"confidence_interval":{"confidence_level":0.95,"lower_bound":126732.0477338973,"upper_bound":212603.78426233897},"point_estimate":171219.50736901787,"standard_error":22018.062664941437}}