{"mean":{"confidence_interval":{"confidence_level":0.95,"lower_bound":21977914.958583344,"upper_bound":22048884.386499994},"point_estimate":22013023.06,"standard_error":18097.74496025314},"median":{"confidence_interval":{"confidence_level":0.95,"lower_bound":21973386.0,"upper_bound":22062252.833333332},"point_estimate":22024989.166666668,"standard_error":20963.792861612023},"median_abs_dev":{"confidence_interval":{"confidence_level":0.95,"lower_bound":118167.17150211243,"upper_bound":220926.91697776224},"point_estimate":168154.26511466227,"standard_error":26145.54515402731},"slope":null,"std_dev":{"confidence_interval":{"confidence_level":0.95,"lower_bound":154183.40950329803,"upper_bound":208074.61792902098},"point_estimate":181600.17870842622,"standard_error":13845.54035006535}}