{"mean":{"confidence_interval":{"confidence_level":0.95,"lower_bound":22357414.149583336,"upper_bound":22397484.956666652},"point_estimate":22376966.33666666,"standard_error":10229.079381037147},"median":{"confidence_interval":{"confidence_level":0.95,"lower_bound":22338337.333333332,"upper_bound":22384946.333333336},"point_estimate":22358386.166666668,"standard_error":10881.840435325115},"median_abs_dev":{"confidence_interval":{"confidence_level":0.95,"lower_bound":72185.56881844997,"upper_bound":122766.44372045534},"point_estimate":97883.47416222095,"standard_error":13285.47315355081},"slope":null,"std_dev":{"confidence_interval":{"confidence_level":0.95,"lower_bound":84656.29252651778,"upper_bound":119331.6484081616},"point_estimate":102851.71312838903,"standard_error":8884.435087564707}}