{"mean":{"confidence_interval":{"confidence_level":0.95,"lower_bound":22582917.59216667,"upper_bound":22740619.023166668},"point_estimate":22643742.24333333,"standard_error":42111.06700328466},"median":{"confidence_interval":{"confidence_level":0.95,"lower_bound":22561320.166666664,"upper_bound":22616159.0},"point_estimate":22582865.333333336,"standard_error":13687.520077151205},"median_abs_dev":{"confidence_interval":{"confidence_level":0.95,"lower_bound":83928.99610996062,"upper_bound":140703.18530201912},"point_estimate":115439.92885053618,"standard_error":14720.330875752616},"slope":null,"std_dev":{"confidence_interval":{"confidence_level":0.95,"lower_bound":111187.92226445103,"upper_bound":702460.0917728533},"point_estimate":423878.7562119091,"standard_error":195054.82695871365}}