{"mean":{"confidence_interval":{"confidence_level":0.95,"lower_bound":21746197.660416666,"upper_bound":21789129.67925},"point_estimate":21767197.926666666,"standard_error":10924.634602457516},"median":{"confidence_interval":{"confidence_level":0.95,"lower_bound":21707090.666666664,"upper_bound":21773739.333333332},"point_estimate":21735406.666666664,"standard_error":18011.635187259537},"median_abs_dev":{"confidence_interval":{"confidence_level":0.95,"lower_bound":70504.1830757997,"upper_bound":134120.6452763825},"point_estimate":101663.11569511982,"standard_error":16370.54330948259},"slope":null,"std_dev":{"confidence_interval":{"confidence_level":0.95,"lower_bound":93752.89751025615,"upper_bound":124393.0745740667},"point_estimate":110006.11901374375,"standard_error":7799.90793397521}}