{"mean":{"confidence_interval":{"confidence_level":0.95,"lower_bound":22283558.392083347,"upper_bound":22383985.502500005},"point_estimate":22327007.34666667,"standard_error":25908.519991613695},"median":{"confidence_interval":{"confidence_level":0.95,"lower_bound":22260903.833333336,"upper_bound":22312666.0},"point_estimate":22292324.166666668,"standard_error":13466.939142828785},"median_abs_dev":{"confidence_interval":{"confidence_level":0.95,"lower_bound":91710.17497182352,"upper_bound":153585.99067330177},"point_estimate":120038.70686888695,"standard_error":15450.03622583226},"slope":null,"std_dev":{"confidence_interval":{"confidence_level":0.95,"lower_bound":116456.88790041847,"upper_bound":402040.55529630324},"point_estimate":261008.1776870764,"standard_error":84620.26288052562}}