{"mean":{"confidence_interval":{"confidence_level":0.95,"lower_bound":23664382.477916665,"upper_bound":23710253.711333327},"point_estimate":23686045.516666673,"standard_error":11685.768464364583},"median":{"confidence_interval":{"confidence_level":0.95,"lower_bound":23649838.0,"upper_bound":23693807.333333336},"point_estimate":23669304.666666664,"standard_error":11187.69750190051},"median_abs_dev":{"confidence_interval":{"confidence_level":0.95,"lower_bound":71211.99483573528,"upper_bound":112931.6167950667},"point_estimate":90170.49489915556,"standard_error":10685.220849075524},"slope":null,"std_dev":{"confidence_interval":{"confidence_level":0.95,"lower_bound":81840.68263638529,"upper_bound":154700.7952160491},"point_estimate":117248.08531951293,"standard_error":19232.62457342408}}