{"mean":{"confidence_interval":{"confidence_level":0.95,"lower_bound":608394.8941227738,"upper_bound":609614.4139461124},"point_estimate":608912.129364034,"standard_error":315.12070429977814},"median":{"confidence_interval":{"confidence_level":0.95,"lower_bound":608112.3947368421,"upper_bound":608747.5254226904},"point_estimate":608442.0046396023,"standard_error":162.3670760280131},"median_abs_dev":{"confidence_interval":{"confidence_level":0.95,"lower_bound":954.1209971913715,"upper_bound":1571.0541140827888},"point_estimate":1159.857521491771,"standard_error":152.25993784766345},"slope":{"confidence_interval":{"confidence_level":0.95,"lower_bound":608149.9489662808,"upper_bound":609506.172208072},"point_estimate":608678.5235067238,"standard_error":362.4963009121053},"std_dev":{"confidence_interval":{"confidence_level":0.95,"lower_bound":1241.1105810961176,"upper_bound":4930.436176087281},"point_estimate":3159.0338817718093,"standard_error":1064.157401152678}}