{"mean":{"confidence_interval":{"confidence_level":0.95,"lower_bound":623245.2927727932,"upper_bound":624279.4435788933},"point_estimate":623692.8029340471,"standard_error":266.70236723640755},"median":{"confidence_interval":{"confidence_level":0.95,"lower_bound":623014.1444783198,"upper_bound":623466.525},"point_estimate":623297.727586207,"standard_error":122.15433703126685},"median_abs_dev":{"confidence_interval":{"confidence_level":0.95,"lower_bound":826.0609671838165,"upper_bound":1430.810878680742},"point_estimate":1094.8635871086444,"standard_error":157.8888754475253},"slope":{"confidence_interval":{"confidence_level":0.95,"lower_bound":622653.8091534532,"upper_bound":623152.9008278559},"point_estimate":622882.8330353184,"standard_error":126.78199215794524},"std_dev":{"confidence_interval":{"confidence_level":0.95,"lower_bound":1097.2288277348712,"upper_bound":4091.430416815635},"point_estimate":2677.983359496356,"standard_error":825.8118111262803}}