{"mean":{"confidence_interval":{"confidence_level":0.95,"lower_bound":758589.8978589972,"upper_bound":761561.6438673894},"point_estimate":759755.3545624778,"standard_error":790.1174164615912},"median":{"confidence_interval":{"confidence_level":0.95,"lower_bound":758432.9230212355,"upper_bound":759207.9873417722},"point_estimate":758760.3407258064,"standard_error":206.67871792409844},"median_abs_dev":{"confidence_interval":{"confidence_level":0.95,"lower_bound":1196.1957620476383,"upper_bound":2270.3088696939053},"point_estimate":1741.5078254155937,"standard_error":285.1180245433222},"slope":{"confidence_interval":{"confidence_level":0.95,"lower_bound":758389.3615321588,"upper_bound":759151.4920815071},"point_estimate":758746.6577715384,"standard_error":193.84624721384515},"std_dev":{"confidence_interval":{"confidence_level":0.95,"lower_bound":2004.5685451432066,"upper_bound":13200.423056329098},"point_estimate":7936.250679097215,"standard_error":3628.983214571352}}