{"mean":{"confidence_interval":{"confidence_level":0.95,"lower_bound":15838.448949022197,"upper_bound":15914.274883082853},"point_estimate":15866.797478228507,"standard_error":20.94946388150281},"median":{"confidence_interval":{"confidence_level":0.95,"lower_bound":15832.834856501524,"upper_bound":15846.902721088436},"point_estimate":15838.533308195072,"standard_error":4.3611634001796995},"median_abs_dev":{"confidence_interval":{"confidence_level":0.95,"lower_bound":20.16320180009014,"upper_bound":38.49322847291394},"point_estimate":28.839045756661825,"standard_error":4.708076433139764},"slope":{"confidence_interval":{"confidence_level":0.95,"lower_bound":15840.717937193936,"upper_bound":15857.685970630373},"point_estimate":15848.962697779372,"standard_error":4.333200632637666},"std_dev":{"confidence_interval":{"confidence_level":0.95,"lower_bound":41.412126393670206,"upper_bound":354.60892452127234},"point_estimate":210.84197867657983,"standard_error":106.19332084667796}}