{"mean":{"confidence_interval":{"confidence_level":0.95,"lower_bound":29689042.419,"upper_bound":29728774.698625002},"point_estimate":29708845.16,"standard_error":10161.604453934226},"median":{"confidence_interval":{"confidence_level":0.95,"lower_bound":29677720.5,"upper_bound":29735835.5},"point_estimate":29697566.5,"standard_error":14823.259831833579},"median_abs_dev":{"confidence_interval":{"confidence_level":0.95,"lower_bound":84172.76025563478,"upper_bound":132390.6178995967},"point_estimate":112136.81965917349,"standard_error":12495.718813132691},"slope":null,"std_dev":{"confidence_interval":{"confidence_level":0.95,"lower_bound":88300.3301067558,"upper_bound":114483.05154718315},"point_estimate":102089.46023010972,"standard_error":6687.357583909409}}