{"mean":{"confidence_interval":{"confidence_level":0.95,"lower_bound":30182486.369999997,"upper_bound":30223777.45325},"point_estimate":30201543.085,"standard_error":10519.243143004513},"median":{"confidence_interval":{"confidence_level":0.95,"lower_bound":30168237.5,"upper_bound":30208545.5},"point_estimate":30185835.75,"standard_error":9563.332059793254},"median_abs_dev":{"confidence_interval":{"confidence_level":0.95,"lower_bound":53755.368545651436,"upper_bound":85202.05528736115},"point_estimate":67870.83224505186,"standard_error":7909.337901737098},"slope":null,"std_dev":{"confidence_interval":{"confidence_level":0.95,"lower_bound":67932.66031058344,"upper_bound":147349.64526662315},"point_estimate":105873.27897689037,"standard_error":22261.68796163795}}