{"mean":{"confidence_interval":{"confidence_level":0.95,"lower_bound":30314746.938,"upper_bound":30562742.963749997},"point_estimate":30418824.51,"standard_error":64293.01717524708},"median":{"confidence_interval":{"confidence_level":0.95,"lower_bound":30270506.0,"upper_bound":30295495.0},"point_estimate":30278546.25,"standard_error":7221.205461911117},"median_abs_dev":{"confidence_interval":{"confidence_level":0.95,"lower_bound":36499.75810199976,"upper_bound":71833.08067470789},"point_estimate":50094.45856064558,"standard_error":9303.354804231056},"slope":null,"std_dev":{"confidence_interval":{"confidence_level":0.95,"lower_bound":139623.24717644483,"upper_bound":1011873.5820224857},"point_estimate":647249.3750215311,"standard_error":231635.8557541716}}