{"mean":{"confidence_interval":{"confidence_level":0.95,"lower_bound":29883027.147,"upper_bound":29934441.28225},"point_estimate":29906167.31,"standard_error":13134.900109626453},"median":{"confidence_interval":{"confidence_level":0.95,"lower_bound":29867074.0,"upper_bound":29908792.5},"point_estimate":29888369.5,"standard_error":11129.591594930711},"median_abs_dev":{"confidence_interval":{"confidence_level":0.95,"lower_bound":61725.08470416069,"upper_bound":100323.09241890907},"point_estimate":78551.111805439,"standard_error":9817.537485135688},"slope":null,"std_dev":{"confidence_interval":{"confidence_level":0.95,"lower_bound":73201.20845008118,"upper_bound":193772.38439518856},"point_estimate":132253.76316483977,"standard_error":33499.241127930145}}