{"mean":{"confidence_interval":{"confidence_level":0.95,"lower_bound":31071236.541625,"upper_bound":31127758.548249997},"point_estimate":31097641.77,"standard_error":14450.599369000098},"median":{"confidence_interval":{"confidence_level":0.95,"lower_bound":31045782.0,"upper_bound":31101892.0},"point_estimate":31058457.5,"standard_error":14769.552196645387},"median_abs_dev":{"confidence_interval":{"confidence_level":0.95,"lower_bound":67224.04800653458,"upper_bound":104870.59718817472},"point_estimate":90627.25924104452,"standard_error":10229.626962831275},"slope":null,"std_dev":{"confidence_interval":{"confidence_level":0.95,"lower_bound":95590.97047021199,"upper_bound":197456.0498997938},"point_estimate":145129.7032087042,"standard_error":27345.30061604133}}