{"mean":{"confidence_interval":{"confidence_level":0.95,"lower_bound":29742034.265625,"upper_bound":29827595.609750003},"point_estimate":29782268.43,"standard_error":21899.593866718933},"median":{"confidence_interval":{"confidence_level":0.95,"lower_bound":29696483.5,"upper_bound":29788730.75},"point_estimate":29741039.25,"standard_error":25300.682310288415},"median_abs_dev":{"confidence_interval":{"confidence_level":0.95,"lower_bound":111001.88937932253,"upper_bound":177137.70900517702},"point_estimate":136000.74883550406,"standard_error":16996.164517622896},"slope":null,"std_dev":{"confidence_interval":{"confidence_level":0.95,"lower_bound":145958.61548050994,"upper_bound":287233.7332695047},"point_estimate":220386.65923186895,"standard_error":36281.17887095116}}