{"mean":{"confidence_interval":{"confidence_level":0.95,"lower_bound":30063637.716000002,"upper_bound":30208985.33625},"point_estimate":30122999.51,"standard_error":37852.108713494934},"median":{"confidence_interval":{"confidence_level":0.95,"lower_bound":30042223.0,"upper_bound":30103051.5},"point_estimate":30078853.0,"standard_error":14917.539882665875},"median_abs_dev":{"confidence_interval":{"confidence_level":0.95,"lower_bound":82945.90877741575,"upper_bound":156942.4919962137},"point_estimate":115235.82425415516,"standard_error":19382.159181149225},"slope":null,"std_dev":{"confidence_interval":{"confidence_level":0.95,"lower_bound":125817.17829013175,"upper_bound":609056.1523242188},"point_estimate":379546.27782200044,"standard_error":146584.1851619085}}