{"mean":{"confidence_interval":{"confidence_level":0.95,"lower_bound":30062119.488875,"upper_bound":30102201.225875},"point_estimate":30081220.45,"standard_error":10244.670139213717},"median":{"confidence_interval":{"confidence_level":0.95,"lower_bound":30036670.5,"upper_bound":30081044.0},"point_estimate":30050311.25,"standard_error":11053.397226597672},"median_abs_dev":{"confidence_interval":{"confidence_level":0.95,"lower_bound":58874.044954776764,"upper_bound":99751.74472030248},"point_estimate":78384.31930840015,"standard_error":10491.329880062849},"slope":null,"std_dev":{"confidence_interval":{"confidence_level":0.95,"lower_bound":76277.34287969423,"upper_bound":129421.27640088463},"point_estimate":102524.49431444088,"standard_error":13836.402487953326}}