{"mean":{"confidence_interval":{"confidence_level":0.95,"lower_bound":30126355.573124997,"upper_bound":30187845.848},"point_estimate":30154576.585,"standard_error":15709.199034266712},"median":{"confidence_interval":{"confidence_level":0.95,"lower_bound":30118537.25,"upper_bound":30165803.0},"point_estimate":30136016.0,"standard_error":9823.06831106403},"median_abs_dev":{"confidence_interval":{"confidence_level":0.95,"lower_bound":77834.2747181654,"upper_bound":129207.10510611534},"point_estimate":97121.41777575016,"standard_error":13204.29901231507},"slope":null,"std_dev":{"confidence_interval":{"confidence_level":0.95,"lower_bound":99056.75107253344,"upper_bound":223339.4613542925},"point_estimate":157403.44750667032,"standard_error":35488.66990730578}}