{"mean":{"confidence_interval":{"confidence_level":0.95,"lower_bound":29064706.790625002,"upper_bound":29091448.65025},"point_estimate":29077654.575,"standard_error":6837.624172275083},"median":{"confidence_interval":{"confidence_level":0.95,"lower_bound":29057687.0,"upper_bound":29081955.0},"point_estimate":29069416.5,"standard_error":6090.2199998078095},"median_abs_dev":{"confidence_interval":{"confidence_level":0.95,"lower_bound":39897.506591677666,"upper_bound":65334.474340081215},"point_estimate":51249.4039401412,"standard_error":6139.144356594536},"slope":null,"std_dev":{"confidence_interval":{"confidence_level":0.95,"lower_bound":51835.548422630505,"upper_bound":85141.48031873368},"point_estimate":68741.4619473463,"standard_error":8581.282805263612}}