{"mean":{"confidence_interval":{"confidence_level":0.95,"lower_bound":0.026609738058723485,"upper_bound":0.0358100774632155},"point_estimate":0.03216146220856397,"standard_error":0.0024413958247829007},"median":{"confidence_interval":{"confidence_level":0.95,"lower_bound":0.03257548010275646,"upper_bound":0.03547739888158663},"point_estimate":0.03386856048893061,"standard_error":0.0006949018180337337}}