{"mean":{"confidence_interval":{"confidence_level":0.95,"lower_bound":-0.007919391877509663,"upper_bound":0.0007871354775990536},"point_estimate":-0.002581728677806483,"standard_error":0.002338451840104348},"median":{"confidence_interval":{"confidence_level":0.95,"lower_bound":-0.0026600511681086347,"upper_bound":0.00044597473734619975},"point_estimate":-0.001051158861724466,"standard_error":0.0008095184992444858}}