{"mean":{"confidence_interval":{"confidence_level":0.95,"lower_bound":-0.023103301969092212,"upper_bound":-0.014129103906542515},"point_estimate":-0.01777515406179797,"standard_error":0.002359022000370734},"median":{"confidence_interval":{"confidence_level":0.95,"lower_bound":-0.01711202238438301,"upper_bound":-0.014505824055164119},"point_estimate":-0.01564812370945634,"standard_error":0.0006255345156391171}}