{"mean":{"confidence_interval":{"confidence_level":0.95,"lower_bound":-0.017291624547738894,"upper_bound":-0.0037964221960080117},"point_estimate":-0.010026324484377791,"standard_error":0.0034757037480011217},"median":{"confidence_interval":{"confidence_level":0.95,"lower_bound":-0.012414363468089329,"upper_bound":-0.00935270579902836},"point_estimate":-0.010737222409975433,"standard_error":0.0007866007231696418}}