{"mean":{"confidence_interval":{"confidence_level":0.95,"lower_bound":-0.0041273375289667714,"upper_bound":0.012436693016661813},"point_estimate":0.003978266112885986,"standard_error":0.004226562102618835},"median":{"confidence_interval":{"confidence_level":0.95,"lower_bound":-0.0018175822989512287,"upper_bound":0.0011397090206366478},"point_estimate":-0.0006454155159096864,"standard_error":0.0007623203639512081}}