{"mean":{"confidence_interval":{"confidence_level":0.95,"lower_bound":-0.0061411050339027955,"upper_bound":0.002215320363569322},"point_estimate":-0.0010308080007680465,"standard_error":0.002284886992424512},"median":{"confidence_interval":{"confidence_level":0.95,"lower_bound":-0.0006130136436350853,"upper_bound":0.002124563335757168},"point_estimate":0.0006184403941849048,"standard_error":0.0006773013080831036}}