{"mean":{"confidence_interval":{"confidence_level":0.95,"lower_bound":-0.034549471409949455,"upper_bound":-0.02604368365515948},"point_estimate":-0.0294182504489936,"standard_error":0.0022724838946400635},"median":{"confidence_interval":{"confidence_level":0.95,"lower_bound":-0.029205674622683087,"upper_bound":-0.026468382562432335},"point_estimate":-0.027786667964410094,"standard_error":0.0006787128357415027}}