{"mean":{"confidence_interval":{"confidence_level":0.95,"lower_bound":-0.025389288838581547,"upper_bound":-0.017071527073852823},"point_estimate":-0.020262502669736504,"standard_error":0.002263215227178989},"median":{"confidence_interval":{"confidence_level":0.95,"lower_bound":-0.01925667600820502,"upper_bound":-0.016422595608299728},"point_estimate":-0.0177425513586702,"standard_error":0.0007206454074743092}}