{"mean":{"confidence_interval":{"confidence_level":0.95,"lower_bound":-0.023393339259022383,"upper_bound":-0.012086251134799417},"point_estimate":-0.01737534768320359,"standard_error":0.0028624626329425305},"median":{"confidence_interval":{"confidence_level":0.95,"lower_bound":-0.02131211502532615,"upper_bound":-0.0157045892666049},"point_estimate":-0.018554983370514866,"standard_error":0.0014439495857230512}}