{"mean":{"confidence_interval":{"confidence_level":0.95,"lower_bound":0.01485897278810376,"upper_bound":0.023969289972597202},"point_estimate":0.01918196485950774,"standard_error":0.0023058574482562127},"median":{"confidence_interval":{"confidence_level":0.95,"lower_bound":0.018672887198721764,"upper_bound":0.02381344282528719},"point_estimate":0.021101703324266197,"standard_error":0.0013510173928514332}}