{"mean":{"confidence_interval":{"confidence_level":0.95,"lower_bound":-0.00975360269910705,"upper_bound":-0.0008797651715201741},"point_estimate":-0.004408794114402759,"standard_error":0.0023501974359807862},"median":{"confidence_interval":{"confidence_level":0.95,"lower_bound":-0.004942755459083514,"upper_bound":-0.0013939569140710706},"point_estimate":-0.003248782727162447,"standard_error":0.0008630703438030828}}