{"mean":{"confidence_interval":{"confidence_level":0.95,"lower_bound":-0.029555130688624812,"upper_bound":-0.020932268301339117},"point_estimate":-0.02434850138621536,"standard_error":0.0022920706941174083},"median":{"confidence_interval":{"confidence_level":0.95,"lower_bound":-0.024759583697377407,"upper_bound":-0.021988687660987383},"point_estimate":-0.023331798068794152,"standard_error":0.0006901826610405058}}