{"mean":{"confidence_interval":{"confidence_level":0.95,"lower_bound":-0.04104734038764441,"upper_bound":-0.032680132250998216},"point_estimate":-0.03593137008167513,"standard_error":0.0022504177760986972},"median":{"confidence_interval":{"confidence_level":0.95,"lower_bound":-0.03579997596202855,"upper_bound":-0.0328557394108387},"point_estimate":-0.03427050022348632,"standard_error":0.0007540784578534048}}