{"mean":{"confidence_interval":{"confidence_level":0.95,"lower_bound":-0.03287885071126691,"upper_bound":-0.024573477916882778},"point_estimate":-0.027759133873856534,"standard_error":0.002248771304455383},"median":{"confidence_interval":{"confidence_level":0.95,"lower_bound":-0.026978337422552595,"upper_bound":-0.024299307749645394},"point_estimate":-0.02557086715436596,"standard_error":0.0006604870982299384}}