{"mean":{"confidence_interval":{"confidence_level":0.95,"lower_bound":-0.1591863850912173,"upper_bound":-0.1517653025526009},"point_estimate":-0.15465141849932462,"standard_error":0.0019832389738290066},"median":{"confidence_interval":{"confidence_level":0.95,"lower_bound":-0.15551122717786847,"upper_bound":-0.15199549106083332},"point_estimate":-0.15391825813123694,"standard_error":0.0009468858259127099}}