{"mean":{"confidence_interval":{"confidence_level":0.95,"lower_bound":-0.009910678298648742,"upper_bound":-0.0006310708586546184},"point_estimate":-0.004368234759339784,"standard_error":0.0024211192437884528},"median":{"confidence_interval":{"confidence_level":0.95,"lower_bound":-0.004098585880695733,"upper_bound":-0.000586223720221879},"point_estimate":-0.002001592738023361,"standard_error":0.0009436845521582064}}