{"mean":{"confidence_interval":{"confidence_level":0.95,"lower_bound":-0.15166675632710164,"upper_bound":-0.14404432834917125},"point_estimate":-0.14698498406778926,"standard_error":0.002025364665593509},"median":{"confidence_interval":{"confidence_level":0.95,"lower_bound":-0.147403576257649,"upper_bound":-0.14341510507602184},"point_estimate":-0.145208345635212,"standard_error":0.0009766034385079178}}