{"mean":{"confidence_interval":{"confidence_level":0.95,"lower_bound":-0.007688241354321586,"upper_bound":-0.002103005415375016},"point_estimate":-0.0047068834749860455,"standard_error":0.0014295329326444854},"median":{"confidence_interval":{"confidence_level":0.95,"lower_bound":-0.00419245039714411,"upper_bound":-0.0006598631066394578},"point_estimate":-0.0027809503317274276,"standard_error":0.0009873518888169211}}