{"mean":{"confidence_interval":{"confidence_level":0.95,"lower_bound":-0.03211073986095216,"upper_bound":-0.02337707759497661},"point_estimate":-0.026792255020637312,"standard_error":0.0023153710060943872},"median":{"confidence_interval":{"confidence_level":0.95,"lower_bound":-0.02750841182606978,"upper_bound":-0.02441564460944312},"point_estimate":-0.025801383860961757,"standard_error":0.0007978577568372667}}