{"mean":{"confidence_interval":{"confidence_level":0.95,"lower_bound":5889307.107777777,"upper_bound":5896513.8185555525},"point_estimate":5892664.205555557,"standard_error":1847.8943527285762},"median":{"confidence_interval":{"confidence_level":0.95,"lower_bound":5885451.111111111,"upper_bound":5891197.333333333},"point_estimate":5887207.0,"standard_error":1405.889010823716},"median_abs_dev":{"confidence_interval":{"confidence_level":0.95,"lower_bound":7694.529130061621,"upper_bound":16023.363948861605},"point_estimate":11765.254457791569,"standard_error":2289.5414975658587},"slope":null,"std_dev":{"confidence_interval":{"confidence_level":0.95,"lower_bound":12799.412900703292,"upper_bound":24568.585815551265},"point_estimate":18515.23411206457,"standard_error":3128.428950545211}}