{"mean":{"confidence_interval":{"confidence_level":0.95,"lower_bound":7539144.848107145,"upper_bound":7552098.585607143},"point_estimate":7545567.818571432,"standard_error":3307.6627262325246},"median":{"confidence_interval":{"confidence_level":0.95,"lower_bound":7530573.857142857,"upper_bound":7553979.714285715},"point_estimate":7538400.357142856,"standard_error":6561.391283678257},"median_abs_dev":{"confidence_interval":{"confidence_level":0.95,"lower_bound":28435.396467671526,"upper_bound":43740.09067095778},"point_estimate":36342.867254785226,"standard_error":3882.7942352113214},"slope":null,"std_dev":{"confidence_interval":{"confidence_level":0.95,"lower_bound":29004.28508366838,"upper_bound":37444.324700129204},"point_estimate":33395.711855746275,"standard_error":2153.739224692892}}