{"mean":{"confidence_interval":{"confidence_level":0.95,"lower_bound":7422411.830249998,"upper_bound":7434524.01457143},"point_estimate":7428159.819999997,"standard_error":3089.3075626186283},"median":{"confidence_interval":{"confidence_level":0.95,"lower_bound":7415322.5,"upper_bound":7426227.857142857},"point_estimate":7418318.714285715,"standard_error":2830.2339567770027},"median_abs_dev":{"confidence_interval":{"confidence_level":0.95,"lower_bound":12935.367070351624,"upper_bound":20354.86125612818},"point_estimate":15490.204524993896,"standard_error":1891.289845841097},"slope":null,"std_dev":{"confidence_interval":{"confidence_level":0.95,"lower_bound":22462.0068414616,"upper_bound":38363.59682389825},"point_estimate":31057.004881974226,"standard_error":4064.754372253393}}