{"mean":{"confidence_interval":{"confidence_level":0.95,"lower_bound":7288820.988142858,"upper_bound":7303706.403678572},"point_estimate":7296178.017142857,"standard_error":3793.035402971977},"median":{"confidence_interval":{"confidence_level":0.95,"lower_bound":7286679.5,"upper_bound":7308860.571428572},"point_estimate":7296493.785714285,"standard_error":6357.075451262995},"median_abs_dev":{"confidence_interval":{"confidence_level":0.95,"lower_bound":29205.630981496502,"upper_bound":47948.02180125186},"point_estimate":38023.28842495189,"standard_error":4608.916471382549},"slope":null,"std_dev":{"confidence_interval":{"confidence_level":0.95,"lower_bound":32107.094596701285,"upper_bound":44617.71235969148},"point_estimate":38140.134194289254,"standard_error":3235.9942062947184}}