{"mean":{"confidence_interval":{"confidence_level":0.95,"lower_bound":7637343.239285714,"upper_bound":7649456.6473571425},"point_estimate":7643359.280000004,"standard_error":3096.0439797237636},"median":{"confidence_interval":{"confidence_level":0.95,"lower_bound":7635402.642857144,"upper_bound":7653953.571428572},"point_estimate":7643499.714285715,"standard_error":5003.626262260747},"median_abs_dev":{"confidence_interval":{"confidence_level":0.95,"lower_bound":23117.65188957944,"upper_bound":38639.626414009406},"point_estimate":28726.962989994357,"standard_error":3935.798650923283},"slope":null,"std_dev":{"confidence_interval":{"confidence_level":0.95,"lower_bound":26620.42791602576,"upper_bound":35270.50680289955},"point_estimate":31059.85967995101,"standard_error":2207.421650320328}}