{"mean":{"confidence_interval":{"confidence_level":0.95,"lower_bound":7169792.448821429,"upper_bound":7184558.476178574},"point_estimate":7176820.837142858,"standard_error":3763.4499566557256},"median":{"confidence_interval":{"confidence_level":0.95,"lower_bound":7160924.857142857,"upper_bound":7173084.714285715},"point_estimate":7168881.142857143,"standard_error":3056.4857099111427},"median_abs_dev":{"confidence_interval":{"confidence_level":0.95,"lower_bound":15967.707616516424,"upper_bound":26738.79642529206},"point_estimate":20989.273727365802,"standard_error":2856.1722623488654},"slope":null,"std_dev":{"confidence_interval":{"confidence_level":0.95,"lower_bound":27381.36654970102,"upper_bound":46797.88419052426},"point_estimate":37703.224606660195,"standard_error":4970.428815237462}}