{"mean":{"confidence_interval":{"confidence_level":0.95,"lower_bound":7444117.226678571,"upper_bound":7463503.425178569},"point_estimate":7453607.355714287,"standard_error":4950.130788294137},"median":{"confidence_interval":{"confidence_level":0.95,"lower_bound":7446210.857142857,"upper_bound":7461858.857142857},"point_estimate":7452748.357142856,"standard_error":4052.0363269303384},"median_abs_dev":{"confidence_interval":{"confidence_level":0.95,"lower_bound":22478.227700931882,"upper_bound":60606.34123902335},"point_estimate":35233.35297448285,"standard_error":10375.301350497813},"slope":null,"std_dev":{"confidence_interval":{"confidence_level":0.95,"lower_bound":39393.813266751524,"upper_bound":59608.38604602301},"point_estimate":49471.57699784886,"standard_error":5224.436215801012}}