{"mean":{"confidence_interval":{"confidence_level":0.95,"lower_bound":8914765.610000001,"upper_bound":8946885.813666666},"point_estimate":8929988.73333333,"standard_error":8217.428853738364},"median":{"confidence_interval":{"confidence_level":0.95,"lower_bound":8898537.583333334,"upper_bound":8925303.5},"point_estimate":8913278.916666668,"standard_error":6285.967323734475},"median_abs_dev":{"confidence_interval":{"confidence_level":0.95,"lower_bound":45909.820134935,"upper_bound":78245.37498086423},"point_estimate":62670.612837371445,"standard_error":7979.67965486462},"slope":null,"std_dev":{"confidence_interval":{"confidence_level":0.95,"lower_bound":60451.964136183116,"upper_bound":107846.98108095613},"point_estimate":82972.29848019403,"standard_error":12619.736284592635}}