{"mean":{"confidence_interval":{"confidence_level":0.95,"lower_bound":7509228.003392861,"upper_bound":7526783.417071429},"point_estimate":7518121.912857146,"standard_error":4465.9308352062335},"median":{"confidence_interval":{"confidence_level":0.95,"lower_bound":7520466.428571429,"upper_bound":7537281.571428572},"point_estimate":7528827.857142856,"standard_error":4839.131637662683},"median_abs_dev":{"confidence_interval":{"confidence_level":0.95,"lower_bound":22937.195645283227,"upper_bound":45562.20339110949},"point_estimate":32246.655327507327,"standard_error":5499.8025145688325},"slope":null,"std_dev":{"confidence_interval":{"confidence_level":0.95,"lower_bound":38558.15858493157,"upper_bound":50463.22761189049},"point_estimate":45011.29792174223,"standard_error":3033.1824230949414}}