{"mean":{"confidence_interval":{"confidence_level":0.95,"lower_bound":31676992.179250002,"upper_bound":31773709.137},"point_estimate":31722515.225,"standard_error":24698.008545153367},"median":{"confidence_interval":{"confidence_level":0.95,"lower_bound":31613538.25,"upper_bound":31739809.0},"point_estimate":31656422.25,"standard_error":28953.923490045287},"median_abs_dev":{"confidence_interval":{"confidence_level":0.95,"lower_bound":133047.78033792973,"upper_bound":241584.32835102075},"point_estimate":189130.46019226313,"standard_error":27701.127112336362},"slope":null,"std_dev":{"confidence_interval":{"confidence_level":0.95,"lower_bound":173666.66322893367,"upper_bound":324344.2708128363},"point_estimate":247069.00288290388,"standard_error":39774.62193237207}}