{"mean":{"confidence_interval":{"confidence_level":0.95,"lower_bound":31046001.71475,"upper_bound":31305469.034874998},"point_estimate":31158070.305,"standard_error":67142.92464484506},"median":{"confidence_interval":{"confidence_level":0.95,"lower_bound":30957064.0,"upper_bound":31093387.0},"point_estimate":31026092.0,"standard_error":31736.852255280675},"median_abs_dev":{"confidence_interval":{"confidence_level":0.95,"lower_bound":182161.49901598692,"upper_bound":301071.94730490446},"point_estimate":243651.96227431297,"standard_error":31047.93711441436},"slope":null,"std_dev":{"confidence_interval":{"confidence_level":0.95,"lower_bound":255733.7809938135,"upper_bound":1039986.7575843491},"point_estimate":675617.5147591108,"standard_error":215618.9248396615}}