{"mean":{"confidence_interval":{"confidence_level":0.95,"lower_bound":31828164.106875,"upper_bound":31992042.899875},"point_estimate":31893798.8,"standard_error":42989.34111664665},"median":{"confidence_interval":{"confidence_level":0.95,"lower_bound":31813461.0,"upper_bound":31905896.0},"point_estimate":31851392.75,"standard_error":22788.572918284048},"median_abs_dev":{"confidence_interval":{"confidence_level":0.95,"lower_bound":145123.55712354183,"upper_bound":217979.63178008795},"point_estimate":182201.15856528282,"standard_error":18580.609149555017},"slope":null,"std_dev":{"confidence_interval":{"confidence_level":0.95,"lower_bound":147789.41659878194,"upper_bound":700663.4592249888},"point_estimate":430743.57359704917,"standard_error":180521.53099738507}}