{"mean":{"confidence_interval":{"confidence_level":0.95,"lower_bound":31807769.088375,"upper_bound":31879746.4395},"point_estimate":31843804.915,"standard_error":18339.69205499694},"median":{"confidence_interval":{"confidence_level":0.95,"lower_bound":31819822.5,"upper_bound":31879213.5},"point_estimate":31841292.5,"standard_error":15448.592441577553},"median_abs_dev":{"confidence_interval":{"confidence_level":0.95,"lower_bound":112811.77329719067,"upper_bound":196423.74011278152},"point_estimate":156719.71281766891,"standard_error":20465.68191523731},"slope":null,"std_dev":{"confidence_interval":{"confidence_level":0.95,"lower_bound":157199.05796767253,"upper_bound":208532.9961360501},"point_estimate":184423.04408218805,"standard_error":13090.819425563035}}