{"mean":{"confidence_interval":{"confidence_level":0.95,"lower_bound":31056101.225,"upper_bound":31228735.41},"point_estimate":31139861.365,"standard_error":43867.44129865696},"median":{"confidence_interval":{"confidence_level":0.95,"lower_bound":30969493.0,"upper_bound":31169476.5},"point_estimate":31038444.75,"standard_error":57894.62562752202},"median_abs_dev":{"confidence_interval":{"confidence_level":0.95,"lower_bound":277749.1671189666,"upper_bound":485115.95910496934},"point_estimate":379462.56766319275,"standard_error":49718.52447713096},"slope":null,"std_dev":{"confidence_interval":{"confidence_level":0.95,"lower_bound":352717.3506858602,"upper_bound":524755.0935958805},"point_estimate":441795.8837909544,"standard_error":44298.72184657885}}