{"mean":{"confidence_interval":{"confidence_level":0.95,"lower_bound":30775169.647875,"upper_bound":31085137.347375},"point_estimate":30898474.245,"standard_error":81786.97750202265},"median":{"confidence_interval":{"confidence_level":0.95,"lower_bound":30719948.0,"upper_bound":30831329.5},"point_estimate":30770496.75,"standard_error":29667.222131956703},"median_abs_dev":{"confidence_interval":{"confidence_level":0.95,"lower_bound":155152.97529548407,"upper_bound":266993.64560991526},"point_estimate":198466.76287651062,"standard_error":28453.506994531494},"slope":null,"std_dev":{"confidence_interval":{"confidence_level":0.95,"lower_bound":249925.89179738265,"upper_bound":1346832.588325364},"point_estimate":824371.6863458129,"standard_error":352739.26106656465}}