{"mean":{"confidence_interval":{"confidence_level":0.95,"lower_bound":33192263.793,"upper_bound":33439264.04025},"point_estimate":33300953.15,"standard_error":63496.5017340652},"median":{"confidence_interval":{"confidence_level":0.95,"lower_bound":33172763.75,"upper_bound":33257787.0},"point_estimate":33232601.25,"standard_error":22841.27110081116},"median_abs_dev":{"confidence_interval":{"confidence_level":0.95,"lower_bound":137322.1160620451,"upper_bound":239274.69704702494},"point_estimate":179111.42022013664,"standard_error":26311.007915469658},"slope":null,"std_dev":{"confidence_interval":{"confidence_level":0.95,"lower_bound":251835.64608436762,"upper_bound":932085.0839989531},"point_estimate":636718.3173068274,"standard_error":177740.67411857907}}