{"mean":{"confidence_interval":{"confidence_level":0.95,"lower_bound":30808319.19,"upper_bound":31018965.996375},"point_estimate":30894293.06,"standard_error":55170.512773616305},"median":{"confidence_interval":{"confidence_level":0.95,"lower_bound":30777239.25,"upper_bound":30860863.0},"point_estimate":30823668.25,"standard_error":21921.02863932215},"median_abs_dev":{"confidence_interval":{"confidence_level":0.95,"lower_bound":135937.8309991211,"upper_bound":234756.91840723145},"point_estimate":174739.6035477519,"standard_error":24487.883694242628},"slope":null,"std_dev":{"confidence_interval":{"confidence_level":0.95,"lower_bound":169226.35554622737,"upper_bound":899997.0909155365},"point_estimate":557347.875175154,"standard_error":223836.26021021075}}