{"mean":{"confidence_interval":{"confidence_level":0.95,"lower_bound":31691302.040125,"upper_bound":31805318.96775},"point_estimate":31744066.71,"standard_error":29191.303425395687},"median":{"confidence_interval":{"confidence_level":0.95,"lower_bound":31633043.5,"upper_bound":31720514.0},"point_estimate":31680213.75,"standard_error":21900.78275320936},"median_abs_dev":{"confidence_interval":{"confidence_level":0.95,"lower_bound":130949.90137517452,"upper_bound":221531.57066702843},"point_estimate":171975.6665468216,"standard_error":23150.877492251428},"slope":null,"std_dev":{"confidence_interval":{"confidence_level":0.95,"lower_bound":167434.5474554739,"upper_bound":393764.72017006716},"point_estimate":293874.83697059,"standard_error":56084.773552719475}}