{"mean":{"confidence_interval":{"confidence_level":0.95,"lower_bound":8895.590968151379,"upper_bound":8914.058353293927},"point_estimate":8904.189227867328,"standard_error":4.714132420995388},"median":{"confidence_interval":{"confidence_level":0.95,"lower_bound":8880.002654440155,"upper_bound":8896.542342342342},"point_estimate":8883.732388241084,"standard_error":4.951282109356851},"median_abs_dev":{"confidence_interval":{"confidence_level":0.95,"lower_bound":16.225231288521005,"upper_bound":44.35251331920148},"point_estimate":22.99658019976105,"standard_error":7.379513669765871},"slope":{"confidence_interval":{"confidence_level":0.95,"lower_bound":8916.118769195004,"upper_bound":8930.361161456894},"point_estimate":8923.842819325902,"standard_error":3.6215172785366816},"std_dev":{"confidence_interval":{"confidence_level":0.95,"lower_bound":32.538811053374936,"upper_bound":65.19236618340697},"point_estimate":47.50510852592446,"standard_error":9.589068766669286}}