{"mean":{"confidence_interval":{"confidence_level":0.95,"lower_bound":8882.862606671251,"upper_bound":8904.87384648092},"point_estimate":8892.417651765607,"standard_error":5.685937999459708},"median":{"confidence_interval":{"confidence_level":0.95,"lower_bound":8877.119270137962,"upper_bound":8889.589901012798},"point_estimate":8882.963584442557,"standard_error":3.890095387054807},"median_abs_dev":{"confidence_interval":{"confidence_level":0.95,"lower_bound":17.07568955588812,"upper_bound":28.63076110205484},"point_estimate":22.572695559348624,"standard_error":2.801853613527861},"slope":{"confidence_interval":{"confidence_level":0.95,"lower_bound":8879.877592347291,"upper_bound":8899.753642711994},"point_estimate":8888.784239816923,"standard_error":5.101020168586557},"std_dev":{"confidence_interval":{"confidence_level":0.95,"lower_bound":26.46772274072643,"upper_bound":87.18469101896112},"point_estimate":57.11223937965021,"standard_error":17.741541037733636}}