{"mean":{"confidence_interval":{"confidence_level":0.95,"lower_bound":24988873.637250002,"upper_bound":25021008.63933334},"point_estimate":25003808.17666667,"standard_error":8201.966660753913},"median":{"confidence_interval":{"confidence_level":0.95,"lower_bound":24977218.0,"upper_bound":25005354.333333336},"point_estimate":24990018.833333336,"standard_error":7265.160663046383},"median_abs_dev":{"confidence_interval":{"confidence_level":0.95,"lower_bound":46044.36608254357,"upper_bound":73189.53610062784},"point_estimate":65240.32924175539,"standard_error":7113.330678697927},"slope":null,"std_dev":{"confidence_interval":{"confidence_level":0.95,"lower_bound":54063.1851094667,"upper_bound":114242.33838269938},"point_estimate":82441.40717536162,"standard_error":16909.71553416529}}