{"mean":{"confidence_interval":{"confidence_level":0.95,"lower_bound":32664347.350625,"upper_bound":32708139.960875},"point_estimate":32683134.945,"standard_error":11221.400731627084},"median":{"confidence_interval":{"confidence_level":0.95,"lower_bound":32648131.0,"upper_bound":32689460.5},"point_estimate":32667692.75,"standard_error":11453.890720117291},"median_abs_dev":{"confidence_interval":{"confidence_level":0.95,"lower_bound":50116.69756025076,"upper_bound":77688.60927075148},"point_estimate":64479.38480526209,"standard_error":6826.607718707833},"slope":null,"std_dev":{"confidence_interval":{"confidence_level":0.95,"lower_bound":55079.538571360914,"upper_bound":173020.99548806937},"point_estimate":112533.39806021703,"standard_error":36910.843167126004}}