{"mean":{"confidence_interval":{"confidence_level":0.95,"lower_bound":28005090.858,"upper_bound":28049056.293624997},"point_estimate":28027113.78,"standard_error":11178.06922024588},"median":{"confidence_interval":{"confidence_level":0.95,"lower_bound":28009726.0,"upper_bound":28044373.25},"point_estimate":28028733.75,"standard_error":10135.583476487014},"median_abs_dev":{"confidence_interval":{"confidence_level":0.95,"lower_bound":75654.11145687103,"upper_bound":147922.3352238536},"point_estimate":110200.91474354267,"standard_error":19078.349041270027},"slope":null,"std_dev":{"confidence_interval":{"confidence_level":0.95,"lower_bound":96654.52211730673,"upper_bound":125936.8273566789},"point_estimate":112185.65532128094,"standard_error":7469.240642338845}}