{"mean":{"confidence_interval":{"confidence_level":0.95,"lower_bound":32135539.830625,"upper_bound":32198828.0045},"point_estimate":32166869.915,"standard_error":16132.294563247284},"median":{"confidence_interval":{"confidence_level":0.95,"lower_bound":32109097.75,"upper_bound":32198188.5},"point_estimate":32165065.75,"standard_error":29513.19695432592},"median_abs_dev":{"confidence_interval":{"confidence_level":0.95,"lower_bound":137325.2851194889,"upper_bound":227318.8996642828},"point_estimate":180498.39249551296,"standard_error":23102.266802376864},"slope":null,"std_dev":{"confidence_interval":{"confidence_level":0.95,"lower_bound":142935.16658457494,"upper_bound":178009.51726552774},"point_estimate":161805.8370023485,"standard_error":8971.588257585136}}