{"mean":{"confidence_interval":{"confidence_level":0.95,"lower_bound":32777220.573749997,"upper_bound":32853742.55325},"point_estimate":32814231.775,"standard_error":19509.09276742609},"median":{"confidence_interval":{"confidence_level":0.95,"lower_bound":32720051.5,"upper_bound":32822794.5},"point_estimate":32786812.0,"standard_error":25754.807889834625},"median_abs_dev":{"confidence_interval":{"confidence_level":0.95,"lower_bound":126130.60823198425,"upper_bound":212541.08442664146},"point_estimate":180868.6718389392,"standard_error":20489.058460189528},"slope":null,"std_dev":{"confidence_interval":{"confidence_level":0.95,"lower_bound":156297.39693499505,"upper_bound":238373.26286107406},"point_estimate":196897.69973263246,"standard_error":21187.073779205683}}