{"mean":{"confidence_interval":{"confidence_level":0.95,"lower_bound":33947942.873625,"upper_bound":33998243.496375},"point_estimate":33972885.135,"standard_error":12840.706766764359},"median":{"confidence_interval":{"confidence_level":0.95,"lower_bound":33938478.0,"upper_bound":33999081.5},"point_estimate":33967915.5,"standard_error":15437.24786570893},"median_abs_dev":{"confidence_interval":{"confidence_level":0.95,"lower_bound":98848.64674508572,"upper_bound":162511.1189648509},"point_estimate":137130.11936545372,"standard_error":16906.294054409464},"slope":null,"std_dev":{"confidence_interval":{"confidence_level":0.95,"lower_bound":110583.70021826879,"upper_bound":147212.87607145958},"point_estimate":129631.62079612982,"standard_error":9374.601790214845}}