{"mean":{"confidence_interval":{"confidence_level":0.95,"lower_bound":33630623.828375,"upper_bound":33690646.159624994},"point_estimate":33659447.01,"standard_error":15302.691966492088},"median":{"confidence_interval":{"confidence_level":0.95,"lower_bound":33607465.0,"upper_bound":33663029.5},"point_estimate":33626791.5,"standard_error":12297.13817532896},"median_abs_dev":{"confidence_interval":{"confidence_level":0.95,"lower_bound":82251.68133974075,"upper_bound":147710.38829136605},"point_estimate":116159.48403775692,"standard_error":16637.76515341882},"slope":null,"std_dev":{"confidence_interval":{"confidence_level":0.95,"lower_bound":114091.303306617,"upper_bound":196226.75214086968},"point_estimate":153723.57012930018,"standard_error":21531.424966388975}}