{"mean":{"confidence_interval":{"confidence_level":0.95,"lower_bound":32488517.699875,"upper_bound":32560443.59625},"point_estimate":32523934.325,"standard_error":18284.337443808996},"median":{"confidence_interval":{"confidence_level":0.95,"lower_bound":32467090.25,"upper_bound":32525750.0},"point_estimate":32499448.25,"standard_error":13563.44617445306},"median_abs_dev":{"confidence_interval":{"confidence_level":0.95,"lower_bound":135584.5088928938,"upper_bound":206518.76333355904},"point_estimate":180064.73200321198,"standard_error":18251.52600201459},"slope":null,"std_dev":{"confidence_interval":{"confidence_level":0.95,"lower_bound":154875.94878881605,"upper_bound":207884.35276196586},"point_estimate":183431.4261483017,"standard_error":13543.414838001334}}