{"mean":{"confidence_interval":{"confidence_level":0.95,"lower_bound":34365763.697375,"upper_bound":34413808.370625004},"point_estimate":34389095.305,"standard_error":12252.92034672678},"median":{"confidence_interval":{"confidence_level":0.95,"lower_bound":34349543.75,"upper_bound":34396143.5},"point_estimate":34370115.25,"standard_error":13537.272069359684},"median_abs_dev":{"confidence_interval":{"confidence_level":0.95,"lower_bound":71744.4953262806,"upper_bound":138130.13304769993},"point_estimate":103869.47155594826,"standard_error":17035.066761930877},"slope":null,"std_dev":{"confidence_interval":{"confidence_level":0.95,"lower_bound":97029.74033808617,"upper_bound":148660.97768138954},"point_estimate":123036.21390747657,"standard_error":13304.532523602898}}