{"mean":{"confidence_interval":{"confidence_level":0.95,"lower_bound":33695030.06025,"upper_bound":33755487.344125},"point_estimate":33722967.43,"standard_error":15401.36934905742},"median":{"confidence_interval":{"confidence_level":0.95,"lower_bound":33679825.0,"upper_bound":33733126.75},"point_estimate":33715251.0,"standard_error":13769.16496029151},"median_abs_dev":{"confidence_interval":{"confidence_level":0.95,"lower_bound":84851.42039358616,"upper_bound":150485.37992835045},"point_estimate":117332.5912669301,"standard_error":16985.01962194},"slope":null,"std_dev":{"confidence_interval":{"confidence_level":0.95,"lower_bound":101111.70720615693,"upper_bound":217946.87984072982},"point_estimate":154655.90783183157,"standard_error":34799.4584273482}}