{"mean":{"confidence_interval":{"confidence_level":0.95,"lower_bound":25923983.245500002,"upper_bound":25981116.966624998},"point_estimate":25949721.105,"standard_error":14698.451829233065},"median":{"confidence_interval":{"confidence_level":0.95,"lower_bound":25905308.0,"upper_bound":25925438.5},"point_estimate":25915120.0,"standard_error":4982.680321638889},"median_abs_dev":{"confidence_interval":{"confidence_level":0.95,"lower_bound":32692.441369593143,"upper_bound":57247.651316151016},"point_estimate":47470.25660723448,"standard_error":6403.07813430774},"slope":null,"std_dev":{"confidence_interval":{"confidence_level":0.95,"lower_bound":78245.99402428014,"upper_bound":212838.43536972898},"point_estimate":147932.5137364512,"standard_error":35994.96663638815}}