{"mean":{"confidence_interval":{"confidence_level":0.95,"lower_bound":33533583.718625,"upper_bound":33740320.8135},"point_estimate":33627659.27,"standard_error":52921.946513814124},"median":{"confidence_interval":{"confidence_level":0.95,"lower_bound":33438779.0,"upper_bound":33670320.25},"point_estimate":33538262.25,"standard_error":72504.0427242296},"median_abs_dev":{"confidence_interval":{"confidence_level":0.95,"lower_bound":310997.2128286958,"upper_bound":458471.8028604984},"point_estimate":395827.1355226636,"standard_error":39374.67499549848},"slope":null,"std_dev":{"confidence_interval":{"confidence_level":0.95,"lower_bound":307861.6133192714,"upper_bound":757750.2173616311},"point_estimate":531605.5817882381,"standard_error":120565.77061699575}}