{"mean":{"confidence_interval":{"confidence_level":0.95,"lower_bound":8376.896944759412,"upper_bound":8404.82222421411},"point_estimate":8388.113805920217,"standard_error":7.333191496844062},"median":{"confidence_interval":{"confidence_level":0.95,"lower_bound":8376.08509513347,"upper_bound":8385.476334145169},"point_estimate":8381.077156476997,"standard_error":2.5349836519221363},"median_abs_dev":{"confidence_interval":{"confidence_level":0.95,"lower_bound":15.012649634059409,"upper_bound":26.176501285296204},"point_estimate":20.430988893533684,"standard_error":2.7884089708833772},"slope":{"confidence_interval":{"confidence_level":0.95,"lower_bound":8378.037932323565,"upper_bound":8385.541617602794},"point_estimate":8381.782865275904,"standard_error":1.9136465459435983},"std_dev":{"confidence_interval":{"confidence_level":0.95,"lower_bound":22.930454574635558,"upper_bound":119.92282921307216},"point_estimate":73.68698215492337,"standard_error":30.61095149354761}}