{"mean":{"confidence_interval":{"confidence_level":0.95,"lower_bound":8861.349958168092,"upper_bound":8914.260437583027},"point_estimate":8880.189607116477,"standard_error":15.710491661680525},"median":{"confidence_interval":{"confidence_level":0.95,"lower_bound":8855.78633235005,"upper_bound":8862.803761061947},"point_estimate":8858.350859823619,"standard_error":1.6611654050459577},"median_abs_dev":{"confidence_interval":{"confidence_level":0.95,"lower_bound":8.670030683379581,"upper_bound":14.881935228495324},"point_estimate":11.158450852783378,"standard_error":1.6024876632636824},"slope":{"confidence_interval":{"confidence_level":0.95,"lower_bound":8861.080306122594,"upper_bound":8867.852373292306},"point_estimate":8864.260415158938,"standard_error":1.721439953960568},"std_dev":{"confidence_interval":{"confidence_level":0.95,"lower_bound":14.74677266036254,"upper_bound":269.62341298756394},"point_estimate":158.19079182015645,"standard_error":88.91220433895074}}