{"mean":{"confidence_interval":{"confidence_level":0.95,"lower_bound":72052.85129977597,"upper_bound":72231.02785898483},"point_estimate":72131.0399850184,"standard_error":45.729696497846334},"median":{"confidence_interval":{"confidence_level":0.95,"lower_bound":72037.72928732303,"upper_bound":72107.79294755877},"point_estimate":72073.3008533612,"standard_error":18.196675199835337},"median_abs_dev":{"confidence_interval":{"confidence_level":0.95,"lower_bound":130.4797313940422,"upper_bound":255.21434470008413},"point_estimate":182.3184224125501,"standard_error":32.629770246266446},"slope":{"confidence_interval":{"confidence_level":0.95,"lower_bound":72068.01844910259,"upper_bound":72191.03282196562},"point_estimate":72127.12260233486,"standard_error":31.26874635243374},"std_dev":{"confidence_interval":{"confidence_level":0.95,"lower_bound":216.9973154343649,"upper_bound":689.9582158144481},"point_estimate":459.6953823432779,"standard_error":127.17113912373004}}