{"mean":{"confidence_interval":{"confidence_level":0.95,"lower_bound":80344.13537128127,"upper_bound":80869.20485838874},"point_estimate":80528.06777207804,"standard_error":161.26278220669172},"median":{"confidence_interval":{"confidence_level":0.95,"lower_bound":80311.21761133603,"upper_bound":80368.3036745202},"point_estimate":80333.69654832347,"standard_error":16.72350729471926},"median_abs_dev":{"confidence_interval":{"confidence_level":0.95,"lower_bound":81.68175470369772,"upper_bound":145.32818443966576},"point_estimate":110.39571081173123,"standard_error":15.913127720170825},"slope":{"confidence_interval":{"confidence_level":0.95,"lower_bound":80346.10326709074,"upper_bound":80406.31491602614},"point_estimate":80375.05943867865,"standard_error":15.399577698668848},"std_dev":{"confidence_interval":{"confidence_level":0.95,"lower_bound":133.85180157528092,"upper_bound":2770.9146575416903},"point_estimate":1619.2451666786312,"standard_error":946.2330139857867}}