{"mean":{"confidence_interval":{"confidence_level":0.95,"lower_bound":5787456.675138888,"upper_bound":5794106.436694442},"point_estimate":5790725.79222222,"standard_error":1700.3751009458747},"median":{"confidence_interval":{"confidence_level":0.95,"lower_bound":5784696.888888889,"upper_bound":5791345.888888889},"point_estimate":5788769.055555556,"standard_error":1732.9754075513704},"median_abs_dev":{"confidence_interval":{"confidence_level":0.95,"lower_bound":12260.772315660728,"upper_bound":20540.187135338554},"point_estimate":16162.316513061063,"standard_error":2097.2765481143847},"slope":null,"std_dev":{"confidence_interval":{"confidence_level":0.95,"lower_bound":14495.50485093356,"upper_bound":19426.185715067513},"point_estimate":17129.459327155317,"standard_error":1257.7212188388503}}