{"mean":{"confidence_interval":{"confidence_level":0.95,"lower_bound":5684133.6170000015,"upper_bound":5708451.669027777},"point_estimate":5694195.318888889,"standard_error":6342.797851084248},"median":{"confidence_interval":{"confidence_level":0.95,"lower_bound":5679516.0,"upper_bound":5683726.611111111},"point_estimate":5681160.777777778,"standard_error":977.1475816359614},"median_abs_dev":{"confidence_interval":{"confidence_level":0.95,"lower_bound":6626.480582356453,"upper_bound":11694.120546555121},"point_estimate":9014.619673292149,"standard_error":1301.1307298132738},"slope":null,"std_dev":{"confidence_interval":{"confidence_level":0.95,"lower_bound":16517.500796127428,"upper_bound":102019.44461256354},"point_estimate":63886.22222477864,"standard_error":23969.351200009598}}