{"mean":{"confidence_interval":{"confidence_level":0.95,"lower_bound":5481657.464200001,"upper_bound":5493339.789649999},"point_estimate":5487463.110999999,"standard_error":2981.2899282321987},"median":{"confidence_interval":{"confidence_level":0.95,"lower_bound":5478868.1,"upper_bound":5496521.7},"point_estimate":5490348.65,"standard_error":5239.535537873737},"median_abs_dev":{"confidence_interval":{"confidence_level":0.95,"lower_bound":25490.711997449398,"upper_bound":42084.04503285926},"point_estimate":35364.23478215947,"standard_error":4199.143729872495},"slope":null,"std_dev":{"confidence_interval":{"confidence_level":0.95,"lower_bound":26325.445736556478,"upper_bound":33589.870443408065},"point_estimate":30073.665088756414,"standard_error":1853.4044313794482}}