{"mean":{"confidence_interval":{"confidence_level":0.95,"lower_bound":5560158.683861112,"upper_bound":5563712.202694446},"point_estimate":5561739.460000001,"standard_error":907.9201443538351},"median":{"confidence_interval":{"confidence_level":0.95,"lower_bound":5558950.0,"upper_bound":5561492.333333333},"point_estimate":5559920.666666667,"standard_error":689.8942442904487},"median_abs_dev":{"confidence_interval":{"confidence_level":0.95,"lower_bound":3406.3558061909953,"upper_bound":5592.616259878321},"point_estimate":4703.795516490706,"standard_error":549.815547709711},"slope":null,"std_dev":{"confidence_interval":{"confidence_level":0.95,"lower_bound":4957.510973824809,"upper_bound":13428.443297155372},"point_estimate":9107.911315786472,"standard_error":2398.3789393671696}}