{"mean":{"confidence_interval":{"confidence_level":0.95,"lower_bound":5616870.300499997,"upper_bound":5623547.928972221},"point_estimate":5620144.907777777,"standard_error":1702.556870816943},"median":{"confidence_interval":{"confidence_level":0.95,"lower_bound":5612407.111111112,"upper_bound":5621559.777777778},"point_estimate":5617255.888888889,"standard_error":2174.174040441709},"median_abs_dev":{"confidence_interval":{"confidence_level":0.95,"lower_bound":11873.978455861563,"upper_bound":20510.28803587029},"point_estimate":16780.231235425214,"standard_error":2344.4166655534304},"slope":null,"std_dev":{"confidence_interval":{"confidence_level":0.95,"lower_bound":14168.596743135173,"upper_bound":19769.919326872667},"point_estimate":17053.627005673818,"standard_error":1435.0432473151309}}