{"mean":{"confidence_interval":{"confidence_level":0.95,"lower_bound":5523108.274916668,"upper_bound":5530574.3872500025},"point_estimate":5526639.501111114,"standard_error":1909.59995551758},"median":{"confidence_interval":{"confidence_level":0.95,"lower_bound":5518925.055555556,"upper_bound":5524631.777777778},"point_estimate":5521154.166666666,"standard_error":1445.3164530960753},"median_abs_dev":{"confidence_interval":{"confidence_level":0.95,"lower_bound":8188.564387957102,"upper_bound":15550.612237254503},"point_estimate":11186.546268065464,"standard_error":1833.5918105565638},"slope":null,"std_dev":{"confidence_interval":{"confidence_level":0.95,"lower_bound":13595.978034923366,"upper_bound":24787.71787855025},"point_estimate":19149.27631085453,"standard_error":2913.2861256457404}}