{"mean":{"confidence_interval":{"confidence_level":0.95,"lower_bound":5684545.4658888895,"upper_bound":5692614.91177778},"point_estimate":5688464.515555555,"standard_error":2063.136797157495},"median":{"confidence_interval":{"confidence_level":0.95,"lower_bound":5680967.833333333,"upper_bound":5688287.111111111},"point_estimate":5685583.611111111,"standard_error":1855.9728607242453},"median_abs_dev":{"confidence_interval":{"confidence_level":0.95,"lower_bound":11879.28904660039,"upper_bound":20763.812631368637},"point_estimate":15237.915429473154,"standard_error":2251.8597351132603},"slope":null,"std_dev":{"confidence_interval":{"confidence_level":0.95,"lower_bound":16379.363062579963,"upper_bound":24951.57334420168},"point_estimate":20697.624489607195,"standard_error":2209.522298408271}}