{"mean":{"confidence_interval":{"confidence_level":0.95,"lower_bound":5558923.657138889,"upper_bound":5566957.6216388885},"point_estimate":5562891.592222221,"standard_error":2049.6328491686622},"median":{"confidence_interval":{"confidence_level":0.95,"lower_bound":5556549.0,"upper_bound":5564818.888888889},"point_estimate":5562837.5,"standard_error":2161.9239600377496},"median_abs_dev":{"confidence_interval":{"confidence_level":0.95,"lower_bound":15525.375091035854,"upper_bound":26533.432795604684},"point_estimate":22207.041339079617,"standard_error":2871.9618836794357},"slope":null,"std_dev":{"confidence_interval":{"confidence_level":0.95,"lower_bound":17678.110875770813,"upper_bound":23240.272399602443},"point_estimate":20647.160708149608,"standard_error":1420.0316737987841}}