{"mean":{"confidence_interval":{"confidence_level":0.95,"lower_bound":5206648.048349999,"upper_bound":5213184.200649995},"point_estimate":5209934.743999999,"standard_error":1669.367720562099},"median":{"confidence_interval":{"confidence_level":0.95,"lower_bound":5207438.2,"upper_bound":5215691.7},"point_estimate":5213179.449999999,"standard_error":2248.4718217547447},"median_abs_dev":{"confidence_interval":{"confidence_level":0.95,"lower_bound":12031.002266406736,"upper_bound":20582.12000459391},"point_estimate":16583.47374558504,"standard_error":2199.2390125926754},"slope":null,"std_dev":{"confidence_interval":{"confidence_level":0.95,"lower_bound":14431.452637143155,"upper_bound":18922.10900432333},"point_estimate":16804.78060699863,"standard_error":1145.445959881347}}