{"mean":{"confidence_interval":{"confidence_level":0.95,"lower_bound":5589039.054555557,"upper_bound":5620122.647944445},"point_estimate":5602500.768888888,"standard_error":8010.498053010687},"median":{"confidence_interval":{"confidence_level":0.95,"lower_bound":5582245.277777778,"upper_bound":5597292.666666666},"point_estimate":5589348.388888889,"standard_error":3775.0547595523108},"median_abs_dev":{"confidence_interval":{"confidence_level":0.95,"lower_bound":23753.146011631,"upper_bound":38567.7626752853},"point_estimate":31120.18528083991,"standard_error":3792.9448524675854},"slope":null,"std_dev":{"confidence_interval":{"confidence_level":0.95,"lower_bound":26422.439286420267,"upper_bound":120463.54386686318},"point_estimate":80597.12355707058,"standard_error":24456.39716473527}}