{"mean":{"confidence_interval":{"confidence_level":0.95,"lower_bound":5602382.060888889,"upper_bound":5609782.309944449},"point_estimate":5605732.175555557,"standard_error":1895.7043260671146},"median":{"confidence_interval":{"confidence_level":0.95,"lower_bound":5599470.777777778,"upper_bound":5607102.666666667},"point_estimate":5603321.166666666,"standard_error":2135.881663657457},"median_abs_dev":{"confidence_interval":{"confidence_level":0.95,"lower_bound":9039.988606174249,"upper_bound":14185.269448161356},"point_estimate":11022.883704303544,"standard_error":1329.4802052834573},"slope":null,"std_dev":{"confidence_interval":{"confidence_level":0.95,"lower_bound":10063.147332805687,"upper_bound":27186.30120497544},"point_estimate":19060.456086575,"standard_error":4548.273659290886}}