{"mean":{"confidence_interval":{"confidence_level":0.95,"lower_bound":5699225.105722222,"upper_bound":5719971.577472224},"point_estimate":5709024.536666665,"standard_error":5292.574142423332},"median":{"confidence_interval":{"confidence_level":0.95,"lower_bound":5684623.0,"upper_bound":5703403.388888889},"point_estimate":5696084.222222222,"standard_error":5667.472003759182},"median_abs_dev":{"confidence_interval":{"confidence_level":0.95,"lower_bound":24585.708263517346,"upper_bound":44056.85845116782},"point_estimate":37412.833769122604,"standard_error":5328.3355888771885},"slope":null,"std_dev":{"confidence_interval":{"confidence_level":0.95,"lower_bound":37324.66758079563,"upper_bound":67581.60520503274},"point_estimate":53170.074276550586,"standard_error":7744.002292042619}}