{"mean":{"confidence_interval":{"confidence_level":0.95,"lower_bound":5513000.994416667,"upper_bound":5521761.156194445},"point_estimate":5517178.9488888895,"standard_error":2233.144857716211},"median":{"confidence_interval":{"confidence_level":0.95,"lower_bound":5507376.666666666,"upper_bound":5515742.333333334},"point_estimate":5513008.388888889,"standard_error":2111.6058538998063},"median_abs_dev":{"confidence_interval":{"confidence_level":0.95,"lower_bound":12855.397863438777,"upper_bound":23108.50124724216},"point_estimate":18246.357876062393,"standard_error":2500.1498516324077},"slope":null,"std_dev":{"confidence_interval":{"confidence_level":0.95,"lower_bound":16796.070699087308,"upper_bound":28070.79144432549},"point_estimate":22457.213486258348,"standard_error":2908.5710463757428}}