{"mean":{"confidence_interval":{"confidence_level":0.95,"lower_bound":5920932.106027779,"upper_bound":5925534.055305555},"point_estimate":5923095.426666666,"standard_error":1177.9490998361748},"median":{"confidence_interval":{"confidence_level":0.95,"lower_bound":5918687.222222222,"upper_bound":5921358.666666667},"point_estimate":5919562.888888889,"standard_error":719.6821719587037},"median_abs_dev":{"confidence_interval":{"confidence_level":0.95,"lower_bound":4163.9643927414445,"upper_bound":7888.420259951625},"point_estimate":5139.927008748285,"standard_error":983.5527530156685},"slope":null,"std_dev":{"confidence_interval":{"confidence_level":0.95,"lower_bound":7892.052793761797,"upper_bound":15483.958142492309},"point_estimate":11827.067858639606,"standard_error":1959.4500457774748}}