{"mean":{"confidence_interval":{"confidence_level":0.95,"lower_bound":5798664.916666665,"upper_bound":5809266.086055556},"point_estimate":5803897.693333332,"standard_error":2714.544700757024},"median":{"confidence_interval":{"confidence_level":0.95,"lower_bound":5790172.444444444,"upper_bound":5806497.444444444},"point_estimate":5795275.888888889,"standard_error":4227.045872799962},"median_abs_dev":{"confidence_interval":{"confidence_level":0.95,"lower_bound":21295.571821927104,"upper_bound":38566.29654864455},"point_estimate":27550.661110878453,"standard_error":4465.232131858548},"slope":null,"std_dev":{"confidence_interval":{"confidence_level":0.95,"lower_bound":24342.58106091984,"upper_bound":29765.84808319105},"point_estimate":27335.22861921177,"standard_error":1385.9190644454393}}