{"mean":{"confidence_interval":{"confidence_level":0.95,"lower_bound":5663789.696833332,"upper_bound":5678322.332749996},"point_estimate":5670177.719999999,"standard_error":3745.1971526368616},"median":{"confidence_interval":{"confidence_level":0.95,"lower_bound":5659417.333333333,"upper_bound":5662263.944444444},"point_estimate":5661115.055555556,"standard_error":784.1376553031336},"median_abs_dev":{"confidence_interval":{"confidence_level":0.95,"lower_bound":5843.323915427234,"upper_bound":10038.84915510798},"point_estimate":8530.303681890708,"standard_error":1053.862007155864},"slope":null,"std_dev":{"confidence_interval":{"confidence_level":0.95,"lower_bound":12366.722472047613,"upper_bound":55119.91463616935},"point_estimate":37653.51304816465,"standard_error":10654.714840304678}}