{"mean":{"confidence_interval":{"confidence_level":0.95,"lower_bound":5649425.752777779,"upper_bound":5655785.556166666},"point_estimate":5652534.162222223,"standard_error":1621.072356527963},"median":{"confidence_interval":{"confidence_level":0.95,"lower_bound":5646635.0,"upper_bound":5653422.666666666},"point_estimate":5650521.166666666,"standard_error":1756.2223399080365},"median_abs_dev":{"confidence_interval":{"confidence_level":0.95,"lower_bound":10569.290479024405,"upper_bound":17856.681182981},"point_estimate":14701.873172322525,"standard_error":1849.505739000344},"slope":null,"std_dev":{"confidence_interval":{"confidence_level":0.95,"lower_bound":13278.855440461926,"upper_bound":19239.257187031246},"point_estimate":16372.895897105936,"standard_error":1523.0162668280561}}