{"mean":{"confidence_interval":{"confidence_level":0.95,"lower_bound":-0.052178600047123776,"upper_bound":-0.04884354582686044},"point_estimate":-0.050545976526049974,"standard_error":0.0008504295132732862},"median":{"confidence_interval":{"confidence_level":0.95,"lower_bound":-0.052961359213473114,"upper_bound":-0.05159478710639753},"point_estimate":-0.052378160514018,"standard_error":0.00034495333885173953}}