{"mean":{"confidence_interval":{"confidence_level":0.95,"lower_bound":-0.06303460229935064,"upper_bound":-0.054725099338875025},"point_estimate":-0.058930756290103914,"standard_error":0.002119003898426053},"median":{"confidence_interval":{"confidence_level":0.95,"lower_bound":-0.05491504040679707,"upper_bound":-0.05312641888729208},"point_estimate":-0.053901118377599255,"standard_error":0.0004495556600366054}}