{"mean":{"confidence_interval":{"confidence_level":0.95,"lower_bound":-0.07733701820849305,"upper_bound":-0.06953148286182284},"point_estimate":-0.07336972495159766,"standard_error":0.0019831820092583905},"median":{"confidence_interval":{"confidence_level":0.95,"lower_bound":-0.06793134385344823,"upper_bound":-0.06637728429387701},"point_estimate":-0.06722577263971563,"standard_error":0.0003914167798858191}}