{"mean":{"confidence_interval":{"confidence_level":0.95,"lower_bound":-0.049964202603266714,"upper_bound":-0.046940372799841375},"point_estimate":-0.04839681953244945,"standard_error":0.0007685849752803642},"median":{"confidence_interval":{"confidence_level":0.95,"lower_bound":-0.050642923693070885,"upper_bound":-0.04920374673235728},"point_estimate":-0.05003126950719461,"standard_error":0.00035997610013622274}}