{"mean":{"confidence_interval":{"confidence_level":0.95,"lower_bound":-0.04782584230312122,"upper_bound":-0.039077862073762674},"point_estimate":-0.043483686794947296,"standard_error":0.0022180546708827514},"median":{"confidence_interval":{"confidence_level":0.95,"lower_bound":-0.04419494066093144,"upper_bound":-0.0429434791765686},"point_estimate":-0.0435234972700429,"standard_error":0.00032598016345682546}}