{"mean":{"confidence_interval":{"confidence_level":0.95,"lower_bound":-0.0152204061701397,"upper_bound":-0.003757684946918517},"point_estimate":-0.009553027114916013,"standard_error":0.002885211725263094},"median":{"confidence_interval":{"confidence_level":0.95,"lower_bound":-0.004637903450777525,"upper_bound":-0.002290276093368425},"point_estimate":-0.003617780540902782,"standard_error":0.0006034405584802269}}