{"mean":{"confidence_interval":{"confidence_level":0.95,"lower_bound":-0.056519326744667156,"upper_bound":-0.051953658487101075},"point_estimate":-0.054314098522933785,"standard_error":0.0011526912332067605},"median":{"confidence_interval":{"confidence_level":0.95,"lower_bound":-0.05572646823649008,"upper_bound":-0.05454892399191347},"point_estimate":-0.05515803784856199,"standard_error":0.000304716003295358}}