{"mean":{"confidence_interval":{"confidence_level":0.95,"lower_bound":-0.009846681225193074,"upper_bound":-0.0044151810137596685},"point_estimate":-0.0074391738596748525,"standard_error":0.0013925808139418233},"median":{"confidence_interval":{"confidence_level":0.95,"lower_bound":-0.01051740733057882,"upper_bound":-0.008314598173791432},"point_estimate":-0.009133173759491409,"standard_error":0.000600162928940125}}