{"mean":{"confidence_interval":{"confidence_level":0.95,"lower_bound":-0.026369450515592818,"upper_bound":-0.019576963434741666},"point_estimate":-0.022743998109285513,"standard_error":0.0017543176254478608},"median":{"confidence_interval":{"confidence_level":0.95,"lower_bound":-0.01785539241943801,"upper_bound":-0.016315516225371196},"point_estimate":-0.017218704061060852,"standard_error":0.00040425343708180037}}