{"mean":{"confidence_interval":{"confidence_level":0.95,"lower_bound":-0.0841315739960397,"upper_bound":-0.07545677455564384},"point_estimate":-0.07960917847725424,"standard_error":0.002224912679826262},"median":{"confidence_interval":{"confidence_level":0.95,"lower_bound":-0.07333260098604777,"upper_bound":-0.0714653986746796},"point_estimate":-0.0724231930979764,"standard_error":0.0004969666670463353}}