{"mean":{"confidence_interval":{"confidence_level":0.95,"lower_bound":-0.0377339895773965,"upper_bound":-0.03379090823689419},"point_estimate":-0.03582812282524961,"standard_error":0.0009993550899338108},"median":{"confidence_interval":{"confidence_level":0.95,"lower_bound":-0.0382164818225591,"upper_bound":-0.03722156243151287},"point_estimate":-0.037747164109177556,"standard_error":0.00026151097338648953}}