{"mean":{"confidence_interval":{"confidence_level":0.95,"lower_bound":-0.05775451456371425,"upper_bound":-0.05394737676316083},"point_estimate":-0.055865483050193454,"standard_error":0.0009742161821646589},"median":{"confidence_interval":{"confidence_level":0.95,"lower_bound":-0.058518202990019086,"upper_bound":-0.057303085611746574},"point_estimate":-0.05800151452101554,"standard_error":0.000321907004507089}}