{"mean":{"confidence_interval":{"confidence_level":0.95,"lower_bound":-0.05436254394704563,"upper_bound":-0.049343204668130726},"point_estimate":-0.05218718285078061,"standard_error":0.0013007631567383336},"median":{"confidence_interval":{"confidence_level":0.95,"lower_bound":-0.05459615842838084,"upper_bound":-0.05352723184170849},"point_estimate":-0.054010812008303266,"standard_error":0.00027534079484613103}}