{"mean":{"confidence_interval":{"confidence_level":0.95,"lower_bound":-0.09835481131982211,"upper_bound":-0.08955823264966946},"point_estimate":-0.09438515478415088,"standard_error":0.002240492003486358},"median":{"confidence_interval":{"confidence_level":0.95,"lower_bound":-0.11117706173950948,"upper_bound":-0.09286856313887526},"point_estimate":-0.09537604091574903,"standard_error":0.004142457187802757}}