{"mean":{"confidence_interval":{"confidence_level":0.95,"lower_bound":-0.09628607127287192,"upper_bound":-0.0872745757550588},"point_estimate":-0.09137688127667365,"standard_error":0.0023224232616997392},"median":{"confidence_interval":{"confidence_level":0.95,"lower_bound":-0.11138451929341575,"upper_bound":-0.07247246864370471},"point_estimate":-0.10375503817610632,"standard_error":0.013957116929452553}}