{"mean":{"confidence_interval":{"confidence_level":0.95,"lower_bound":-0.03419404458263138,"upper_bound":-0.029655231438375628},"point_estimate":-0.03209592741631773,"standard_error":0.0011742716050303131},"median":{"confidence_interval":{"confidence_level":0.95,"lower_bound":-0.0345343096503854,"upper_bound":-0.033427704830730084},"point_estimate":-0.03395602178996948,"standard_error":0.00028924433628075533}}