{"mean":{"confidence_interval":{"confidence_level":0.95,"lower_bound":0.0030522430218172915,"upper_bound":0.005411373269187318},"point_estimate":0.004285063106258313,"standard_error":0.0005982490717218059},"median":{"confidence_interval":{"confidence_level":0.95,"lower_bound":0.004086411821413671,"upper_bound":0.005371176212992657},"point_estimate":0.004383871984307897,"standard_error":0.00036451146915212663}}