{"mean":{"confidence_interval":{"confidence_level":0.95,"lower_bound":0.030069748232486832,"upper_bound":0.035483976335715525},"point_estimate":0.032296067189795385,"standard_error":0.001377831147813898},"median":{"confidence_interval":{"confidence_level":0.95,"lower_bound":0.03080202049900649,"upper_bound":0.03217001119397778},"point_estimate":0.03142128822965273,"standard_error":0.0003592808691575013}}