{"mean":{"confidence_interval":{"confidence_level":0.95,"lower_bound":0.018363511275560202,"upper_bound":0.02170983238256477},"point_estimate":0.019935230999550413,"standard_error":0.0008709608448183312},"median":{"confidence_interval":{"confidence_level":0.95,"lower_bound":0.019881943813124164,"upper_bound":0.021317426345234702},"point_estimate":0.02063915799634075,"standard_error":0.0003755404903035138}}