{"mean":{"confidence_interval":{"confidence_level":0.95,"lower_bound":0.04048839696218491,"upper_bound":0.04657997663751209},"point_estimate":0.04276533281495509,"standard_error":0.0014935016859147115},"median":{"confidence_interval":{"confidence_level":0.95,"lower_bound":0.04099644216797382,"upper_bound":0.04208737797149387},"point_estimate":0.0415485463644123,"standard_error":0.00028451479611648576}}