{"mean":{"confidence_interval":{"confidence_level":0.95,"lower_bound":-0.0389924159302657,"upper_bound":-0.02888005496866939},"point_estimate":-0.0337911333548645,"standard_error":0.002576387718761707},"median":{"confidence_interval":{"confidence_level":0.95,"lower_bound":-0.03406178041007879,"upper_bound":-0.03280608333790147},"point_estimate":-0.03361125573824142,"standard_error":0.0003261996885723044}}