{"mean":{"confidence_interval":{"confidence_level":0.95,"lower_bound":0.0006439756783237716,"upper_bound":0.006106798288376702},"point_estimate":0.0027715906777157073,"standard_error":0.001425901120227045},"median":{"confidence_interval":{"confidence_level":0.95,"lower_bound":0.0015308817639791972,"upper_bound":0.002563010315612168},"point_estimate":0.0019978756834360123,"standard_error":0.00027572438597643195}}