{"mean":{"confidence_interval":{"confidence_level":0.95,"lower_bound":-0.00007041955718120046,"upper_bound":0.005697503633052044},"point_estimate":0.0022808222987298343,"standard_error":0.0015314112202252596},"median":{"confidence_interval":{"confidence_level":0.95,"lower_bound":0.0008353299625594168,"upper_bound":0.002202711596601681},"point_estimate":0.0013974321845979798,"standard_error":0.0003421256324892474}}