{"mean":{"confidence_interval":{"confidence_level":0.95,"lower_bound":0.030486923746358075,"upper_bound":0.03417977622641084},"point_estimate":0.032080799474629496,"standard_error":0.0009220821742882502},"median":{"confidence_interval":{"confidence_level":0.95,"lower_bound":0.031217922706691104,"upper_bound":0.03273110084900943},"point_estimate":0.03183180775245331,"standard_error":0.00042517009472024613}}