{"mean":{"confidence_interval":{"confidence_level":0.95,"lower_bound":0.05946978595298974,"upper_bound":0.06289105948960845},"point_estimate":0.0612061577872931,"standard_error":0.0008837807482222988},"median":{"confidence_interval":{"confidence_level":0.95,"lower_bound":0.0597150691297339,"upper_bound":0.061795636849190316},"point_estimate":0.06043096796939196,"standard_error":0.0005136516541449276}}