{"mean":{"confidence_interval":{"confidence_level":0.95,"lower_bound":0.023974857757280876,"upper_bound":0.03053999710100779},"point_estimate":0.026632532710832546,"standard_error":0.001699255237159262},"median":{"confidence_interval":{"confidence_level":0.95,"lower_bound":0.024180355772766005,"upper_bound":0.0256412662235328},"point_estimate":0.0249240419301735,"standard_error":0.0003602378759452708}}