{"mean":{"confidence_interval":{"confidence_level":0.95,"lower_bound":-0.0035031403741378306,"upper_bound":0.00022732049539598656},"point_estimate":-0.001898113042527405,"standard_error":0.0009633037695111487},"median":{"confidence_interval":{"confidence_level":0.95,"lower_bound":-0.0032028246426186735,"upper_bound":-0.0019441397787453019},"point_estimate":-0.0027401620478408883,"standard_error":0.0003082341392737508}}