{"mean":{"confidence_interval":{"confidence_level":0.95,"lower_bound":-0.14266427706190754,"upper_bound":-0.13972609075250111},"point_estimate":-0.14130921871557112,"standard_error":0.0007534459953985474},"median":{"confidence_interval":{"confidence_level":0.95,"lower_bound":-0.14229599086427913,"upper_bound":-0.14138213343284345},"point_estimate":-0.14186066158184318,"standard_error":0.0002345415334411087}}