{"mean":{"confidence_interval":{"confidence_level":0.95,"lower_bound":0.04243773753314723,"upper_bound":0.04777173865565515},"point_estimate":0.04453440004146425,"standard_error":0.0013498617773892389},"median":{"confidence_interval":{"confidence_level":0.95,"lower_bound":0.04288711237215019,"upper_bound":0.044312265617253654},"point_estimate":0.04332281698808038,"standard_error":0.0003672243128886503}}