{"mean":{"confidence_interval":{"confidence_level":0.95,"lower_bound":0.029651995228335597,"upper_bound":0.033652221840637014},"point_estimate":0.03148903256862501,"standard_error":0.001014094866364758},"median":{"confidence_interval":{"confidence_level":0.95,"lower_bound":0.029924743588309433,"upper_bound":0.03130696239636488},"point_estimate":0.030590294074423596,"standard_error":0.00035848054253320017}}