{"mean":{"confidence_interval":{"confidence_level":0.95,"lower_bound":0.020205628208695686,"upper_bound":0.024481912714790388},"point_estimate":0.021959761213088846,"standard_error":0.0010792832709458702},"median":{"confidence_interval":{"confidence_level":0.95,"lower_bound":0.020989777024399636,"upper_bound":0.022135736612638235},"point_estimate":0.021629384575474697,"standard_error":0.00030195480908546844}}