{"mean":{"confidence_interval":{"confidence_level":0.95,"lower_bound":-0.045182297264423465,"upper_bound":-0.03689843407241589},"point_estimate":-0.040537687662860034,"standard_error":0.0021251539526740662},"median":{"confidence_interval":{"confidence_level":0.95,"lower_bound":-0.0381644357651959,"upper_bound":-0.037019535942279025},"point_estimate":-0.03770075511548421,"standard_error":0.0002918493269236666}}