{"mean":{"confidence_interval":{"confidence_level":0.95,"lower_bound":0.03303206868358785,"upper_bound":0.03698887404084021},"point_estimate":0.03496306958335604,"standard_error":0.001025203251745679},"median":{"confidence_interval":{"confidence_level":0.95,"lower_bound":0.033520174773144396,"upper_bound":0.03494367916672414},"point_estimate":0.03404177732542135,"standard_error":0.000366171305347326}}