{"mean":{"confidence_interval":{"confidence_level":0.95,"lower_bound":-0.004984894451514452,"upper_bound":-0.0012309410668780317},"point_estimate":-0.0033984282429969648,"standard_error":0.0009602430857135138},"median":{"confidence_interval":{"confidence_level":0.95,"lower_bound":-0.0036483157048645687,"upper_bound":-0.0024694352485234994},"point_estimate":-0.0030838933278686254,"standard_error":0.00032231651796310763}}