{"mean":{"confidence_interval":{"confidence_level":0.95,"lower_bound":0.026636086751312193,"upper_bound":0.031881785759595105},"point_estimate":0.028872623130218766,"standard_error":0.0013539243576141183},"median":{"confidence_interval":{"confidence_level":0.95,"lower_bound":0.0272270626762392,"upper_bound":0.02844724487110059},"point_estimate":0.0277719675157726,"standard_error":0.00031739757331776736}}