{"mean":{"confidence_interval":{"confidence_level":0.95,"lower_bound":4457142.976833333,"upper_bound":4463794.682250001},"point_estimate":4460355.763333333,"standard_error":1700.4777057560927},"median":{"confidence_interval":{"confidence_level":0.95,"lower_bound":4454745.375,"upper_bound":4461065.0},"point_estimate":4457416.333333334,"standard_error":2010.1110940064245},"median_abs_dev":{"confidence_interval":{"confidence_level":0.95,"lower_bound":10003.225572408166,"upper_bound":16364.135434479442},"point_estimate":13200.57596564339,"standard_error":1597.4926501110417},"slope":null,"std_dev":{"confidence_interval":{"confidence_level":0.95,"lower_bound":13314.828799824074,"upper_bound":20618.92025958738},"point_estimate":17133.974850856313,"standard_error":1862.8550012671933}}