{"mean":{"confidence_interval":{"confidence_level":0.95,"lower_bound":4516242.362958333,"upper_bound":4524249.446104167},"point_estimate":4520172.813333335,"standard_error":2047.9273417778265},"median":{"confidence_interval":{"confidence_level":0.95,"lower_bound":4510960.666666667,"upper_bound":4523182.166666666},"point_estimate":4517476.125,"standard_error":3092.6212913505105},"median_abs_dev":{"confidence_interval":{"confidence_level":0.95,"lower_bound":15757.072520256042,"upper_bound":24688.069436699152},"point_estimate":20232.732965796957,"standard_error":2257.5113339499},"slope":null,"std_dev":{"confidence_interval":{"confidence_level":0.95,"lower_bound":17676.135759456607,"upper_bound":23166.64853602233},"point_estimate":20626.453682822434,"standard_error":1400.9433838023397}}