{"mean":{"confidence_interval":{"confidence_level":0.95,"lower_bound":4414363.043104168,"upper_bound":4419268.358062502},"point_estimate":4416810.652500001,"standard_error":1251.8367456745414},"median":{"confidence_interval":{"confidence_level":0.95,"lower_bound":4412901.208333334,"upper_bound":4419457.666666667},"point_estimate":4416156.416666667,"standard_error":1518.2778422979864},"median_abs_dev":{"confidence_interval":{"confidence_level":0.95,"lower_bound":10291.838367283344,"upper_bound":15473.09285029723},"point_estimate":13649.186007678509,"standard_error":1339.5416530236726},"slope":null,"std_dev":{"confidence_interval":{"confidence_level":0.95,"lower_bound":10758.800083076872,"upper_bound":14146.712680081993},"point_estimate":12532.681823904377,"standard_error":864.848683434608}}