{"mean":{"confidence_interval":{"confidence_level":0.95,"lower_bound":4398517.7415833315,"upper_bound":4404826.640083332},"point_estimate":4401639.522500002,"standard_error":1610.282541475475},"median":{"confidence_interval":{"confidence_level":0.95,"lower_bound":4398828.208333334,"upper_bound":4406728.416666667},"point_estimate":4402129.791666666,"standard_error":2024.1459116975695},"median_abs_dev":{"confidence_interval":{"confidence_level":0.95,"lower_bound":10811.180783063633,"upper_bound":19269.290082902637},"point_estimate":14917.550285159161,"standard_error":2108.5877446668346},"slope":null,"std_dev":{"confidence_interval":{"confidence_level":0.95,"lower_bound":13603.618802925563,"upper_bound":18490.405503439742},"point_estimate":16108.160485158089,"standard_error":1249.1903400571903}}