{"mean":{"confidence_interval":{"confidence_level":0.95,"lower_bound":4544660.979729167,"upper_bound":4557874.291729164},"point_estimate":4551175.892500002,"standard_error":3378.0091455975453},"median":{"confidence_interval":{"confidence_level":0.95,"lower_bound":4547434.5,"upper_bound":4557373.333333333},"point_estimate":4552281.25,"standard_error":2237.0243721245897},"median_abs_dev":{"confidence_interval":{"confidence_level":0.95,"lower_bound":23727.159328758717,"upper_bound":40801.46015062882},"point_estimate":29028.998609632024,"standard_error":4390.9118267000895},"slope":null,"std_dev":{"confidence_interval":{"confidence_level":0.95,"lower_bound":28186.76630190857,"upper_bound":39826.387262711265},"point_estimate":34034.44107598297,"standard_error":2980.560297562807}}