{"mean":{"confidence_interval":{"confidence_level":0.95,"lower_bound":4427328.615145832,"upper_bound":4434177.685791668},"point_estimate":4430566.821666668,"standard_error":1748.021089002651},"median":{"confidence_interval":{"confidence_level":0.95,"lower_bound":4425681.0,"upper_bound":4432865.666666666},"point_estimate":4429843.333333334,"standard_error":2038.2427855208848},"median_abs_dev":{"confidence_interval":{"confidence_level":0.95,"lower_bound":9262.605110556347,"upper_bound":15123.01393151308},"point_estimate":10937.263555825677,"standard_error":1500.076097751684},"slope":null,"std_dev":{"confidence_interval":{"confidence_level":0.95,"lower_bound":12246.188858661862,"upper_bound":23079.295477752723},"point_estimate":17529.16742400638,"standard_error":2847.924705551332}}