{"mean":{"confidence_interval":{"confidence_level":0.95,"lower_bound":4438557.452354168,"upper_bound":4446164.18925},"point_estimate":4442217.480833335,"standard_error":1944.2845336874211},"median":{"confidence_interval":{"confidence_level":0.95,"lower_bound":4435111.916666667,"upper_bound":4441357.833333333},"point_estimate":4437399.25,"standard_error":1535.1766429678662},"median_abs_dev":{"confidence_interval":{"confidence_level":0.95,"lower_bound":10464.5612642169,"upper_bound":17760.12685969518},"point_estimate":14048.62315058685,"standard_error":1829.6320323174473},"slope":null,"std_dev":{"confidence_interval":{"confidence_level":0.95,"lower_bound":14499.846939891659,"upper_bound":24354.131874302224},"point_estimate":19605.13271445827,"standard_error":2530.634636769702}}