{"mean":{"confidence_interval":{"confidence_level":0.95,"lower_bound":4527015.269958332,"upper_bound":4536210.841104167},"point_estimate":4531114.049999999,"standard_error":2348.640998967376},"median":{"confidence_interval":{"confidence_level":0.95,"lower_bound":4524375.208333333,"upper_bound":4531584.666666667},"point_estimate":4526919.208333334,"standard_error":1792.55882296665},"median_abs_dev":{"confidence_interval":{"confidence_level":0.95,"lower_bound":11348.331386651842,"upper_bound":18038.23790475726},"point_estimate":14263.353046773484,"standard_error":1692.359838741681},"slope":null,"std_dev":{"confidence_interval":{"confidence_level":0.95,"lower_bound":13647.415249695288,"upper_bound":34554.28690811804},"point_estimate":23533.133773071037,"standard_error":6326.238984424306}}