{"mean":{"confidence_interval":{"confidence_level":0.95,"lower_bound":4401964.505166666,"upper_bound":4408928.33802083},"point_estimate":4405154.160833331,"standard_error":1784.6210300097493},"median":{"confidence_interval":{"confidence_level":0.95,"lower_bound":4401426.708333333,"upper_bound":4405809.166666666},"point_estimate":4403471.708333333,"standard_error":1063.9139223706172},"median_abs_dev":{"confidence_interval":{"confidence_level":0.95,"lower_bound":9184.459736943476,"upper_bound":15729.953295737736},"point_estimate":11769.558116048805,"standard_error":1614.5465018690463},"slope":null,"std_dev":{"confidence_interval":{"confidence_level":0.95,"lower_bound":11272.542418424295,"upper_bound":25498.28263863848},"point_estimate":17945.5512758346,"standard_error":4175.076056242872}}