{"mean":{"confidence_interval":{"confidence_level":0.95,"lower_bound":4394888.72225,"upper_bound":4400887.245666667},"point_estimate":4397829.229999999,"standard_error":1533.519304513537},"median":{"confidence_interval":{"confidence_level":0.95,"lower_bound":4390735.25,"upper_bound":4398054.708333333},"point_estimate":4393168.666666667,"standard_error":2141.272008893293},"median_abs_dev":{"confidence_interval":{"confidence_level":0.95,"lower_bound":9299.484784900222,"upper_bound":18661.609418691125},"point_estimate":12816.891447454691,"standard_error":2465.6732682942047},"slope":null,"std_dev":{"confidence_interval":{"confidence_level":0.95,"lower_bound":13026.576238901187,"upper_bound":17545.546275916324},"point_estimate":15385.444201993838,"standard_error":1155.23805252911}}