{"mean":{"confidence_interval":{"confidence_level":0.95,"lower_bound":4460474.818604165,"upper_bound":4466963.3233125},"point_estimate":4463601.855833334,"standard_error":1655.1444325591492},"median":{"confidence_interval":{"confidence_level":0.95,"lower_bound":4456930.75,"upper_bound":4466092.0},"point_estimate":4461649.458333334,"standard_error":2084.46193968183},"median_abs_dev":{"confidence_interval":{"confidence_level":0.95,"lower_bound":10661.870610713499,"upper_bound":17378.789791465035},"point_estimate":12854.697746783495,"standard_error":1729.1423311160036},"slope":null,"std_dev":{"confidence_interval":{"confidence_level":0.95,"lower_bound":12576.181645332326,"upper_bound":20671.81081087702},"point_estimate":16635.09280251784,"standard_error":2086.317384548818}}