{"mean":{"confidence_interval":{"confidence_level":0.95,"lower_bound":4525831.485229166,"upper_bound":4539521.339333335},"point_estimate":4531455.719166668,"standard_error":3581.2810858546604},"median":{"confidence_interval":{"confidence_level":0.95,"lower_bound":4523259.166666666,"upper_bound":4527817.583333334},"point_estimate":4525499.875,"standard_error":1213.281988474735},"median_abs_dev":{"confidence_interval":{"confidence_level":0.95,"lower_bound":9834.765150397556,"upper_bound":17361.041834279855},"point_estimate":14062.460750341415,"standard_error":2070.078167188806},"slope":null,"std_dev":{"confidence_interval":{"confidence_level":0.95,"lower_bound":14155.821952222119,"upper_bound":57852.52320498512},"point_estimate":36124.67957424844,"standard_error":14246.810432588718}}