{"mean":{"confidence_interval":{"confidence_level":0.95,"lower_bound":4424200.4141875,"upper_bound":4429138.683812499},"point_estimate":4426628.196666666,"standard_error":1256.507304792164},"median":{"confidence_interval":{"confidence_level":0.95,"lower_bound":4420796.333333333,"upper_bound":4426999.5},"point_estimate":4423382.375,"standard_error":1347.2189062439447},"median_abs_dev":{"confidence_interval":{"confidence_level":0.95,"lower_bound":8081.034706533185,"upper_bound":14131.525199115507},"point_estimate":11424.977172165878,"standard_error":1547.790714689419},"slope":null,"std_dev":{"confidence_interval":{"confidence_level":0.95,"lower_bound":10611.100329641478,"upper_bound":14477.65322054272},"point_estimate":12676.665920033418,"standard_error":987.1077851997585}}