{"mean":{"confidence_interval":{"confidence_level":0.95,"lower_bound":4470186.795145832,"upper_bound":4476824.0311875},"point_estimate":4473421.2575,"standard_error":1690.2556608768293},"median":{"confidence_interval":{"confidence_level":0.95,"lower_bound":4468814.916666667,"upper_bound":4476166.583333333},"point_estimate":4472390.291666666,"standard_error":2045.525933592902},"median_abs_dev":{"confidence_interval":{"confidence_level":0.95,"lower_bound":10741.532560549218,"upper_bound":16837.146601080894},"point_estimate":14050.10575056122,"standard_error":1552.001016210088},"slope":null,"std_dev":{"confidence_interval":{"confidence_level":0.95,"lower_bound":13062.587127371777,"upper_bound":21224.52998467099},"point_estimate":16984.515865295172,"standard_error":2126.6742734407662}}