{"mean":{"confidence_interval":{"confidence_level":0.95,"lower_bound":4462799.139270834,"upper_bound":4469133.112520833},"point_estimate":4465878.249999999,"standard_error":1615.8125150007436},"median":{"confidence_interval":{"confidence_level":0.95,"lower_bound":4460882.0,"upper_bound":4467364.541666666},"point_estimate":4463612.541666666,"standard_error":1896.5099666552246},"median_abs_dev":{"confidence_interval":{"confidence_level":0.95,"lower_bound":9829.514275490317,"upper_bound":16642.987779527673},"point_estimate":13278.041814266715,"standard_error":1795.9999119680924},"slope":null,"std_dev":{"confidence_interval":{"confidence_level":0.95,"lower_bound":12906.931407808268,"upper_bound":19231.23371508708},"point_estimate":16256.724635792363,"standard_error":1619.2091599228793}}