{"mean":{"confidence_interval":{"confidence_level":0.95,"lower_bound":4430573.437020835,"upper_bound":4442627.226999999},"point_estimate":4436160.224999998,"standard_error":3075.6306030125065},"median":{"confidence_interval":{"confidence_level":0.95,"lower_bound":4424927.208333334,"upper_bound":4433698.333333334},"point_estimate":4430371.916666667,"standard_error":2197.664137930805},"median_abs_dev":{"confidence_interval":{"confidence_level":0.95,"lower_bound":12158.740609138744,"upper_bound":19735.073574632406},"point_estimate":16015.10669067479,"standard_error":1962.6298035059779},"slope":null,"std_dev":{"confidence_interval":{"confidence_level":0.95,"lower_bound":18414.522118244968,"upper_bound":41706.43322304291},"point_estimate":30839.15026114949,"standard_error":5989.439567511384}}