{"mean":{"confidence_interval":{"confidence_level":0.95,"lower_bound":4007401.7899999977,"upper_bound":4013039.7617307673},"point_estimate":4010053.270769229,"standard_error":1435.1993502583828},"median":{"confidence_interval":{"confidence_level":0.95,"lower_bound":4004788.153846154,"upper_bound":4009653.846153846},"point_estimate":4007435.5384615385,"standard_error":1271.0157921456594},"median_abs_dev":{"confidence_interval":{"confidence_level":0.95,"lower_bound":6814.246166715177,"upper_bound":12506.129939510643},"point_estimate":9176.096352476261,"standard_error":1410.1836005724076},"slope":null,"std_dev":{"confidence_interval":{"confidence_level":0.95,"lower_bound":9738.502824681831,"upper_bound":19091.719569824792},"point_estimate":14410.143024778008,"standard_error":2448.6478987575224}}