{"mean":{"confidence_interval":{"confidence_level":0.95,"lower_bound":4378687.285708332,"upper_bound":4387242.471145834},"point_estimate":4382637.2775,"standard_error":2186.36185556185},"median":{"confidence_interval":{"confidence_level":0.95,"lower_bound":4376207.958333334,"upper_bound":4381952.041666666},"point_estimate":4378933.875,"standard_error":1491.9409943916023},"median_abs_dev":{"confidence_interval":{"confidence_level":0.95,"lower_bound":9820.116753783957,"upper_bound":17437.66136542009},"point_estimate":13655.919482558735,"standard_error":1964.1916733751432},"slope":null,"std_dev":{"confidence_interval":{"confidence_level":0.95,"lower_bound":13822.572353994647,"upper_bound":30933.99718673815},"point_estimate":22043.956384899124,"standard_error":4789.58663054014}}