{"mean":{"confidence_interval":{"confidence_level":0.95,"lower_bound":4406338.888104168,"upper_bound":4473890.273083334},"point_estimate":4433983.977500001,"standard_error":17571.499408344316},"median":{"confidence_interval":{"confidence_level":0.95,"lower_bound":4393807.75,"upper_bound":4404158.0},"point_estimate":4399445.041666666,"standard_error":2742.8960228885308},"median_abs_dev":{"confidence_interval":{"confidence_level":0.95,"lower_bound":14450.901943445206,"upper_bound":26073.497337102428},"point_estimate":19086.065436154604,"standard_error":3194.672503780721},"slope":null,"std_dev":{"confidence_interval":{"confidence_level":0.95,"lower_bound":34420.50678912002,"upper_bound":281411.8365938706},"point_estimate":176536.23960166672,"standard_error":66896.10755714313}}