{"mean":{"confidence_interval":{"confidence_level":0.95,"lower_bound":695274.8650564356,"upper_bound":697020.2781307313},"point_estimate":695955.4757135729,"standard_error":466.44954855196715},"median":{"confidence_interval":{"confidence_level":0.95,"lower_bound":694986.461442786,"upper_bound":695457.1494791666},"point_estimate":695218.9416824495,"standard_error":118.46956529334476},"median_abs_dev":{"confidence_interval":{"confidence_level":0.95,"lower_bound":630.5955732110818,"upper_bound":1171.4583461407483},"point_estimate":804.8685169482942,"standard_error":137.33640036437987},"slope":{"confidence_interval":{"confidence_level":0.95,"lower_bound":695357.6492834148,"upper_bound":695918.1372943738},"point_estimate":695618.807920792,"standard_error":143.1087635328475},"std_dev":{"confidence_interval":{"confidence_level":0.95,"lower_bound":1279.5778316523222,"upper_bound":7714.721281575132},"point_estimate":4676.074472851726,"standard_error":2121.857170759981}}