{"mean":{"confidence_interval":{"confidence_level":0.95,"lower_bound":825913.6721721658,"upper_bound":828897.6974118231},"point_estimate":827074.2343338745,"standard_error":801.6751143739463},"median":{"confidence_interval":{"confidence_level":0.95,"lower_bound":825269.671875,"upper_bound":826538.5357142857},"point_estimate":825843.4360520095,"standard_error":334.6344725526147},"median_abs_dev":{"confidence_interval":{"confidence_level":0.95,"lower_bound":1689.2323021529196,"upper_bound":2839.8626759269227},"point_estimate":2356.5594039631724,"standard_error":297.977095221334},"slope":{"confidence_interval":{"confidence_level":0.95,"lower_bound":825573.7862286338,"upper_bound":826700.3318723276},"point_estimate":826115.19645781,"standard_error":287.5076534597354},"std_dev":{"confidence_interval":{"confidence_level":0.95,"lower_bound":2367.2988992228184,"upper_bound":13354.499902641983},"point_estimate":8072.259169854781,"standard_error":3720.404686543459}}