{"mean":{"confidence_interval":{"confidence_level":0.95,"lower_bound":14673892.986875,"upper_bound":14701178.8406875},"point_estimate":14687412.785,"standard_error":6983.627233526272},"median":{"confidence_interval":{"confidence_level":0.95,"lower_bound":14673729.0,"upper_bound":14701889.0},"point_estimate":14686409.875,"standard_error":7270.785416156299},"median_abs_dev":{"confidence_interval":{"confidence_level":0.95,"lower_bound":36325.552605092525,"upper_bound":64018.27768094834},"point_estimate":47829.231125861406,"standard_error":7200.325914887932},"slope":null,"std_dev":{"confidence_interval":{"confidence_level":0.95,"lower_bound":55136.9648922811,"upper_bound":85241.63840444516},"point_estimate":70250.98414266274,"standard_error":7727.5868823283045}}