{"mean":{"confidence_interval":{"confidence_level":0.95,"lower_bound":14437252.4100625,"upper_bound":14463339.3440625},"point_estimate":14449205.01,"standard_error":6660.3292081793215},"median":{"confidence_interval":{"confidence_level":0.95,"lower_bound":14428431.5,"upper_bound":14443779.0},"point_estimate":14436965.75,"standard_error":3444.7783073163373},"median_abs_dev":{"confidence_interval":{"confidence_level":0.95,"lower_bound":34152.061043679714,"upper_bound":58387.38151341677},"point_estimate":44874.03872832656,"standard_error":6318.326911303467},"slope":null,"std_dev":{"confidence_interval":{"confidence_level":0.95,"lower_bound":42912.21486050249,"upper_bound":93331.79597529345},"point_estimate":66668.4889802824,"standard_error":14339.017851335795}}