{"mean":{"confidence_interval":{"confidence_level":0.95,"lower_bound":14555348.9508125,"upper_bound":14593894.8838125},"point_estimate":14574408.545,"standard_error":9809.189517914352},"median":{"confidence_interval":{"confidence_level":0.95,"lower_bound":14524675.5,"upper_bound":14593300.75},"point_estimate":14546389.0,"standard_error":14941.382132220588},"median_abs_dev":{"confidence_interval":{"confidence_level":0.95,"lower_bound":67302.25515514612,"upper_bound":128511.90007908267},"point_estimate":102094.61406245828,"standard_error":14960.724825718911},"slope":null,"std_dev":{"confidence_interval":{"confidence_level":0.95,"lower_bound":86079.03460710427,"upper_bound":109757.71129266046},"point_estimate":98605.5922769129,"standard_error":6044.887756153393}}