{"mean":{"confidence_interval":{"confidence_level":0.95,"lower_bound":15945548.571875,"upper_bound":16050826.476125},"point_estimate":15984715.2725,"standard_error":29193.8232869047},"median":{"confidence_interval":{"confidence_level":0.95,"lower_bound":15929242.0,"upper_bound":15945710.25},"point_estimate":15935327.375,"standard_error":4745.13285767369},"median_abs_dev":{"confidence_interval":{"confidence_level":0.95,"lower_bound":25043.152130395174,"upper_bound":49225.65497606993},"point_estimate":35039.21180292964,"standard_error":6229.715952117538},"slope":null,"std_dev":{"confidence_interval":{"confidence_level":0.95,"lower_bound":45409.1008439561,"upper_bound":492415.71351644426},"point_estimate":292640.1038128248,"standard_error":147575.12606762588}}