{"mean":{"confidence_interval":{"confidence_level":0.95,"lower_bound":14529814.392874999,"upper_bound":14552771.7523125},"point_estimate":14541033.875,"standard_error":5843.123284457454},"median":{"confidence_interval":{"confidence_level":0.95,"lower_bound":14520063.75,"upper_bound":14549625.25},"point_estimate":14535714.125,"standard_error":7322.305282465301},"median_abs_dev":{"confidence_interval":{"confidence_level":0.95,"lower_bound":44184.259090572596,"upper_bound":68345.82021161914},"point_estimate":54810.23842692375,"standard_error":6326.968334961543},"slope":null,"std_dev":{"confidence_interval":{"confidence_level":0.95,"lower_bound":48005.98318422544,"upper_bound":68633.13883490094},"point_estimate":58621.77227968709,"standard_error":5272.7001813422}}