{"mean":{"confidence_interval":{"confidence_level":0.95,"lower_bound":14277024.506187499,"upper_bound":14303053.3385625},"point_estimate":14289318.47,"standard_error":6626.7738726508815},"median":{"confidence_interval":{"confidence_level":0.95,"lower_bound":14271998.0,"upper_bound":14295287.375},"point_estimate":14284466.0,"standard_error":6198.658381185356},"median_abs_dev":{"confidence_interval":{"confidence_level":0.95,"lower_bound":44726.14938095212,"upper_bound":68200.34008920193},"point_estimate":58363.4745888412,"standard_error":5884.950538243544},"slope":null,"std_dev":{"confidence_interval":{"confidence_level":0.95,"lower_bound":46479.94261050641,"upper_bound":89085.92987490856},"point_estimate":66661.1034658003,"standard_error":11463.146119345312}}