{"mean":{"confidence_interval":{"confidence_level":0.95,"lower_bound":18170004.608416673,"upper_bound":18242006.85650001},"point_estimate":18201138.61666667,"standard_error":18493.669816773763},"median":{"confidence_interval":{"confidence_level":0.95,"lower_bound":18134186.333333332,"upper_bound":18172706.833333336},"point_estimate":18154604.166666664,"standard_error":10011.62076274874},"median_abs_dev":{"confidence_interval":{"confidence_level":0.95,"lower_bound":48977.690130477706,"upper_bound":92086.0140651483},"point_estimate":64742.175650591096,"standard_error":11095.008031665273},"slope":null,"std_dev":{"confidence_interval":{"confidence_level":0.95,"lower_bound":95182.97113592338,"upper_bound":279648.7944196324},"point_estimate":184741.15430569506,"standard_error":57565.81739807286}}