{"mean":{"confidence_interval":{"confidence_level":0.95,"lower_bound":14393744.946562499,"upper_bound":14422877.1904375},"point_estimate":14407875.75,"standard_error":7443.7909612960875},"median":{"confidence_interval":{"confidence_level":0.95,"lower_bound":14376317.75,"upper_bound":14409463.75},"point_estimate":14395454.125,"standard_error":7544.120935910624},"median_abs_dev":{"confidence_interval":{"confidence_level":0.95,"lower_bound":52740.227710548796,"upper_bound":85917.22444966435},"point_estimate":69139.01119753718,"standard_error":7852.289822081115},"slope":null,"std_dev":{"confidence_interval":{"confidence_level":0.95,"lower_bound":60111.152254782704,"upper_bound":87966.58676249637},"point_estimate":74513.8777542462,"standard_error":7136.837892674967}}