{"mean":{"confidence_interval":{"confidence_level":0.95,"lower_bound":14613481.248374999,"upper_bound":14647619.83},"point_estimate":14630219.1175,"standard_error":8719.572492294394},"median":{"confidence_interval":{"confidence_level":0.95,"lower_bound":14594152.625,"upper_bound":14637915.125},"point_estimate":14618278.5,"standard_error":12637.532094432803},"median_abs_dev":{"confidence_interval":{"confidence_level":0.95,"lower_bound":63076.289255172014,"upper_bound":108331.9121517241},"point_estimate":88780.49564883113,"standard_error":12457.356297161996},"slope":null,"std_dev":{"confidence_interval":{"confidence_level":0.95,"lower_bound":75176.0154490372,"upper_bound":98816.1548974535},"point_estimate":87681.12215719828,"standard_error":6020.700434412393}}