{"mean":{"confidence_interval":{"confidence_level":0.95,"lower_bound":17926027.000749998,"upper_bound":17948037.824833333},"point_estimate":17936923.55,"standard_error":5624.148552308815},"median":{"confidence_interval":{"confidence_level":0.95,"lower_bound":17916911.666666664,"upper_bound":17949675.666666664},"point_estimate":17932753.333333336,"standard_error":9347.754753875188},"median_abs_dev":{"confidence_interval":{"confidence_level":0.95,"lower_bound":42426.32794677843,"upper_bound":64347.062757611275},"point_estimate":52565.58206677713,"standard_error":5609.276457987029},"slope":null,"std_dev":{"confidence_interval":{"confidence_level":0.95,"lower_bound":48106.505316053976,"upper_bound":63687.52926769503},"point_estimate":56424.07563094578,"standard_error":3977.8655213606903}}