{"mean":{"confidence_interval":{"confidence_level":0.95,"lower_bound":18522553.10333334,"upper_bound":18566528.071749993},"point_estimate":18543029.40333334,"standard_error":11246.1617782675},"median":{"confidence_interval":{"confidence_level":0.95,"lower_bound":18515904.833333336,"upper_bound":18545476.5},"point_estimate":18531165.0,"standard_error":7577.116065202283},"median_abs_dev":{"confidence_interval":{"confidence_level":0.95,"lower_bound":52114.130374792,"upper_bound":92620.49135565666},"point_estimate":75231.32336437794,"standard_error":10088.317932560898},"slope":null,"std_dev":{"confidence_interval":{"confidence_level":0.95,"lower_bound":69735.24785732574,"upper_bound":152567.01302230422},"point_estimate":112947.66253453038,"standard_error":21402.843182793396}}