{"mean":{"confidence_interval":{"confidence_level":0.95,"lower_bound":25309202.578625,"upper_bound":25365150.32975},"point_estimate":25336545.74,"standard_error":14296.840030192216},"median":{"confidence_interval":{"confidence_level":0.95,"lower_bound":25268646.5,"upper_bound":25307463.5},"point_estimate":25285966.0,"standard_error":10839.742642201149},"median_abs_dev":{"confidence_interval":{"confidence_level":0.95,"lower_bound":61987.87554949522,"upper_bound":145091.31057411432},"point_estimate":98335.2965041995,"standard_error":21035.179945192678},"slope":null,"std_dev":{"confidence_interval":{"confidence_level":0.95,"lower_bound":123212.69847663528,"upper_bound":159842.2517541484},"point_estimate":143351.17259446986,"standard_error":9341.607894588045}}