{"mean":{"confidence_interval":{"confidence_level":0.95,"lower_bound":14287717.7755,"upper_bound":14306742.97525},"point_estimate":14297018.5,"standard_error":4855.768971691792},"median":{"confidence_interval":{"confidence_level":0.95,"lower_bound":14275763.0,"upper_bound":14299835.5},"point_estimate":14286490.25,"standard_error":6598.544095780047},"median_abs_dev":{"confidence_interval":{"confidence_level":0.95,"lower_bound":28474.615870099547,"upper_bound":49507.34897106886},"point_estimate":36591.86462536454,"standard_error":5630.863298417288},"slope":null,"std_dev":{"confidence_interval":{"confidence_level":0.95,"lower_bound":40289.791486409886,"upper_bound":56522.27143166609},"point_estimate":48785.20304223889,"standard_error":4148.262989903046}}