{"mean":{"confidence_interval":{"confidence_level":0.95,"lower_bound":18164497.958249997,"upper_bound":18343223.154999994},"point_estimate":18242790.55000001,"standard_error":46090.64829859754},"median":{"confidence_interval":{"confidence_level":0.95,"lower_bound":18118182.666666668,"upper_bound":18155088.666666668},"point_estimate":18138419.666666664,"standard_error":9692.033307819062},"median_abs_dev":{"confidence_interval":{"confidence_level":0.95,"lower_bound":47961.862048504896,"upper_bound":83280.358621479},"point_estimate":68806.47637843901,"standard_error":9292.065547651371},"slope":null,"std_dev":{"confidence_interval":{"confidence_level":0.95,"lower_bound":167470.42931816058,"upper_bound":677667.8753481237},"point_estimate":463380.0311420004,"standard_error":129492.38437693962}}