{"mean":{"confidence_interval":{"confidence_level":0.95,"lower_bound":14520041.2183125,"upper_bound":14545931.9619375},"point_estimate":14532794.74,"standard_error":6600.547598937148},"median":{"confidence_interval":{"confidence_level":0.95,"lower_bound":14496393.5,"upper_bound":14547432.25},"point_estimate":14513851.375,"standard_error":12578.590337022768},"median_abs_dev":{"confidence_interval":{"confidence_level":0.95,"lower_bound":46005.81848323345,"upper_bound":86664.64016139507},"point_estimate":66654.729616642,"standard_error":10741.681149966294},"slope":null,"std_dev":{"confidence_interval":{"confidence_level":0.95,"lower_bound":57038.97813703863,"upper_bound":75506.85558828674},"point_estimate":66256.9015228812,"standard_error":4710.984076884798}}