{"mean":{"confidence_interval":{"confidence_level":0.95,"lower_bound":14940861.2101875,"upper_bound":15099527.2311875},"point_estimate":15011176.7575,"standard_error":40913.982326178324},"median":{"confidence_interval":{"confidence_level":0.95,"lower_bound":14900692.25,"upper_bound":14956082.25},"point_estimate":14937494.875,"standard_error":14025.180037882008},"median_abs_dev":{"confidence_interval":{"confidence_level":0.95,"lower_bound":72048.242995888,"upper_bound":124313.96921798587},"point_estimate":98698.53349775076,"standard_error":12974.791091758249},"slope":null,"std_dev":{"confidence_interval":{"confidence_level":0.95,"lower_bound":175454.49380336062,"upper_bound":595757.5832913404},"point_estimate":411189.1752282788,"standard_error":108296.589522462}}