{"mean":{"confidence_interval":{"confidence_level":0.95,"lower_bound":18548596.219583344,"upper_bound":18590707.541166667},"point_estimate":18569816.45666667,"standard_error":10727.519668925603},"median":{"confidence_interval":{"confidence_level":0.95,"lower_bound":18565328.333333336,"upper_bound":18601240.833333332},"point_estimate":18589216.0,"standard_error":9661.535366979137},"median_abs_dev":{"confidence_interval":{"confidence_level":0.95,"lower_bound":57974.8480707407,"upper_bound":110053.8902461538},"point_estimate":83450.85761844927,"standard_error":12952.60076262215},"slope":null,"std_dev":{"confidence_interval":{"confidence_level":0.95,"lower_bound":90675.40711265318,"upper_bound":123411.56681303715},"point_estimate":107788.74573223751,"standard_error":8352.134624752576}}