{"mean":{"confidence_interval":{"confidence_level":0.95,"lower_bound":18132443.95783333,"upper_bound":18152000.97166666},"point_estimate":18141926.016666666,"standard_error":4978.840686642291},"median":{"confidence_interval":{"confidence_level":0.95,"lower_bound":18126571.0,"upper_bound":18145504.666666664},"point_estimate":18135459.166666664,"standard_error":5314.36069585761},"median_abs_dev":{"confidence_interval":{"confidence_level":0.95,"lower_bound":30697.72665501009,"upper_bound":52344.42757070157},"point_estimate":40758.65007639024,"standard_error":5169.035044164418},"slope":null,"std_dev":{"confidence_interval":{"confidence_level":0.95,"lower_bound":38605.04152632769,"upper_bound":62396.171358093365},"point_estimate":50002.024511479794,"standard_error":6242.75842639512}}