{"mean":{"confidence_interval":{"confidence_level":0.95,"lower_bound":0.007054765885652242,"upper_bound":0.012899783552778123},"point_estimate":0.010362873329906819,"standard_error":0.0014992298794365615},"median":{"confidence_interval":{"confidence_level":0.95,"lower_bound":0.009744203512253913,"upper_bound":0.01263786363303665},"point_estimate":0.011152937962920051,"standard_error":0.0007058963937732185}}