{"mean":{"confidence_interval":{"confidence_level":0.95,"lower_bound":0.05755048066070552,"upper_bound":0.06453795759729646},"point_estimate":0.06113259881352273,"standard_error":0.0017570794282184467},"median":{"confidence_interval":{"confidence_level":0.95,"lower_bound":0.06088103703798953,"upper_bound":0.06329930075393886},"point_estimate":0.06218585608129423,"standard_error":0.0006415131225889047}}