{"mean":{"confidence_interval":{"confidence_level":0.95,"lower_bound":-0.006167994425091856,"upper_bound":0.0005398757022284345},"point_estimate":-0.0026989079337146338,"standard_error":0.0016732225468699183},"median":{"confidence_interval":{"confidence_level":0.95,"lower_bound":-0.0038322838737485654,"upper_bound":-0.0017608672488574895},"point_estimate":-0.0029475186403460363,"standard_error":0.0005343454806134655}}