{"mean":{"confidence_interval":{"confidence_level":0.95,"lower_bound":0.021650414311806858,"upper_bound":0.029202854429096554},"point_estimate":0.025299408227308362,"standard_error":0.001916892636370326},"median":{"confidence_interval":{"confidence_level":0.95,"lower_bound":0.024768068071446603,"upper_bound":0.026726582748857617},"point_estimate":0.025753793537802272,"standard_error":0.0004972684164122922}}