{"mean":{"confidence_interval":{"confidence_level":0.95,"lower_bound":0.014745543176660249,"upper_bound":0.02113757298576696},"point_estimate":0.018184786716674006,"standard_error":0.0016233456656901523},"median":{"confidence_interval":{"confidence_level":0.95,"lower_bound":0.017620766820828204,"upper_bound":0.02081963778257978},"point_estimate":0.018778841145903113,"standard_error":0.0008480891166080348}}