{"mean":{"confidence_interval":{"confidence_level":0.95,"lower_bound":0.008141037870702085,"upper_bound":0.013446071789988544},"point_estimate":0.011242533607732419,"standard_error":0.0013759561503406792},"median":{"confidence_interval":{"confidence_level":0.95,"lower_bound":0.011692771006992777,"upper_bound":0.01468789223154321},"point_estimate":0.01298548905164143,"standard_error":0.0007559719220268617}}