{"mean":{"confidence_interval":{"confidence_level":0.95,"lower_bound":0.009231301797093666,"upper_bound":0.014782702911630377},"point_estimate":0.011998101911545156,"standard_error":0.0014023014887963679},"median":{"confidence_interval":{"confidence_level":0.95,"lower_bound":0.012107782703068448,"upper_bound":0.014466675480357516},"point_estimate":0.013556082881408305,"standard_error":0.000586349540224158}}