{"mean":{"confidence_interval":{"confidence_level":0.95,"lower_bound":-0.005674209748003414,"upper_bound":0.0002943249461437859},"point_estimate":-0.002479396808857448,"standard_error":0.0015191770514955346},"median":{"confidence_interval":{"confidence_level":0.95,"lower_bound":-0.002752507378884994,"upper_bound":-0.0009445880214936642},"point_estimate":-0.001861596225420259,"standard_error":0.00046272754866219534}}