{"mean":{"confidence_interval":{"confidence_level":0.95,"lower_bound":0.009672843100115841,"upper_bound":0.016142900567003397},"point_estimate":0.013200342612674554,"standard_error":0.0016342166025834122},"median":{"confidence_interval":{"confidence_level":0.95,"lower_bound":0.011174307766737668,"upper_bound":0.01604870786620216},"point_estimate":0.013663768928776854,"standard_error":0.0013659303903561515}}