{"mean":{"confidence_interval":{"confidence_level":0.95,"lower_bound":0.10099461383928542,"upper_bound":0.10818224613225128},"point_estimate":0.10480311887080385,"standard_error":0.0018011680882048851},"median":{"confidence_interval":{"confidence_level":0.95,"lower_bound":0.10427210880742321,"upper_bound":0.10608032479512963},"point_estimate":0.10522440790940579,"standard_error":0.0004708016582072731}}