{"mean":{"confidence_interval":{"confidence_level":0.95,"lower_bound":0.05554553998231524,"upper_bound":0.06168014205463918},"point_estimate":0.05909015941353779,"standard_error":0.0015751413288915194},"median":{"confidence_interval":{"confidence_level":0.95,"lower_bound":0.06130623908002408,"upper_bound":0.06394199195415595},"point_estimate":0.06273824903872538,"standard_error":0.0006769678615277329}}