{"mean":{"confidence_interval":{"confidence_level":0.95,"lower_bound":0.0037039387094406745,"upper_bound":0.009824722184644374},"point_estimate":0.007091434188634782,"standard_error":0.001562731857347658},"median":{"confidence_interval":{"confidence_level":0.95,"lower_bound":0.006258527874201558,"upper_bound":0.008452396700699971},"point_estimate":0.007385257203606388,"standard_error":0.0005462658353121867}}