{"mean":{"confidence_interval":{"confidence_level":0.95,"lower_bound":-0.006672828853908475,"upper_bound":-0.0013904730347632493},"point_estimate":-0.0035828226388477935,"standard_error":0.0013674248934127588},"median":{"confidence_interval":{"confidence_level":0.95,"lower_bound":-0.0032012862162262845,"upper_bound":-0.0012287298983080122},"point_estimate":-0.0021338524798844016,"standard_error":0.0004972624838002161}}