{"mean":{"confidence_interval":{"confidence_level":0.95,"lower_bound":-0.012099100965747806,"upper_bound":-0.006579811265321935},"point_estimate":-0.00899987642779998,"standard_error":0.0014163063448452905},"median":{"confidence_interval":{"confidence_level":0.95,"lower_bound":-0.010155995027647746,"upper_bound":-0.00674604502374565},"point_estimate":-0.00847491662120159,"standard_error":0.0008408481855674932}}