{"mean":{"confidence_interval":{"confidence_level":0.95,"lower_bound":-0.00250305080626244,"upper_bound":0.0008275292547021586},"point_estimate":-0.0008293146332831736,"standard_error":0.0008381895534257774},"median":{"confidence_interval":{"confidence_level":0.95,"lower_bound":-0.0011138547078689554,"upper_bound":-0.00006476314921810984},"point_estimate":-0.0006742129336416713,"standard_error":0.00027234276483929136}}