{"mean":{"confidence_interval":{"confidence_level":0.95,"lower_bound":-0.0016265049665748152,"upper_bound":0.004747768216975434},"point_estimate":0.0017959546419672456,"standard_error":0.001620149988035938},"median":{"confidence_interval":{"confidence_level":0.95,"lower_bound":0.0007448963056360114,"upper_bound":0.003207074389961706},"point_estimate":0.0019098688275125397,"standard_error":0.0006145199728338533}}