{"mean":{"confidence_interval":{"confidence_level":0.95,"lower_bound":-0.04740985070077891,"upper_bound":-0.03392498915205415},"point_estimate":-0.04091165807927155,"standard_error":0.0035244894312050786},"median":{"confidence_interval":{"confidence_level":0.95,"lower_bound":-0.07709710516616697,"upper_bound":-0.013286791804510978},"point_estimate":-0.07467070701901046,"standard_error":0.02121477641918995}}