{"mean":{"confidence_interval":{"confidence_level":0.95,"lower_bound":-0.029558814283619256,"upper_bound":-0.021795722873504484},"point_estimate":-0.02565155482596848,"standard_error":0.001985295453373842},"median":{"confidence_interval":{"confidence_level":0.95,"lower_bound":-0.027085797940867518,"upper_bound":-0.02241823524839629},"point_estimate":-0.026000434585418897,"standard_error":0.001144052532118325}}