{"mean":{"confidence_interval":{"confidence_level":0.95,"lower_bound":-0.058152330487340746,"upper_bound":-0.049604107243010745},"point_estimate":-0.05414708148871339,"standard_error":0.002190557185722334},"median":{"confidence_interval":{"confidence_level":0.95,"lower_bound":-0.05645962564740492,"upper_bound":-0.05150119656668939},"point_estimate":-0.05511169923691328,"standard_error":0.0012727406673591348}}