{"mean":{"confidence_interval":{"confidence_level":0.95,"lower_bound":-0.04107939135047443,"upper_bound":-0.03280112315153226},"point_estimate":-0.03720615102140712,"standard_error":0.002122576221924973},"median":{"confidence_interval":{"confidence_level":0.95,"lower_bound":-0.04799850604476981,"upper_bound":-0.03417963293152548},"point_estimate":-0.03794236740393231,"standard_error":0.002687468993154651}}