{"mean":{"confidence_interval":{"confidence_level":0.95,"lower_bound":-0.013403453053423452,"upper_bound":-0.0038017500218799284},"point_estimate":-0.008716596827297973,"standard_error":0.0024239363514392343},"median":{"confidence_interval":{"confidence_level":0.95,"lower_bound":-0.007451382943823033,"upper_bound":-0.005332654242263923},"point_estimate":-0.006553963152883369,"standard_error":0.0005287233236511968}}