{"mean":{"confidence_interval":{"confidence_level":0.95,"lower_bound":-0.06366953693810472,"upper_bound":-0.0570497589097815},"point_estimate":-0.06035041622149839,"standard_error":0.001690137686882206},"median":{"confidence_interval":{"confidence_level":0.95,"lower_bound":-0.06933690491502009,"upper_bound":-0.06476028744700198},"point_estimate":-0.0682879724591251,"standard_error":0.0011190906570673147}}