{"mean":{"confidence_interval":{"confidence_level":0.95,"lower_bound":-0.0469348851398788,"upper_bound":-0.03788388913266291},"point_estimate":-0.042540525255909456,"standard_error":0.0023481069465592134},"median":{"confidence_interval":{"confidence_level":0.95,"lower_bound":-0.040611582310012495,"upper_bound":-0.03176432682135699},"point_estimate":-0.03540156851285636,"standard_error":0.0025221025865533437}}