{"mean":{"confidence_interval":{"confidence_level":0.95,"lower_bound":0.0015901117149571338,"upper_bound":0.011401424183848196},"point_estimate":0.00660517788233661,"standard_error":0.002486496881921024},"median":{"confidence_interval":{"confidence_level":0.95,"lower_bound":0.008564797914112354,"upper_bound":0.011774142368295996},"point_estimate":0.00982756026639775,"standard_error":0.0008593287249335877}}