{"mean":{"confidence_interval":{"confidence_level":0.95,"lower_bound":-0.060984102615022844,"upper_bound":-0.05243837377640473},"point_estimate":-0.056685861957647354,"standard_error":0.002184740240833015},"median":{"confidence_interval":{"confidence_level":0.95,"lower_bound":-0.06060984956599891,"upper_bound":-0.05440791047590601},"point_estimate":-0.05783938883455675,"standard_error":0.0014205828238992022}}