{"mean":{"confidence_interval":{"confidence_level":0.95,"lower_bound":-0.04332741701839873,"upper_bound":-0.03694547122877502},"point_estimate":-0.04009248069069793,"standard_error":0.0016276831885850586},"median":{"confidence_interval":{"confidence_level":0.95,"lower_bound":-0.0436333810465539,"upper_bound":-0.03814828325804731},"point_estimate":-0.042069942354457046,"standard_error":0.0013219641686465923}}