{"mean":{"confidence_interval":{"confidence_level":0.95,"lower_bound":-0.063721543344579,"upper_bound":-0.053390170435073374},"point_estimate":-0.05899571744503562,"standard_error":0.0026719685778720304},"median":{"confidence_interval":{"confidence_level":0.95,"lower_bound":-0.06420339166988498,"upper_bound":-0.05445627178072587},"point_estimate":-0.05723550022786916,"standard_error":0.002646165814090776}}