{"mean":{"confidence_interval":{"confidence_level":0.95,"lower_bound":-0.06039779772318306,"upper_bound":-0.055191485252602264},"point_estimate":-0.05790024090355317,"standard_error":0.0013319792084463937},"median":{"confidence_interval":{"confidence_level":0.95,"lower_bound":-0.0643186871765532,"upper_bound":-0.059922897585786575},"point_estimate":-0.06335172029537894,"standard_error":0.001104369621218207}}