{"mean":{"confidence_interval":{"confidence_level":0.95,"lower_bound":-0.00559365390418763,"upper_bound":0.003918514907257225},"point_estimate":-0.0009583567057893649,"standard_error":0.002373296814626402},"median":{"confidence_interval":{"confidence_level":0.95,"lower_bound":0.0003824611997060856,"upper_bound":0.0022480811424223646},"point_estimate":0.0010033460674041539,"standard_error":0.0004721882508211756}}