{"mean":{"confidence_interval":{"confidence_level":0.95,"lower_bound":-0.04344481390615062,"upper_bound":-0.03441449639506135},"point_estimate":-0.039056474419957965,"standard_error":0.0023121476096537286},"median":{"confidence_interval":{"confidence_level":0.95,"lower_bound":-0.04155187590869425,"upper_bound":-0.03662552606962033},"point_estimate":-0.04017624382697671,"standard_error":0.0011985594054839319}}