{"mean":{"confidence_interval":{"confidence_level":0.95,"lower_bound":-0.06016507822562234,"upper_bound":-0.052006128438344665},"point_estimate":-0.055988259349154634,"standard_error":0.0020918146139332},"median":{"confidence_interval":{"confidence_level":0.95,"lower_bound":-0.05552446258655386,"upper_bound":-0.05048970388442841},"point_estimate":-0.05392993396505774,"standard_error":0.001586321303880766}}