{"mean":{"confidence_interval":{"confidence_level":0.95,"lower_bound":-0.022509409634047472,"upper_bound":-0.01376534878527506},"point_estimate":-0.018159751562453086,"standard_error":0.0022070878588779353},"median":{"confidence_interval":{"confidence_level":0.95,"lower_bound":-0.019297376428036528,"upper_bound":-0.01328288948869194},"point_estimate":-0.01679161116874639,"standard_error":0.0014625824305560438}}