{"mean":{"confidence_interval":{"confidence_level":0.95,"lower_bound":-0.05370513653934184,"upper_bound":-0.0452503064793757},"point_estimate":-0.04991108688717716,"standard_error":0.0021597325176923657},"median":{"confidence_interval":{"confidence_level":0.95,"lower_bound":-0.05924474056563778,"upper_bound":-0.053374665699442825},"point_estimate":-0.057160887679288286,"standard_error":0.0013838402477958118}}