{"mean":{"confidence_interval":{"confidence_level":0.95,"lower_bound":-0.07593630001970712,"upper_bound":-0.06766759570902366},"point_estimate":-0.07201412001442897,"standard_error":0.0021004855510255802},"median":{"confidence_interval":{"confidence_level":0.95,"lower_bound":-0.08426664127507051,"upper_bound":-0.07920247903940458},"point_estimate":-0.08306049039266306,"standard_error":0.0012301258484570842}}