{"mean":{"confidence_interval":{"confidence_level":0.95,"lower_bound":7936788.206571429,"upper_bound":7950588.192857141},"point_estimate":7943343.010000002,"standard_error":3514.9968193476025},"median":{"confidence_interval":{"confidence_level":0.95,"lower_bound":7928758.714285715,"upper_bound":7944817.285714285},"point_estimate":7937059.571428571,"standard_error":4142.046968023238},"median_abs_dev":{"confidence_interval":{"confidence_level":0.95,"lower_bound":24310.24471840671,"upper_bound":39867.113292217255},"point_estimate":29854.374369978905,"standard_error":3995.266532188384},"slope":null,"std_dev":{"confidence_interval":{"confidence_level":0.95,"lower_bound":26589.66721091108,"upper_bound":44942.93073951127},"point_estimate":35408.2685412105,"standard_error":4812.067407539468}}