{"mean":{"confidence_interval":{"confidence_level":0.95,"lower_bound":7439248.448857146,"upper_bound":7454978.357214286},"point_estimate":7446811.278571428,"standard_error":4019.7896727704706},"median":{"confidence_interval":{"confidence_level":0.95,"lower_bound":7432412.571428572,"upper_bound":7449271.0},"point_estimate":7441996.642857143,"standard_error":4371.332107734099},"median_abs_dev":{"confidence_interval":{"confidence_level":0.95,"lower_bound":25972.715838892316,"upper_bound":43281.541031599045},"point_estimate":35844.078263640404,"standard_error":4657.801296272731},"slope":null,"std_dev":{"confidence_interval":{"confidence_level":0.95,"lower_bound":30303.586864608544,"upper_bound":50391.81773830617},"point_estimate":40372.10971648569,"standard_error":5206.752469066557}}