{"mean":{"confidence_interval":{"confidence_level":0.95,"lower_bound":7013122.47778125,"upper_bound":7021863.87071875},"point_estimate":7017417.52125,"standard_error":2226.5941928739894},"median":{"confidence_interval":{"confidence_level":0.95,"lower_bound":7012942.625,"upper_bound":7021257.4375},"point_estimate":7016045.375,"standard_error":2255.2535015589247},"median_abs_dev":{"confidence_interval":{"confidence_level":0.95,"lower_bound":12023.515136539936,"upper_bound":23295.722736418247},"point_estimate":17483.93083959818,"standard_error":2814.9677635977528},"slope":null,"std_dev":{"confidence_interval":{"confidence_level":0.95,"lower_bound":18171.7092308785,"upper_bound":26049.558582330304},"point_estimate":22324.710343731676,"standard_error":2014.465023996205}}