{"mean":{"confidence_interval":{"confidence_level":0.95,"lower_bound":7009623.013656249,"upper_bound":7024007.3835625},"point_estimate":7016217.87375,"standard_error":3676.1388155332475},"median":{"confidence_interval":{"confidence_level":0.95,"lower_bound":7005371.0,"upper_bound":7009830.5625},"point_estimate":7007464.6875,"standard_error":1238.4559881583307},"median_abs_dev":{"confidence_interval":{"confidence_level":0.95,"lower_bound":7928.481346741319,"upper_bound":13171.510828658938},"point_estimate":11384.514547884464,"standard_error":1319.568939431268},"slope":null,"std_dev":{"confidence_interval":{"confidence_level":0.95,"lower_bound":21327.75833153096,"upper_bound":50300.09808009337},"point_estimate":36784.063899578505,"standard_error":7432.6589952838385}}