{"mean":{"confidence_interval":{"confidence_level":0.95,"lower_bound":6987917.438500003,"upper_bound":7002572.553785716},"point_estimate":6994970.712857141,"standard_error":3739.9449161502575},"median":{"confidence_interval":{"confidence_level":0.95,"lower_bound":6978552.571428572,"upper_bound":6999106.857142857},"point_estimate":6987292.5,"standard_error":4703.819159851007},"median_abs_dev":{"confidence_interval":{"confidence_level":0.95,"lower_bound":25786.225942202876,"upper_bound":42756.80654091485},"point_estimate":34143.641993829086,"standard_error":4281.05420346207},"slope":null,"std_dev":{"confidence_interval":{"confidence_level":0.95,"lower_bound":28837.703295252086,"upper_bound":47655.08577480842},"point_estimate":37510.22628493489,"standard_error":5121.711955437589}}