{"mean":{"confidence_interval":{"confidence_level":0.95,"lower_bound":8917099.537041659,"upper_bound":8964455.697124999},"point_estimate":8937522.473333335,"standard_error":12288.547153816098},"median":{"confidence_interval":{"confidence_level":0.95,"lower_bound":8901529.0,"upper_bound":8925802.5},"point_estimate":8909585.5,"standard_error":7541.191645426009},"median_abs_dev":{"confidence_interval":{"confidence_level":0.95,"lower_bound":30122.477865220037,"upper_bound":45639.61628973484},"point_estimate":36473.071302473545,"standard_error":4022.057536471325},"slope":null,"std_dev":{"confidence_interval":{"confidence_level":0.95,"lower_bound":40770.49835214977,"upper_bound":188057.52246836678},"point_estimate":123287.43194367544,"standard_error":38605.20357668061}}