{"mean":{"confidence_interval":{"confidence_level":0.95,"lower_bound":8165247.930107142,"upper_bound":8180050.252607147},"point_estimate":8172454.6185714295,"standard_error":3784.8482646056377},"median":{"confidence_interval":{"confidence_level":0.95,"lower_bound":8161032.857142857,"upper_bound":8182752.0},"point_estimate":8166549.642857144,"standard_error":7234.968128615901},"median_abs_dev":{"confidence_interval":{"confidence_level":0.95,"lower_bound":28393.907495908163,"upper_bound":41851.36155699001},"point_estimate":35321.038172925924,"standard_error":3502.0227820792516},"slope":null,"std_dev":{"confidence_interval":{"confidence_level":0.95,"lower_bound":30674.63332743716,"upper_bound":44833.427733303346},"point_estimate":37957.42399104952,"standard_error":3634.5759632927875}}