{"mean":{"confidence_interval":{"confidence_level":0.95,"lower_bound":9546645.583541665,"upper_bound":9625170.579791665},"point_estimate":9585479.533333337,"standard_error":20132.402522831966},"median":{"confidence_interval":{"confidence_level":0.95,"lower_bound":9507228.0,"upper_bound":9648182.416666666},"point_estimate":9543284.166666668,"standard_error":40415.395339396324},"median_abs_dev":{"confidence_interval":{"confidence_level":0.95,"lower_bound":181171.73998355772,"upper_bound":258995.26585191395},"point_estimate":234066.58279448884,"standard_error":20036.920271863328},"slope":null,"std_dev":{"confidence_interval":{"confidence_level":0.95,"lower_bound":171897.9633701044,"upper_bound":234116.3656097184},"point_estimate":203156.50112675605,"standard_error":15948.146305121109}}