{"mean":{"confidence_interval":{"confidence_level":0.95,"lower_bound":6969780.2754999995,"upper_bound":6985394.145343751},"point_estimate":6977207.645,"standard_error":3972.0187891537457},"median":{"confidence_interval":{"confidence_level":0.95,"lower_bound":6969700.75,"upper_bound":6974818.5},"point_estimate":6971350.8125,"standard_error":1657.303735177336},"median_abs_dev":{"confidence_interval":{"confidence_level":0.95,"lower_bound":16148.84956330061,"upper_bound":31339.661556109786},"point_estimate":23796.748865023255,"standard_error":3873.352663412661},"slope":null,"std_dev":{"confidence_interval":{"confidence_level":0.95,"lower_bound":27195.50831661572,"upper_bound":51723.35140236934},"point_estimate":39979.48046252694,"standard_error":6315.086879687239}}