{"mean":{"confidence_interval":{"confidence_level":0.95,"lower_bound":6993143.64346875,"upper_bound":7012247.43503125},"point_estimate":7001411.7475,"standard_error":4926.58669045298},"median":{"confidence_interval":{"confidence_level":0.95,"lower_bound":6985756.625,"upper_bound":6992754.75},"point_estimate":6989267.5625,"standard_error":1953.626576881003},"median_abs_dev":{"confidence_interval":{"confidence_level":0.95,"lower_bound":13158.53807888925,"upper_bound":22650.05044788122},"point_estimate":18301.492062583566,"standard_error":2410.112612640459},"slope":null,"std_dev":{"confidence_interval":{"confidence_level":0.95,"lower_bound":23639.189005685817,"upper_bound":76119.4684898738},"point_estimate":49718.43830681167,"standard_error":16039.434865499881}}