{"mean":{"confidence_interval":{"confidence_level":0.95,"lower_bound":7199985.43610714,"upper_bound":7223181.697714283},"point_estimate":7210488.8414285695,"standard_error":5944.248662344995},"median":{"confidence_interval":{"confidence_level":0.95,"lower_bound":7189718.428571428,"upper_bound":7205534.571428571},"point_estimate":7197406.428571429,"standard_error":3515.4973015653572},"median_abs_dev":{"confidence_interval":{"confidence_level":0.95,"lower_bound":20296.944547157014,"upper_bound":35046.545377798655},"point_estimate":28161.880600026085,"standard_error":3757.2215184254537},"slope":null,"std_dev":{"confidence_interval":{"confidence_level":0.95,"lower_bound":27403.16382265304,"upper_bound":84017.74565191923},"point_estimate":60012.40802923413,"standard_error":13939.898864273944}}