{"mean":{"confidence_interval":{"confidence_level":0.95,"lower_bound":7330915.224071427,"upper_bound":7361841.684535714},"point_estimate":7344193.284285717,"standard_error":7978.939126752503},"median":{"confidence_interval":{"confidence_level":0.95,"lower_bound":7320748.857142857,"upper_bound":7335610.857142857},"point_estimate":7327859.142857144,"standard_error":4144.699947766387},"median_abs_dev":{"confidence_interval":{"confidence_level":0.95,"lower_bound":20087.217543381783,"upper_bound":32187.139528564163},"point_estimate":25147.43715354414,"standard_error":3137.2562646331844},"slope":null,"std_dev":{"confidence_interval":{"confidence_level":0.95,"lower_bound":32108.17824333199,"upper_bound":124076.44793765449},"point_estimate":80108.52594924888,"standard_error":26244.24029540126}}