{"mean":{"confidence_interval":{"confidence_level":0.95,"lower_bound":9004670.083999995,"upper_bound":9060440.267749999},"point_estimate":9031794.614999998,"standard_error":14194.056163958307},"median":{"confidence_interval":{"confidence_level":0.95,"lower_bound":8979353.583333334,"upper_bound":9029242.166666666},"point_estimate":9007565.166666666,"standard_error":13371.26467142891},"median_abs_dev":{"confidence_interval":{"confidence_level":0.95,"lower_bound":87848.49624037743,"upper_bound":149749.9701876565},"point_estimate":118750.45104175898,"standard_error":15743.072097981674},"slope":null,"std_dev":{"confidence_interval":{"confidence_level":0.95,"lower_bound":119027.93380014462,"upper_bound":162544.21733772446},"point_estimate":142478.5599770347,"standard_error":11126.984212618647}}