{"mean":{"confidence_interval":{"confidence_level":0.95,"lower_bound":7211950.269785712,"upper_bound":7226358.70989286},"point_estimate":7218874.404285716,"standard_error":3674.838107702574},"median":{"confidence_interval":{"confidence_level":0.95,"lower_bound":7204012.571428572,"upper_bound":7223023.714285715},"point_estimate":7214396.5,"standard_error":5064.7989936097965},"median_abs_dev":{"confidence_interval":{"confidence_level":0.95,"lower_bound":24294.412668688154,"upper_bound":38313.8780197922},"point_estimate":31578.849939363838,"standard_error":3626.3557443893546},"slope":null,"std_dev":{"confidence_interval":{"confidence_level":0.95,"lower_bound":27829.606814043214,"upper_bound":46080.9423799955},"point_estimate":36898.70221551794,"standard_error":4717.424397394933}}