{"mean":{"confidence_interval":{"confidence_level":0.95,"lower_bound":7566173.309285715,"upper_bound":7586430.319357145},"point_estimate":7576353.709999997,"standard_error":5163.200245813609},"median":{"confidence_interval":{"confidence_level":0.95,"lower_bound":7571846.357142856,"upper_bound":7599090.0},"point_estimate":7586412.714285715,"standard_error":6646.746917230477},"median_abs_dev":{"confidence_interval":{"confidence_level":0.95,"lower_bound":35450.55387062745,"upper_bound":65854.97283084111},"point_estimate":47328.29765975406,"standard_error":7751.429383661643},"slope":null,"std_dev":{"confidence_interval":{"confidence_level":0.95,"lower_bound":44231.41547655214,"upper_bound":59751.12780854633},"point_estimate":51840.996853125886,"standard_error":3989.2589537000745}}