{"mean":{"confidence_interval":{"confidence_level":0.95,"lower_bound":7380468.3153214315,"upper_bound":7438757.53646429},"point_estimate":7402419.04714286,"standard_error":15975.434386392653},"median":{"confidence_interval":{"confidence_level":0.95,"lower_bound":7372180.0,"upper_bound":7387484.428571428},"point_estimate":7379201.714285715,"standard_error":3680.8468810026143},"median_abs_dev":{"confidence_interval":{"confidence_level":0.95,"lower_bound":23642.386380263637,"upper_bound":39242.93870329857},"point_estimate":30943.767650638605,"standard_error":4020.209604585987},"slope":null,"std_dev":{"confidence_interval":{"confidence_level":0.95,"lower_bound":33310.480771900926,"upper_bound":268287.789806886},"point_estimate":160317.87408645533,"standard_error":78687.35029764022}}