{"mean":{"confidence_interval":{"confidence_level":0.95,"lower_bound":7233207.192785718,"upper_bound":7242634.151357146},"point_estimate":7237797.035714285,"standard_error":2409.282222899045},"median":{"confidence_interval":{"confidence_level":0.95,"lower_bound":7227335.0,"upper_bound":7239350.428571428},"point_estimate":7233726.428571429,"standard_error":3351.1418917998226},"median_abs_dev":{"confidence_interval":{"confidence_level":0.95,"lower_bound":15893.577617831803,"upper_bound":25716.482850941145},"point_estimate":20291.18093975923,"standard_error":2575.180314013739},"slope":null,"std_dev":{"confidence_interval":{"confidence_level":0.95,"lower_bound":19796.07204023038,"upper_bound":28222.1083774503},"point_estimate":24257.442681792993,"standard_error":2154.6502794608323}}