{"mean":{"confidence_interval":{"confidence_level":0.95,"lower_bound":7471257.1026428575,"upper_bound":7488750.395749999},"point_estimate":7479910.664285716,"standard_error":4459.024184357545},"median":{"confidence_interval":{"confidence_level":0.95,"lower_bound":7473387.642857143,"upper_bound":7493522.428571428},"point_estimate":7483487.428571429,"standard_error":5195.412963761212},"median_abs_dev":{"confidence_interval":{"confidence_level":0.95,"lower_bound":23546.335081968595,"upper_bound":38690.802588100865},"point_estimate":30143.37546484821,"standard_error":3924.8066208343157},"slope":null,"std_dev":{"confidence_interval":{"confidence_level":0.95,"lower_bound":35836.13459494425,"upper_bound":52626.56236436671},"point_estimate":44597.11066388074,"standard_error":4298.897339816052}}