{"mean":{"confidence_interval":{"confidence_level":0.95,"lower_bound":7417173.973357142,"upper_bound":7432836.556107146},"point_estimate":7424655.29857143,"standard_error":3998.7229010349474},"median":{"confidence_interval":{"confidence_level":0.95,"lower_bound":7414265.857142857,"upper_bound":7424887.928571428},"point_estimate":7418841.571428571,"standard_error":2835.757389512939},"median_abs_dev":{"confidence_interval":{"confidence_level":0.95,"lower_bound":20837.942630052567,"upper_bound":36215.46955704689},"point_estimate":28454.694094828297,"standard_error":3910.030258364555},"slope":null,"std_dev":{"confidence_interval":{"confidence_level":0.95,"lower_bound":29927.047557535447,"upper_bound":51672.35485878258},"point_estimate":40209.199750269,"standard_error":5765.908617299594}}