{"mean":{"confidence_interval":{"confidence_level":0.95,"lower_bound":7426835.000785713,"upper_bound":7440770.2904285705},"point_estimate":7433658.38,"standard_error":3557.004115026952},"median":{"confidence_interval":{"confidence_level":0.95,"lower_bound":7413393.571428571,"upper_bound":7431270.857142857},"point_estimate":7419146.571428571,"standard_error":4568.207796258485},"median_abs_dev":{"confidence_interval":{"confidence_level":0.95,"lower_bound":17560.443588240003,"upper_bound":38499.30891650004},"point_estimate":25897.95044021888,"standard_error":5239.037396962762},"slope":null,"std_dev":{"confidence_interval":{"confidence_level":0.95,"lower_bound":30624.284411847962,"upper_bound":39973.48498673275},"point_estimate":35695.919366700975,"standard_error":2386.0640229489327}}