{"mean":{"confidence_interval":{"confidence_level":0.95,"lower_bound":7524147.529785713,"upper_bound":7536874.656607147},"point_estimate":7530486.432857142,"standard_error":3235.8775146810617},"median":{"confidence_interval":{"confidence_level":0.95,"lower_bound":7526446.571428572,"upper_bound":7541241.285714285},"point_estimate":7531469.5,"standard_error":3447.231314932576},"median_abs_dev":{"confidence_interval":{"confidence_level":0.95,"lower_bound":18283.952375394463,"upper_bound":29691.50017286961},"point_estimate":23329.02828582735,"standard_error":2826.7702981686907},"slope":null,"std_dev":{"confidence_interval":{"confidence_level":0.95,"lower_bound":25359.800995314017,"upper_bound":39042.46182958719},"point_estimate":32488.122720845833,"standard_error":3486.269971136404}}