{"mean":{"confidence_interval":{"confidence_level":0.95,"lower_bound":7348229.854535715,"upper_bound":7366761.488714287},"point_estimate":7357232.539999996,"standard_error":4728.0171691679},"median":{"confidence_interval":{"confidence_level":0.95,"lower_bound":7345162.357142856,"upper_bound":7365439.285714285},"point_estimate":7354957.785714285,"standard_error":5377.873354804602},"median_abs_dev":{"confidence_interval":{"confidence_level":0.95,"lower_bound":31152.49654693253,"upper_bound":47544.86315591054},"point_estimate":40174.117386766746,"standard_error":4187.069413581227},"slope":null,"std_dev":{"confidence_interval":{"confidence_level":0.95,"lower_bound":36327.06999066483,"upper_bound":59313.4532327726},"point_estimate":47406.70976431539,"standard_error":6025.229538969728}}