{"mean":{"confidence_interval":{"confidence_level":0.95,"lower_bound":7802497.395142858,"upper_bound":7814294.701142856},"point_estimate":7808241.294285712,"standard_error":3014.2785079718406},"median":{"confidence_interval":{"confidence_level":0.95,"lower_bound":7796426.571428572,"upper_bound":7810571.714285715},"point_estimate":7803919.357142856,"standard_error":3280.320569065815},"median_abs_dev":{"confidence_interval":{"confidence_level":0.95,"lower_bound":23709.950579064036,"upper_bound":35622.429567575455},"point_estimate":30263.14836272211,"standard_error":2940.260854199852},"slope":null,"std_dev":{"confidence_interval":{"confidence_level":0.95,"lower_bound":25285.65698610472,"upper_bound":34956.64747195951},"point_estimate":30269.24595874626,"standard_error":2468.4474003382315}}