{"mean":{"confidence_interval":{"confidence_level":0.95,"lower_bound":8756514.827416666,"upper_bound":8766242.230083331},"point_estimate":8761235.695,"standard_error":2483.4442122311366},"median":{"confidence_interval":{"confidence_level":0.95,"lower_bound":8753653.0,"upper_bound":8764603.666666666},"point_estimate":8759720.916666666,"standard_error":2765.4640863452823},"median_abs_dev":{"confidence_interval":{"confidence_level":0.95,"lower_bound":15088.914132119146,"upper_bound":27993.093653024163},"point_estimate":22744.56619620185,"standard_error":3248.23937185128},"slope":null,"std_dev":{"confidence_interval":{"confidence_level":0.95,"lower_bound":20571.89253130003,"upper_bound":28817.71230588712},"point_estimate":24926.27216795214,"standard_error":2103.277323412141}}