{"mean":{"confidence_interval":{"confidence_level":0.95,"lower_bound":7859274.123678576,"upper_bound":7872304.848035715},"point_estimate":7865733.854285716,"standard_error":3318.133171369745},"median":{"confidence_interval":{"confidence_level":0.95,"lower_bound":7855576.0,"upper_bound":7873123.857142857},"point_estimate":7867305.142857143,"standard_error":5228.718727062161},"median_abs_dev":{"confidence_interval":{"confidence_level":0.95,"lower_bound":27271.926138326835,"upper_bound":42203.47905073867},"point_estimate":35986.301961115525,"standard_error":4041.0912006730105},"slope":null,"std_dev":{"confidence_interval":{"confidence_level":0.95,"lower_bound":28922.420178447595,"upper_bound":37082.79297695095},"point_estimate":33254.04465062313,"standard_error":2084.4726276863807}}