{"mean":{"confidence_interval":{"confidence_level":0.95,"lower_bound":7663655.85875,"upper_bound":7674133.052},"point_estimate":7668871.662857145,"standard_error":2674.0422740994377},"median":{"confidence_interval":{"confidence_level":0.95,"lower_bound":7664126.428571429,"upper_bound":7673606.428571428},"point_estimate":7667585.642857143,"standard_error":2229.7759345353115},"median_abs_dev":{"confidence_interval":{"confidence_level":0.95,"lower_bound":17166.601495231604,"upper_bound":27886.117004923246},"point_estimate":22776.8656956301,"standard_error":2619.001319013339},"slope":null,"std_dev":{"confidence_interval":{"confidence_level":0.95,"lower_bound":22545.3053997107,"upper_bound":30680.01689075823},"point_estimate":26842.055017359326,"standard_error":2069.740385675394}}