{"mean":{"confidence_interval":{"confidence_level":0.95,"lower_bound":7365708.620285719,"upper_bound":7399652.748142857},"point_estimate":7379438.685714287,"standard_error":8890.210784298442},"median":{"confidence_interval":{"confidence_level":0.95,"lower_bound":7360445.214285715,"upper_bound":7371259.857142857},"point_estimate":7366216.785714285,"standard_error":2625.4403070067624},"median_abs_dev":{"confidence_interval":{"confidence_level":0.95,"lower_bound":17761.86538466494,"upper_bound":27540.141711064647},"point_estimate":23663.35457989187,"standard_error":2423.7195050500827},"slope":null,"std_dev":{"confidence_interval":{"confidence_level":0.95,"lower_bound":26678.602859552277,"upper_bound":145059.622578079},"point_estimate":89449.67243580494,"standard_error":36164.670635108356}}