{"mean":{"confidence_interval":{"confidence_level":0.95,"lower_bound":7213905.667571426,"upper_bound":7230132.032892857},"point_estimate":7221862.429999999,"standard_error":4126.563008161019},"median":{"confidence_interval":{"confidence_level":0.95,"lower_bound":7200709.357142857,"upper_bound":7235975.0},"point_estimate":7225023.714285715,"standard_error":9490.106854074169},"median_abs_dev":{"confidence_interval":{"confidence_level":0.95,"lower_bound":34009.14899621711,"upper_bound":50535.93447280778},"point_estimate":45997.13468338742,"standard_error":3964.757338693641},"slope":null,"std_dev":{"confidence_interval":{"confidence_level":0.95,"lower_bound":33955.99575119705,"upper_bound":48527.532485444004},"point_estimate":41468.29325270964,"standard_error":3726.0558474371533}}