{"mean":{"confidence_interval":{"confidence_level":0.95,"lower_bound":7132293.756464282,"upper_bound":7146850.966142859},"point_estimate":7138594.852857143,"standard_error":3757.8667705035987},"median":{"confidence_interval":{"confidence_level":0.95,"lower_bound":7128412.857142857,"upper_bound":7137276.571428572},"point_estimate":7132239.357142857,"standard_error":2047.601874300195},"median_abs_dev":{"confidence_interval":{"confidence_level":0.95,"lower_bound":12938.22637030027,"upper_bound":23740.142668528202},"point_estimate":18985.43396294117,"standard_error":2876.6504931325294},"slope":null,"std_dev":{"confidence_interval":{"confidence_level":0.95,"lower_bound":16904.130615788756,"upper_bound":58184.504450382585},"point_estimate":37771.87644498211,"standard_error":12028.14654598848}}