{"mean":{"confidence_interval":{"confidence_level":0.95,"lower_bound":7393181.534535713,"upper_bound":7409206.38657143},"point_estimate":7400974.582857143,"standard_error":4075.455853799557},"median":{"confidence_interval":{"confidence_level":0.95,"lower_bound":7390483.5,"upper_bound":7411830.857142857},"point_estimate":7403121.071428572,"standard_error":4375.27376793445},"median_abs_dev":{"confidence_interval":{"confidence_level":0.95,"lower_bound":31560.84693968296,"upper_bound":48924.63423141451},"point_estimate":39519.54949838765,"standard_error":4357.278307633925},"slope":null,"std_dev":{"confidence_interval":{"confidence_level":0.95,"lower_bound":32487.704224407425,"upper_bound":49342.85586656476},"point_estimate":41013.88397237141,"standard_error":4328.189687343592}}