{"mean":{"confidence_interval":{"confidence_level":0.95,"lower_bound":7392347.971785718,"upper_bound":7438043.57832143},"point_estimate":7410095.21,"standard_error":12187.823592510591},"median":{"confidence_interval":{"confidence_level":0.95,"lower_bound":7385637.857142857,"upper_bound":7405865.571428571},"point_estimate":7395019.357142857,"standard_error":5312.8492526698865},"median_abs_dev":{"confidence_interval":{"confidence_level":0.95,"lower_bound":30266.537162661552,"upper_bound":45258.27039650607},"point_estimate":38311.97181982713,"standard_error":3796.160830825355},"slope":null,"std_dev":{"confidence_interval":{"confidence_level":0.95,"lower_bound":33376.910892723274,"upper_bound":202971.91197362708},"point_estimate":122825.48142077141,"standard_error":55857.748107247164}}