{"mean":{"confidence_interval":{"confidence_level":0.95,"lower_bound":7925936.001392852,"upper_bound":7943034.769749998},"point_estimate":7934211.777142855,"standard_error":4355.176958730746},"median":{"confidence_interval":{"confidence_level":0.95,"lower_bound":7917933.642857143,"upper_bound":7938862.714285715},"point_estimate":7928542.357142857,"standard_error":5102.231719803218},"median_abs_dev":{"confidence_interval":{"confidence_level":0.95,"lower_bound":28231.880498783732,"upper_bound":44758.95190536976},"point_estimate":35194.38177517512,"standard_error":4150.678227351984},"slope":null,"std_dev":{"confidence_interval":{"confidence_level":0.95,"lower_bound":33994.22792006111,"upper_bound":54208.53493912712},"point_estimate":43817.95822581287,"standard_error":5273.749827433966}}