{"mean":{"confidence_interval":{"confidence_level":0.95,"lower_bound":-0.036356231159574884,"upper_bound":-0.034826266039551156},"point_estimate":-0.035647146050765466,"standard_error":0.0003898692739475539},"median":{"confidence_interval":{"confidence_level":0.95,"lower_bound":-0.03672046667045048,"upper_bound":-0.03533449094574359},"point_estimate":-0.03620008207259662,"standard_error":0.0003748098067945145}}