{"mean":{"confidence_interval":{"confidence_level":0.95,"lower_bound":-0.004930584228728885,"upper_bound":-0.0035549970531321565},"point_estimate":-0.004238399724493136,"standard_error":0.00035122888906818505},"median":{"confidence_interval":{"confidence_level":0.95,"lower_bound":-0.005064049005311433,"upper_bound":-0.00402910188234018},"point_estimate":-0.004522891519628369,"standard_error":0.0002692634683044807}}