{"mean":{"confidence_interval":{"confidence_level":0.95,"lower_bound":-0.01156663851890028,"upper_bound":-0.010428058060656812},"point_estimate":-0.010984691814956649,"standard_error":0.00028952162071993665},"median":{"confidence_interval":{"confidence_level":0.95,"lower_bound":-0.011424947326411306,"upper_bound":-0.010415724296121009},"point_estimate":-0.010909352560850683,"standard_error":0.00024968705379503923}}