{"mean":{"confidence_interval":{"confidence_level":0.95,"lower_bound":0.00888333371366194,"upper_bound":0.011880308383571372},"point_estimate":0.01016075253308335,"standard_error":0.0007768175258857498},"median":{"confidence_interval":{"confidence_level":0.95,"lower_bound":0.008587736959180692,"upper_bound":0.009514357919652827},"point_estimate":0.009032269166354245,"standard_error":0.00022832898908107263}}