{"mean":{"confidence_interval":{"confidence_level":0.95,"lower_bound":-0.040194818322499035,"upper_bound":-0.038523700366806114},"point_estimate":-0.039385470772397735,"standard_error":0.0004273918832546414},"median":{"confidence_interval":{"confidence_level":0.95,"lower_bound":-0.04074474370712203,"upper_bound":-0.03932167040150558},"point_estimate":-0.040377103195498476,"standard_error":0.0003622161203888064}}