{"mean":{"confidence_interval":{"confidence_level":0.95,"lower_bound":-0.007993448207108681,"upper_bound":-0.005600811318750819},"point_estimate":-0.006823647100618335,"standard_error":0.0006520705342651575},"median":{"confidence_interval":{"confidence_level":0.95,"lower_bound":-0.008233849670178484,"upper_bound":-0.006419500506363196},"point_estimate":-0.0072883025379740785,"standard_error":0.00047248669660209593}}