{"mean":{"confidence_interval":{"confidence_level":0.95,"lower_bound":0.010097505324831741,"upper_bound":0.011831431101652384},"point_estimate":0.01098030245667303,"standard_error":0.0004497138567951225},"median":{"confidence_interval":{"confidence_level":0.95,"lower_bound":0.009788941674360618,"upper_bound":0.012169361600884665},"point_estimate":0.01088383556839001,"standard_error":0.0006129651632246062}}