{"mean":{"confidence_interval":{"confidence_level":0.95,"lower_bound":-0.008433359800135182,"upper_bound":-0.0068230359918095345},"point_estimate":-0.007650662540855224,"standard_error":0.0004163935237549934},"median":{"confidence_interval":{"confidence_level":0.95,"lower_bound":-0.008848537298346337,"upper_bound":-0.007207781575342076},"point_estimate":-0.007876625765200096,"standard_error":0.0003915564478215072}}