{"mean":{"confidence_interval":{"confidence_level":0.95,"lower_bound":-0.008503389187823483,"upper_bound":-0.007073190465790774},"point_estimate":-0.007842111503119975,"standard_error":0.00036520423174833195},"median":{"confidence_interval":{"confidence_level":0.95,"lower_bound":-0.008704434849562737,"upper_bound":-0.007624233123154633},"point_estimate":-0.0082839672415983,"standard_error":0.00026942417576522967}}