{"mean":{"confidence_interval":{"confidence_level":0.95,"lower_bound":0.0002847421685717724,"upper_bound":0.0017245032259623372},"point_estimate":0.0010121744160502821,"standard_error":0.0003635840732241777},"median":{"confidence_interval":{"confidence_level":0.95,"lower_bound":0.00003217609114569697,"upper_bound":0.0014263883287204404},"point_estimate":0.0005978161526116743,"standard_error":0.0003504495693674795}}