{"mean":{"confidence_interval":{"confidence_level":0.95,"lower_bound":0.006060277998783415,"upper_bound":0.0073772995096940625},"point_estimate":0.0067561154746105245,"standard_error":0.0003372002314237405},"median":{"confidence_interval":{"confidence_level":0.95,"lower_bound":0.005992351229757498,"upper_bound":0.00737677843382345},"point_estimate":0.006595623365911463,"standard_error":0.00034732801736711387}}