{"mean":{"confidence_interval":{"confidence_level":0.95,"lower_bound":-0.004954316443589518,"upper_bound":-0.0035278482238589566},"point_estimate":-0.004214167998556784,"standard_error":0.0003691255940516331},"median":{"confidence_interval":{"confidence_level":0.95,"lower_bound":-0.0053275556065982554,"upper_bound":-0.003034299291710618},"point_estimate":-0.003886265587508597,"standard_error":0.0005764173378141961}}