{"mean":{"confidence_interval":{"confidence_level":0.95,"lower_bound":0.027098698025432456,"upper_bound":0.028951249999080112},"point_estimate":0.027950344962789586,"standard_error":0.0004633943262306372},"median":{"confidence_interval":{"confidence_level":0.95,"lower_bound":0.027154837099623075,"upper_bound":0.028245943074982183},"point_estimate":0.027622300941273936,"standard_error":0.0002908417012611811}}