{"mean":{"confidence_interval":{"confidence_level":0.95,"lower_bound":-0.024435952452751604,"upper_bound":-0.022689690195876185},"point_estimate":-0.023615612914850925,"standard_error":0.0004417511676427796},"median":{"confidence_interval":{"confidence_level":0.95,"lower_bound":-0.02490295220034633,"upper_bound":-0.02352032470723457},"point_estimate":-0.024144592802367693,"standard_error":0.0003597860761358144}}