{"mean":{"confidence_interval":{"confidence_level":0.95,"lower_bound":-0.013829399326924974,"upper_bound":-0.0126649775561801},"point_estimate":-0.013235932526248884,"standard_error":0.00029641361901121575},"median":{"confidence_interval":{"confidence_level":0.95,"lower_bound":-0.013877943569175993,"upper_bound":-0.012985001941159369},"point_estimate":-0.013408608399679944,"standard_error":0.0002300224693012372}}