{"mean":{"confidence_interval":{"confidence_level":0.95,"lower_bound":-0.01572486691929592,"upper_bound":-0.014604880926242892},"point_estimate":-0.015159188340223118,"standard_error":0.00028378671149457507},"median":{"confidence_interval":{"confidence_level":0.95,"lower_bound":-0.01583867296089525,"upper_bound":-0.014947044436248391},"point_estimate":-0.015416629891951694,"standard_error":0.00022472860138967536}}