{"mean":{"confidence_interval":{"confidence_level":0.95,"lower_bound":-0.026047600891395743,"upper_bound":-0.024422317884539184},"point_estimate":-0.025208937815131005,"standard_error":0.0004189237838609567},"median":{"confidence_interval":{"confidence_level":0.95,"lower_bound":-0.026978932883773288,"upper_bound":-0.024707159945156487},"point_estimate":-0.026101294740488168,"standard_error":0.00055897722279044}}