{"mean":{"confidence_interval":{"confidence_level":0.95,"lower_bound":-0.005594702103754079,"upper_bound":-0.004420759643723055},"point_estimate":-0.005003775609769279,"standard_error":0.0002993719750030465},"median":{"confidence_interval":{"confidence_level":0.95,"lower_bound":-0.005614766906486213,"upper_bound":-0.0046918056834640565},"point_estimate":-0.00512482539629433,"standard_error":0.0002322975195188201}}