{"mean":{"confidence_interval":{"confidence_level":0.95,"lower_bound":-0.017949051879992954,"upper_bound":-0.016103639097950387},"point_estimate":-0.01710231341426738,"standard_error":0.00047713821431507887},"median":{"confidence_interval":{"confidence_level":0.95,"lower_bound":-0.0181064457465947,"upper_bound":-0.01656633740095015},"point_estimate":-0.017503597458371267,"standard_error":0.0003655007073082164}}