{"mean":{"confidence_interval":{"confidence_level":0.95,"lower_bound":-0.013720092197625341,"upper_bound":-0.012549236870981582},"point_estimate":-0.013117816423639295,"standard_error":0.00029949323141279687},"median":{"confidence_interval":{"confidence_level":0.95,"lower_bound":-0.01378868361831953,"upper_bound":-0.012366662630837522},"point_estimate":-0.013080793347799324,"standard_error":0.00037966745519051894}}