{"mean":{"confidence_interval":{"confidence_level":0.95,"lower_bound":-0.030944540088135786,"upper_bound":-0.029935044380823752},"point_estimate":-0.030418085844237552,"standard_error":0.00025698941031741064},"median":{"confidence_interval":{"confidence_level":0.95,"lower_bound":-0.030784420113589284,"upper_bound":-0.02989936571146036},"point_estimate":-0.030290761154658785,"standard_error":0.00022868766063339214}}