{"mean":{"confidence_interval":{"confidence_level":0.95,"lower_bound":0.0035381431610926385,"upper_bound":0.005060247615097834},"point_estimate":0.004265622239529865,"standard_error":0.0003928486738285817},"median":{"confidence_interval":{"confidence_level":0.95,"lower_bound":0.0036618090371307588,"upper_bound":0.004855968211685546},"point_estimate":0.004146603094099532,"standard_error":0.00030572359575309967}}