{"mean":{"confidence_interval":{"confidence_level":0.95,"lower_bound":-0.005594774713732093,"upper_bound":-0.004232068588643992},"point_estimate":-0.004902125218661291,"standard_error":0.00035225969199708285},"median":{"confidence_interval":{"confidence_level":0.95,"lower_bound":-0.005739547004788514,"upper_bound":-0.0042875507806696194},"point_estimate":-0.004951033490241952,"standard_error":0.000341955354403608}}