{"mean":{"confidence_interval":{"confidence_level":0.95,"lower_bound":-0.007684186041129348,"upper_bound":-0.004774512065389836},"point_estimate":-0.006354302134284118,"standard_error":0.0007507577659554499},"median":{"confidence_interval":{"confidence_level":0.95,"lower_bound":-0.008770380366773084,"upper_bound":-0.007423550670223378},"point_estimate":-0.0081879422851322,"standard_error":0.00032496076579787336}}