{"mean":{"confidence_interval":{"confidence_level":0.95,"lower_bound":0.030197471458913584,"upper_bound":0.032206473165566046},"point_estimate":0.03113817821391507,"standard_error":0.0005139938889536668},"median":{"confidence_interval":{"confidence_level":0.95,"lower_bound":0.03009396005705267,"upper_bound":0.03125364471185452},"point_estimate":0.03074333311227817,"standard_error":0.00029257543091630855}}