{"mean":{"confidence_interval":{"confidence_level":0.95,"lower_bound":81722.81848522513,"upper_bound":81879.42945588446},"point_estimate":81798.16522215953,"standard_error":40.06636929291453},"median":{"confidence_interval":{"confidence_level":0.95,"lower_bound":81648.10869565218,"upper_bound":81799.67825443787},"point_estimate":81721.43982665223,"standard_error":38.97013596265299},"median_abs_dev":{"confidence_interval":{"confidence_level":0.95,"lower_bound":224.18835715491025,"upper_bound":382.26138411260473},"point_estimate":315.27437730099734,"standard_error":41.05218433680651},"slope":{"confidence_interval":{"confidence_level":0.95,"lower_bound":81600.40808820205,"upper_bound":81763.21161217854},"point_estimate":81672.98004546954,"standard_error":41.67253774440621},"std_dev":{"confidence_interval":{"confidence_level":0.95,"lower_bound":294.2972140294549,"upper_bound":513.1412915116904},"point_estimate":402.94760875879894,"standard_error":57.00332008599304}}