{"mean":{"confidence_interval":{"confidence_level":0.95,"lower_bound":79380.92335961811,"upper_bound":79564.70838307404},"point_estimate":79459.59332696107,"standard_error":47.40771768962333},"median":{"confidence_interval":{"confidence_level":0.95,"lower_bound":79367.08123101716,"upper_bound":79444.73779983458},"point_estimate":79402.01621926995,"standard_error":20.80608703595575},"median_abs_dev":{"confidence_interval":{"confidence_level":0.95,"lower_bound":123.56930659190824,"upper_bound":236.09950820796655},"point_estimate":174.75468343594042,"standard_error":27.56638430255631},"slope":{"confidence_interval":{"confidence_level":0.95,"lower_bound":79355.91330949342,"upper_bound":79427.31872107057},"point_estimate":79390.98632071933,"standard_error":18.287155509312623},"std_dev":{"confidence_interval":{"confidence_level":0.95,"lower_bound":206.50861780357786,"upper_bound":743.0544091133066},"point_estimate":477.50760596478335,"standard_error":162.75157459690513}}