{"mean":{"confidence_interval":{"confidence_level":0.95,"lower_bound":0.13773396359000398,"upper_bound":0.14253761263615455},"point_estimate":0.13982421025238012,"standard_error":0.001200098414100235},"median":{"confidence_interval":{"confidence_level":0.95,"lower_bound":0.1387181327670024,"upper_bound":0.13997757761988971},"point_estimate":0.13949690320713093,"standard_error":0.0003427764081417222}}