{"mean":{"confidence_interval":{"confidence_level":0.95,"lower_bound":-0.016411481168379764,"upper_bound":-0.013171689106155746},"point_estimate":-0.014821068851559538,"standard_error":0.0008159105588660602},"median":{"confidence_interval":{"confidence_level":0.95,"lower_bound":-0.014711863831026628,"upper_bound":-0.01332358739435724},"point_estimate":-0.013805937672811686,"standard_error":0.0003738124771921249}}