{"mean":{"confidence_interval":{"confidence_level":0.95,"lower_bound":0.01574327955656437,"upper_bound":0.02029905253340054},"point_estimate":0.017841609432306837,"standard_error":0.0011618854718031865},"median":{"confidence_interval":{"confidence_level":0.95,"lower_bound":0.016843088399545816,"upper_bound":0.0181467668156019},"point_estimate":0.01760081089361787,"standard_error":0.00034224173593151984}}