{"mean":{"confidence_interval":{"confidence_level":0.95,"lower_bound":-0.025763543382980366,"upper_bound":-0.020697188673226907},"point_estimate":-0.02344263959195969,"standard_error":0.0012723213560378063},"median":{"confidence_interval":{"confidence_level":0.95,"lower_bound":-0.023861942989748086,"upper_bound":-0.021578319679830593},"point_estimate":-0.02262930197649682,"standard_error":0.000589528067794109}}