{"mean":{"confidence_interval":{"confidence_level":0.95,"lower_bound":-0.007456918072141773,"upper_bound":-0.004363356316151043},"point_estimate":-0.0059111603118441325,"standard_error":0.0007869743517697545},"median":{"confidence_interval":{"confidence_level":0.95,"lower_bound":-0.00686263046383806,"upper_bound":-0.005436033948670205},"point_estimate":-0.00614041027747203,"standard_error":0.00036796356433118423}}