{"mean":{"confidence_interval":{"confidence_level":0.95,"lower_bound":0.15305691055647921,"upper_bound":0.1572975077857701},"point_estimate":0.1549547320475788,"standard_error":0.0010802362784061625},"median":{"confidence_interval":{"confidence_level":0.95,"lower_bound":0.15369941465682624,"upper_bound":0.1549498508736693},"point_estimate":0.15444814906774607,"standard_error":0.0003410084105957776}}