{"mean":{"confidence_interval":{"confidence_level":0.95,"lower_bound":-0.01716044810335323,"upper_bound":-0.014190086181812623},"point_estimate":-0.015677753617844847,"standard_error":0.0007502279948192678},"median":{"confidence_interval":{"confidence_level":0.95,"lower_bound":-0.016308367019200132,"upper_bound":-0.01481313203529713},"point_estimate":-0.015369335791488137,"standard_error":0.0003951406543015844}}