{"mean":{"confidence_interval":{"confidence_level":0.95,"lower_bound":0.001711120410985312,"upper_bound":0.005773260369615013},"point_estimate":0.0034888342451400156,"standard_error":0.0010343254558810397},"median":{"confidence_interval":{"confidence_level":0.95,"lower_bound":0.0030631938196015174,"upper_bound":0.004446108952199657},"point_estimate":0.003985038440402322,"standard_error":0.000358344302986873}}