{"mean":{"confidence_interval":{"confidence_level":0.95,"lower_bound":-0.018424768775836486,"upper_bound":-0.011927050805144999},"point_estimate":-0.01548046994885921,"standard_error":0.001683567409279028},"median":{"confidence_interval":{"confidence_level":0.95,"lower_bound":-0.016999971960911853,"upper_bound":-0.015306693000349147},"point_estimate":-0.01607072758813477,"standard_error":0.0004175238108685188}}