{"mean":{"confidence_interval":{"confidence_level":0.95,"lower_bound":-0.011176943667087979,"upper_bound":-0.0061833916879102235},"point_estimate":-0.008949769481299441,"standard_error":0.001275541515925435},"median":{"confidence_interval":{"confidence_level":0.95,"lower_bound":-0.011391141793473336,"upper_bound":-0.006892986967621528},"point_estimate":-0.00905788414726627,"standard_error":0.0010667861717109804}}