{"mean":{"confidence_interval":{"confidence_level":0.95,"lower_bound":-0.01902930713082724,"upper_bound":-0.015408134953575799},"point_estimate":-0.017136938713697036,"standard_error":0.000927118765402272},"median":{"confidence_interval":{"confidence_level":0.95,"lower_bound":-0.016453220194950546,"upper_bound":-0.014562736961303835},"point_estimate":-0.015071575541846016,"standard_error":0.0004765222386168031}}