{"mean":{"confidence_interval":{"confidence_level":0.95,"lower_bound":-0.012074858565597988,"upper_bound":-0.005735245370237066},"point_estimate":-0.009214061009343633,"standard_error":0.0016218043579415392},"median":{"confidence_interval":{"confidence_level":0.95,"lower_bound":-0.011413194362023926,"upper_bound":-0.01016200868011985},"point_estimate":-0.010645005548076014,"standard_error":0.00032915956485655095}}