{"mean":{"confidence_interval":{"confidence_level":0.95,"lower_bound":-0.0161680988122652,"upper_bound":-0.012613136963491523},"point_estimate":-0.014459791983655768,"standard_error":0.0008972758518915542},"median":{"confidence_interval":{"confidence_level":0.95,"lower_bound":-0.013972208945152746,"upper_bound":-0.011811642960604107},"point_estimate":-0.012656701591183817,"standard_error":0.0005740836393416798}}