{"mean":{"confidence_interval":{"confidence_level":0.95,"lower_bound":-0.007010176806351445,"upper_bound":-0.002958999075646581},"point_estimate":-0.004979025960696215,"standard_error":0.0010390177071518216},"median":{"confidence_interval":{"confidence_level":0.95,"lower_bound":-0.008437741307326552,"upper_bound":-0.007005507197250571},"point_estimate":-0.007689990435967298,"standard_error":0.0003638189982528123}}