{"mean":{"confidence_interval":{"confidence_level":0.95,"lower_bound":-0.007885026076113754,"upper_bound":-0.0038536012763703722},"point_estimate":-0.006000432290353075,"standard_error":0.0010202026621902495},"median":{"confidence_interval":{"confidence_level":0.95,"lower_bound":-0.006261473417904506,"upper_bound":-0.004367385912549593},"point_estimate":-0.005070244104428356,"standard_error":0.0005203932029387605}}