{"mean":{"confidence_interval":{"confidence_level":0.95,"lower_bound":103859.99187243619,"upper_bound":104576.14277380246},"point_estimate":104178.75785216356,"standard_error":183.6917263420653},"median":{"confidence_interval":{"confidence_level":0.95,"lower_bound":103554.26266578249,"upper_bound":103628.68181818182},"point_estimate":103595.55415384615,"standard_error":20.51037696985679},"median_abs_dev":{"confidence_interval":{"confidence_level":0.95,"lower_bound":122.80890216239172,"upper_bound":251.8337255290445},"point_estimate":182.53963125157384,"standard_error":33.23515409153273},"slope":{"confidence_interval":{"confidence_level":0.95,"lower_bound":104126.20204094035,"upper_bound":105256.99965371714},"point_estimate":104695.80057573518,"standard_error":290.44046002793556},"std_dev":{"confidence_interval":{"confidence_level":0.95,"lower_bound":979.6647768317533,"upper_bound":2682.989747609228},"point_estimate":1838.418642710103,"standard_error":475.4694292947395}}