{"mean":{"confidence_interval":{"confidence_level":0.95,"lower_bound":109392.46905230146,"upper_bound":109802.30935231391},"point_estimate":109571.34936666989,"standard_error":105.96177999460106},"median":{"confidence_interval":{"confidence_level":0.95,"lower_bound":109258.45857142858,"upper_bound":109355.82078754579},"point_estimate":109322.14680851065,"standard_error":26.37840058901414},"median_abs_dev":{"confidence_interval":{"confidence_level":0.95,"lower_bound":152.18973936704575,"upper_bound":279.8987526917929},"point_estimate":207.06094628848652,"standard_error":32.60185010821087},"slope":{"confidence_interval":{"confidence_level":0.95,"lower_bound":109289.29870787173,"upper_bound":109666.94998365254},"point_estimate":109437.04123658933,"standard_error":98.98821458693106},"std_dev":{"confidence_interval":{"confidence_level":0.95,"lower_bound":442.7026747205006,"upper_bound":1607.440793285518},"point_estimate":1068.971380797559,"standard_error":306.8289215203302}}