{"mean":{"confidence_interval":{"confidence_level":0.95,"lower_bound":-0.03961824616410916,"upper_bound":-0.03052724318791746},"point_estimate":-0.03553028218791987,"standard_error":0.002258655242586229},"median":{"confidence_interval":{"confidence_level":0.95,"lower_bound":-0.04106276396342445,"upper_bound":-0.039121120436655575},"point_estimate":-0.04036145790690138,"standard_error":0.0005001580281910537}}