{"mean":{"confidence_interval":{"confidence_level":0.95,"lower_bound":-0.0031855867479044786,"upper_bound":-0.0011708780919603673},"point_estimate":-0.0021869054568747215,"standard_error":0.0005150112913310682},"median":{"confidence_interval":{"confidence_level":0.95,"lower_bound":-0.0035363180061210864,"upper_bound":-0.000772233688498436},"point_estimate":-0.0021661119493940895,"standard_error":0.000751857016749612}}