{"mean":{"confidence_interval":{"confidence_level":0.95,"lower_bound":0.002155609970632317,"upper_bound":0.005720564395243132},"point_estimate":0.004060819866873233,"standard_error":0.0009240615790043864},"median":{"confidence_interval":{"confidence_level":0.95,"lower_bound":0.0005961813598478471,"upper_bound":0.004883474590363424},"point_estimate":0.0029973330788610753,"standard_error":0.00106036073085824}}