{"mean":{"confidence_interval":{"confidence_level":0.95,"lower_bound":0.03642379275870721,"upper_bound":0.03980272222616254},"point_estimate":0.037995485631970194,"standard_error":0.0008694358700796054},"median":{"confidence_interval":{"confidence_level":0.95,"lower_bound":0.03609421100335242,"upper_bound":0.04101928033092883},"point_estimate":0.038552387335100136,"standard_error":0.0012276656996806597}}