{"mean":{"confidence_interval":{"confidence_level":0.95,"lower_bound":0.0008276829093017637,"upper_bound":0.003658415285639582},"point_estimate":0.0021489515696029304,"standard_error":0.0007236839325756952},"median":{"confidence_interval":{"confidence_level":0.95,"lower_bound":0.001094757190018348,"upper_bound":0.00469826408409646},"point_estimate":0.002947433228659868,"standard_error":0.0009318432917266142}}