{"mean":{"confidence_interval":{"confidence_level":0.95,"lower_bound":-0.08049377152291427,"upper_bound":-0.07791906426125632},"point_estimate":-0.07924320312784128,"standard_error":0.0006549099671318938},"median":{"confidence_interval":{"confidence_level":0.95,"lower_bound":-0.08098199411236828,"upper_bound":-0.07743363539789849},"point_estimate":-0.07895160607353513,"standard_error":0.0009131870232947413}}