{"mean":{"confidence_interval":{"confidence_level":0.95,"lower_bound":-0.004233121358451025,"upper_bound":0.0056242544210365905},"point_estimate":0.00038549810937493767,"standard_error":0.0025058011348513243},"median":{"confidence_interval":{"confidence_level":0.95,"lower_bound":-0.005435586878971783,"upper_bound":-0.0018359245344163888},"point_estimate":-0.003400663715201091,"standard_error":0.0009364038676092485}}