{"mean":{"confidence_interval":{"confidence_level":0.95,"lower_bound":-0.002799315923169718,"upper_bound":-0.0004565456348268411},"point_estimate":-0.0016144192091522847,"standard_error":0.0005998721077278089},"median":{"confidence_interval":{"confidence_level":0.95,"lower_bound":-0.0023295457969567668,"upper_bound":0.0010324609108220972},"point_estimate":-0.000020485809955173018,"standard_error":0.0008751403389089187}}