{"mean":{"confidence_interval":{"confidence_level":0.95,"lower_bound":0.18668618196667647,"upper_bound":0.19336173051497954},"point_estimate":0.19001628485382405,"standard_error":0.001779528455820819},"median":{"confidence_interval":{"confidence_level":0.95,"lower_bound":0.18592312577259754,"upper_bound":0.19353106107681772},"point_estimate":0.1897812433009176,"standard_error":0.0017791173301080585}}