{"mean":{"confidence_interval":{"confidence_level":0.95,"lower_bound":0.010745876511503532,"upper_bound":0.01328541616618656},"point_estimate":0.011931394074297996,"standard_error":0.0006342040362439314},"median":{"confidence_interval":{"confidence_level":0.95,"lower_bound":0.009548179518419131,"upper_bound":0.012787973296634725},"point_estimate":0.010842431135570152,"standard_error":0.0008222571011359805}}