{"mean":{"confidence_interval":{"confidence_level":0.95,"lower_bound":0.13521677081044964,"upper_bound":0.1376648488891184},"point_estimate":0.13642452319180332,"standard_error":0.0006246087167410775},"median":{"confidence_interval":{"confidence_level":0.95,"lower_bound":0.13455882012418874,"upper_bound":0.13733836864886495},"point_estimate":0.13610499728523706,"standard_error":0.0007816733284098918}}