{"mean":{"confidence_interval":{"confidence_level":0.95,"lower_bound":-0.005206104002780065,"upper_bound":-0.0021496404221901452},"point_estimate":-0.003694735390915249,"standard_error":0.0007894802355119945},"median":{"confidence_interval":{"confidence_level":0.95,"lower_bound":-0.005656823564104019,"upper_bound":-0.0016955032075746113},"point_estimate":-0.0031534374548622957,"standard_error":0.0010725930758755328}}