{"mean":{"confidence_interval":{"confidence_level":0.95,"lower_bound":0.014296778485180739,"upper_bound":0.021612746338262035},"point_estimate":0.01803467048381102,"standard_error":0.001982068576994067},"median":{"confidence_interval":{"confidence_level":0.95,"lower_bound":0.011736906313713158,"upper_bound":0.02186511331021812},"point_estimate":0.017478277312316104,"standard_error":0.002841724676829291}}