{"mean":{"confidence_interval":{"confidence_level":0.95,"lower_bound":-0.08172046572163065,"upper_bound":-0.07959543457559437},"point_estimate":-0.08070053295973789,"standard_error":0.0005439785060963123},"median":{"confidence_interval":{"confidence_level":0.95,"lower_bound":-0.08263319119080437,"upper_bound":-0.07977484445109806},"point_estimate":-0.08108801985884984,"standard_error":0.0007603866697323457}}