{"mean":{"confidence_interval":{"confidence_level":0.95,"lower_bound":0.007162336022741694,"upper_bound":0.012507842960455056},"point_estimate":0.009647315993082328,"standard_error":0.001319815966728424},"median":{"confidence_interval":{"confidence_level":0.95,"lower_bound":0.0033132175097640992,"upper_bound":0.008310101511065593},"point_estimate":0.005997767441598745,"standard_error":0.0013195913940522754}}