{"mean":{"confidence_interval":{"confidence_level":0.95,"lower_bound":0.00039267912794278565,"upper_bound":0.002692098448812785},"point_estimate":0.0015260906140139863,"standard_error":0.0005853049492204397},"median":{"confidence_interval":{"confidence_level":0.95,"lower_bound":0.0001777128756923485,"upper_bound":0.003177297124145051},"point_estimate":0.0016208831287238823,"standard_error":0.0007957333357713045}}