{"mean":{"confidence_interval":{"confidence_level":0.95,"lower_bound":0.00030496633137760417,"upper_bound":0.004235546699334336},"point_estimate":0.00220072799775628,"standard_error":0.0010058013015734398},"median":{"confidence_interval":{"confidence_level":0.95,"lower_bound":-0.0004407815908452628,"upper_bound":0.0030846311017707073},"point_estimate":0.0016186582946384753,"standard_error":0.0009408496585780096}}