{"mean":{"confidence_interval":{"confidence_level":0.95,"lower_bound":0.004997312278633342,"upper_bound":0.008054347895159035},"point_estimate":0.006479259093048029,"standard_error":0.0007941300250701193},"median":{"confidence_interval":{"confidence_level":0.95,"lower_bound":0.004255854203582432,"upper_bound":0.008367846705187532},"point_estimate":0.00671307567834778,"standard_error":0.0010447751694501654}}