{"mean":{"confidence_interval":{"confidence_level":0.95,"lower_bound":-0.004593191732469695,"upper_bound":-0.0019305816440074758},"point_estimate":-0.003306828556158603,"standard_error":0.0006709188938429855},"median":{"confidence_interval":{"confidence_level":0.95,"lower_bound":-0.0051772768300546446,"upper_bound":-0.0013051145759039873},"point_estimate":-0.002914686752943929,"standard_error":0.0009569453052947689}}