{"mean":{"confidence_interval":{"confidence_level":0.95,"lower_bound":-0.08597957303845397,"upper_bound":-0.0829698786788159},"point_estimate":-0.08461020292618293,"standard_error":0.0007717129635921817},"median":{"confidence_interval":{"confidence_level":0.95,"lower_bound":-0.08592579969279868,"upper_bound":-0.0833883335986857},"point_estimate":-0.08443546814318348,"standard_error":0.000687892356022915}}