{"mean":{"confidence_interval":{"confidence_level":0.95,"lower_bound":-0.07421116957980722,"upper_bound":-0.065039337730629},"point_estimate":-0.07041418909920627,"standard_error":0.0023510674610458197},"median":{"confidence_interval":{"confidence_level":0.95,"lower_bound":-0.07359267140145687,"upper_bound":-0.07237967493806939},"point_estimate":-0.0728702205565328,"standard_error":0.00030613836398970563}}