{"mean":{"confidence_interval":{"confidence_level":0.95,"lower_bound":-0.0794866556225121,"upper_bound":-0.07709874925506004},"point_estimate":-0.07824442293133027,"standard_error":0.000603899390240226},"median":{"confidence_interval":{"confidence_level":0.95,"lower_bound":-0.078263274770483,"upper_bound":-0.07717706381644698},"point_estimate":-0.0775593649457973,"standard_error":0.00027045806957248845}}