{"mean":{"confidence_interval":{"confidence_level":0.95,"lower_bound":-0.10458961883833298,"upper_bound":-0.10049031802842538},"point_estimate":-0.10281101818207683,"standard_error":0.0010674439341819084},"median":{"confidence_interval":{"confidence_level":0.95,"lower_bound":-0.10435471727697376,"upper_bound":-0.10357340444044921},"point_estimate":-0.10401765077433267,"standard_error":0.00019502248245693006}}