{"mean":{"confidence_interval":{"confidence_level":0.95,"lower_bound":-0.10518535978217453,"upper_bound":-0.1027274383070101},"point_estimate":-0.10393653179242712,"standard_error":0.0006283462668051738},"median":{"confidence_interval":{"confidence_level":0.95,"lower_bound":-0.10447051228539117,"upper_bound":-0.10392534943211229},"point_estimate":-0.10417894778317038,"standard_error":0.0001406915794056824}}