{"mean":{"confidence_interval":{"confidence_level":0.95,"lower_bound":-0.10906392930801427,"upper_bound":-0.1067767313387548},"point_estimate":-0.10785483623273251,"standard_error":0.0005792311787524907},"median":{"confidence_interval":{"confidence_level":0.95,"lower_bound":-0.10842799586524454,"upper_bound":-0.10665416615556667},"point_estimate":-0.10724668932237158,"standard_error":0.0004750176826566826}}