{"mean":{"confidence_interval":{"confidence_level":0.95,"lower_bound":-0.09643003891330172,"upper_bound":-0.09388274582817985},"point_estimate":-0.09514560033192554,"standard_error":0.0006460714114974312},"median":{"confidence_interval":{"confidence_level":0.95,"lower_bound":-0.09585379892358992,"upper_bound":-0.09447551903221096},"point_estimate":-0.09530472632700027,"standard_error":0.00035954064179304144}}