{"mean":{"confidence_interval":{"confidence_level":0.95,"lower_bound":-0.10856527508129886,"upper_bound":-0.10516146623263908},"point_estimate":-0.10698940515896749,"standard_error":0.000864221389008405},"median":{"confidence_interval":{"confidence_level":0.95,"lower_bound":-0.1078204843510446,"upper_bound":-0.1071027624611618},"point_estimate":-0.10741340904424945,"standard_error":0.00018295346602884339}}