{"mean":{"confidence_interval":{"confidence_level":0.95,"lower_bound":-0.09748930644795711,"upper_bound":-0.0951155536955857},"point_estimate":-0.0962862150753,"standard_error":0.000600379195347979},"median":{"confidence_interval":{"confidence_level":0.95,"lower_bound":-0.0967944892038687,"upper_bound":-0.09601573869375202},"point_estimate":-0.09646546344930074,"standard_error":0.00020055529284677837}}