{"mean":{"confidence_interval":{"confidence_level":0.95,"lower_bound":-0.0996070912584123,"upper_bound":-0.09589379493143688},"point_estimate":-0.0980837789750102,"standard_error":0.0009397154493902067},"median":{"confidence_interval":{"confidence_level":0.95,"lower_bound":-0.09828538863880076,"upper_bound":-0.09768380368999485},"point_estimate":-0.09801581006111093,"standard_error":0.00015610357459814185}}