{"mean":{"confidence_interval":{"confidence_level":0.95,"lower_bound":-0.11210772832823968,"upper_bound":-0.10818252700725475},"point_estimate":-0.11031624075753488,"standard_error":0.0009993876391703397},"median":{"confidence_interval":{"confidence_level":0.95,"lower_bound":-0.11207235917754388,"upper_bound":-0.11141786268935294},"point_estimate":-0.11178284099149505,"standard_error":0.00017044759657749756}}