{"mean":{"confidence_interval":{"confidence_level":0.95,"lower_bound":-0.09017289785420066,"upper_bound":-0.084260709612038},"point_estimate":-0.08767861288156853,"standard_error":0.0015314873826102699},"median":{"confidence_interval":{"confidence_level":0.95,"lower_bound":-0.08954336912893668,"upper_bound":-0.0887403474547026},"point_estimate":-0.08920356895705661,"standard_error":0.00020421500357099996}}