{"mean":{"confidence_interval":{"confidence_level":0.95,"lower_bound":-0.10914615677955151,"upper_bound":-0.10655487333307619},"point_estimate":-0.10786190680089902,"standard_error":0.0006600386278792724},"median":{"confidence_interval":{"confidence_level":0.95,"lower_bound":-0.10818797849630302,"upper_bound":-0.10759408523574954},"point_estimate":-0.10790987659311602,"standard_error":0.00014827300763456177}}