{"mean":{"confidence_interval":{"confidence_level":0.95,"lower_bound":-0.09383429107155244,"upper_bound":-0.08630438998308967},"point_estimate":-0.09098757832430304,"standard_error":0.0019687857067868003},"median":{"confidence_interval":{"confidence_level":0.95,"lower_bound":-0.09500498238959543,"upper_bound":-0.09311866072605089},"point_estimate":-0.09429549003830395,"standard_error":0.0005226003649988427}}