{"mean":{"confidence_interval":{"confidence_level":0.95,"lower_bound":-0.09362604351414494,"upper_bound":-0.08980736827984254},"point_estimate":-0.09198221162111087,"standard_error":0.0009655374004538091},"median":{"confidence_interval":{"confidence_level":0.95,"lower_bound":-0.09240559430597473,"upper_bound":-0.09167499957386616},"point_estimate":-0.09200079933473715,"standard_error":0.00019096424648854714}}