{"mean":{"confidence_interval":{"confidence_level":0.95,"lower_bound":-0.10507846058552796,"upper_bound":-0.09976128373063911},"point_estimate":-0.10299533145716266,"standard_error":0.0013632935105840364},"median":{"confidence_interval":{"confidence_level":0.95,"lower_bound":-0.10462907259450827,"upper_bound":-0.10382187302810486},"point_estimate":-0.10426970509194233,"standard_error":0.00020460548682091166}}