{"mean":{"confidence_interval":{"confidence_level":0.95,"lower_bound":-0.06632700580206195,"upper_bound":-0.061605433943851894},"point_estimate":-0.06434216219250277,"standard_error":0.0011751054709083848},"median":{"confidence_interval":{"confidence_level":0.95,"lower_bound":-0.06915662342578364,"upper_bound":-0.06330385471202127},"point_estimate":-0.06774945739241389,"standard_error":0.0013829190917747794}}