{"mean":{"confidence_interval":{"confidence_level":0.95,"lower_bound":-0.004671490712413117,"upper_bound":0.005205181899358737},"point_estimate":0.000586082220199069,"standard_error":0.0025179841230346116},"median":{"confidence_interval":{"confidence_level":0.95,"lower_bound":0.001972300271517291,"upper_bound":0.0032956334050193714},"point_estimate":0.0027112860568776487,"standard_error":0.00035153886745270687}}