{"mean":{"confidence_interval":{"confidence_level":0.95,"lower_bound":-0.10746097356531667,"upper_bound":-0.10445092865128881},"point_estimate":-0.10597966077796339,"standard_error":0.0007663107839531223},"median":{"confidence_interval":{"confidence_level":0.95,"lower_bound":-0.10669899282041229,"upper_bound":-0.10579700765168232},"point_estimate":-0.10628452089921692,"standard_error":0.00024113919808955046}}