{"mean":{"confidence_interval":{"confidence_level":0.95,"lower_bound":-0.2577520264177592,"upper_bound":-0.25431616140112845},"point_estimate":-0.2563278633784506,"standard_error":0.0008529215558140248},"median":{"confidence_interval":{"confidence_level":0.95,"lower_bound":-0.2575543252009369,"upper_bound":-0.256305648674066},"point_estimate":-0.2570652070321495,"standard_error":0.00032022604284590733}}