{"mean":{"confidence_interval":{"confidence_level":0.95,"lower_bound":0.11255658147628676,"upper_bound":0.12295855734977215},"point_estimate":0.11827237699208415,"standard_error":0.002662717704770265},"median":{"confidence_interval":{"confidence_level":0.95,"lower_bound":0.1187893141886022,"upper_bound":0.12075150773812737},"point_estimate":0.11953525784550822,"standard_error":0.0004817931531194713}}