{"mean":{"confidence_interval":{"confidence_level":0.95,"lower_bound":7055521.23828125,"upper_bound":7077670.25290625},"point_estimate":7065889.33375,"standard_error":5639.8120830324},"median":{"confidence_interval":{"confidence_level":0.95,"lower_bound":7043149.875,"upper_bound":7056223.5},"point_estimate":7047978.875,"standard_error":4299.907897692907},"median_abs_dev":{"confidence_interval":{"confidence_level":0.95,"lower_bound":22414.641370810572,"upper_bound":45474.58438016474},"point_estimate":32617.014095932245,"standard_error":5929.728870062665},"slope":null,"std_dev":{"confidence_interval":{"confidence_level":0.95,"lower_bound":38923.96493477554,"upper_bound":74556.8512885648},"point_estimate":56765.63667196913,"standard_error":9264.080434289937}}