{"mean":{"confidence_interval":{"confidence_level":0.95,"lower_bound":7163792.054892855,"upper_bound":7177505.384357145},"point_estimate":7170641.50285714,"standard_error":3496.232014836865},"median":{"confidence_interval":{"confidence_level":0.95,"lower_bound":7164692.142857143,"upper_bound":7179972.0},"point_estimate":7174062.928571429,"standard_error":4209.78763246331},"median_abs_dev":{"confidence_interval":{"confidence_level":0.95,"lower_bound":24442.75473855379,"upper_bound":40949.72632549816},"point_estimate":32165.53592894709,"standard_error":4039.7830903106187},"slope":null,"std_dev":{"confidence_interval":{"confidence_level":0.95,"lower_bound":29597.532253317386,"upper_bound":40289.66277917369},"point_estimate":35085.517253863225,"standard_error":2728.9878267365384}}