{"mean":{"confidence_interval":{"confidence_level":0.95,"lower_bound":495387.3354121043,"upper_bound":497713.0406575764},"point_estimate":496386.2910102661,"standard_error":600.2796200321561},"median":{"confidence_interval":{"confidence_level":0.95,"lower_bound":494749.65,"upper_bound":495183.2414622415},"point_estimate":494930.1441025641,"standard_error":102.88481009656267},"median_abs_dev":{"confidence_interval":{"confidence_level":0.95,"lower_bound":515.4441497633256,"upper_bound":982.3421988828401},"point_estimate":738.338009831394,"standard_error":122.77244217459832},"slope":{"confidence_interval":{"confidence_level":0.95,"lower_bound":495341.6749668373,"upper_bound":497458.6508934354},"point_estimate":496146.80820846267,"standard_error":564.424427597211},"std_dev":{"confidence_interval":{"confidence_level":0.95,"lower_bound":1661.2575945295405,"upper_bound":9048.391686282173},"point_estimate":6032.255726629826,"standard_error":1909.1876065830663}}