{"mean":{"confidence_interval":{"confidence_level":0.95,"lower_bound":506891.52539142413,"upper_bound":508614.54848876304},"point_estimate":507616.469828095,"standard_error":444.4940212966285},"median":{"confidence_interval":{"confidence_level":0.95,"lower_bound":506909.0660535117,"upper_bound":507587.69074074074},"point_estimate":507183.54604918894,"standard_error":156.31837583824375},"median_abs_dev":{"confidence_interval":{"confidence_level":0.95,"lower_bound":939.6791194284681,"upper_bound":2029.8776899755553},"point_estimate":1187.0133467143767,"standard_error":300.488402866278},"slope":{"confidence_interval":{"confidence_level":0.95,"lower_bound":506184.6656309925,"upper_bound":507292.30238171533},"point_estimate":506720.4691788582,"standard_error":281.10868209419937},"std_dev":{"confidence_interval":{"confidence_level":0.95,"lower_bound":1940.7219881408846,"upper_bound":7091.073086460578},"point_estimate":4487.208067664236,"standard_error":1646.2207712077807}}