{"mean":{"confidence_interval":{"confidence_level":0.95,"lower_bound":498394.9456161638,"upper_bound":500485.61785095424},"point_estimate":499247.8694420027,"standard_error":547.266126083783},"median":{"confidence_interval":{"confidence_level":0.95,"lower_bound":498382.6704980843,"upper_bound":498964.3333333333},"point_estimate":498640.82382908463,"standard_error":147.87982267049185},"median_abs_dev":{"confidence_interval":{"confidence_level":0.95,"lower_bound":957.2339439432045,"upper_bound":1652.6504802462832},"point_estimate":1341.3334832057783,"standard_error":181.59759654844146},"slope":{"confidence_interval":{"confidence_level":0.95,"lower_bound":497952.11108616664,"upper_bound":499850.5645766794},"point_estimate":498744.4727481405,"standard_error":494.40751079918886},"std_dev":{"confidence_interval":{"confidence_level":0.95,"lower_bound":1563.0988732472165,"upper_bound":8840.7624463393},"point_estimate":5470.839076457946,"standard_error":2144.289233540642}}