{"mean":{"confidence_interval":{"confidence_level":0.95,"lower_bound":31422807.741,"upper_bound":31474054.897625},"point_estimate":31448010.645,"standard_error":13025.754260370653},"median":{"confidence_interval":{"confidence_level":0.95,"lower_bound":31402163.5,"upper_bound":31479287.25},"point_estimate":31447267.5,"standard_error":18453.756016166033},"median_abs_dev":{"confidence_interval":{"confidence_level":0.95,"lower_bound":95084.99258190393,"upper_bound":140719.91088297218},"point_estimate":114098.67007434368,"standard_error":11800.670278816002},"slope":null,"std_dev":{"confidence_interval":{"confidence_level":0.95,"lower_bound":107396.44416415539,"upper_bound":153412.2483516305},"point_estimate":130928.57292807134,"standard_error":11810.942661134372}}