{"mean":{"confidence_interval":{"confidence_level":0.95,"lower_bound":33696262.50925,"upper_bound":33916025.133125},"point_estimate":33777638.235,"standard_error":61412.18441244591},"median":{"confidence_interval":{"confidence_level":0.95,"lower_bound":33670951.5,"upper_bound":33733694.0},"point_estimate":33705029.0,"standard_error":17549.562085314305},"median_abs_dev":{"confidence_interval":{"confidence_level":0.95,"lower_bound":76453.23284268379,"upper_bound":119716.24137461185},"point_estimate":95204.04535979033,"standard_error":11186.79513325511},"slope":null,"std_dev":{"confidence_interval":{"confidence_level":0.95,"lower_bound":91555.0966216015,"upper_bound":1045661.7428312275},"point_estimate":619276.826885714,"standard_error":318488.17701813544}}