{"mean":{"confidence_interval":{"confidence_level":0.95,"lower_bound":821634.89900813,"upper_bound":824781.2906589989},"point_estimate":822829.4845147784,"standard_error":871.560818753438},"median":{"confidence_interval":{"confidence_level":0.95,"lower_bound":821306.6061463046,"upper_bound":822479.8968253968},"point_estimate":821926.4235938278,"standard_error":308.368450433632},"median_abs_dev":{"confidence_interval":{"confidence_level":0.95,"lower_bound":1652.6929882552668,"upper_bound":2745.021458633909},"point_estimate":2234.3628285441628,"standard_error":286.92862585115216},"slope":{"confidence_interval":{"confidence_level":0.95,"lower_bound":821171.1264246255,"upper_bound":822001.4809486864},"point_estimate":821578.3846372099,"standard_error":211.3487865876705},"std_dev":{"confidence_interval":{"confidence_level":0.95,"lower_bound":1989.4952905237158,"upper_bound":14772.373421805036},"point_estimate":8798.599271228411,"standard_error":4395.443778469681}}