{"mean":{"confidence_interval":{"confidence_level":0.95,"lower_bound":21733695.89291667,"upper_bound":21781936.14200001},"point_estimate":21757254.46666667,"standard_error":12320.815289730754},"median":{"confidence_interval":{"confidence_level":0.95,"lower_bound":21710169.5,"upper_bound":21774443.333333332},"point_estimate":21732670.0,"standard_error":18364.64604717437},"median_abs_dev":{"confidence_interval":{"confidence_level":0.95,"lower_bound":89623.66260886008,"upper_bound":139225.5211507519},"point_estimate":110597.75733649639,"standard_error":12511.174224096356},"slope":null,"std_dev":{"confidence_interval":{"confidence_level":0.95,"lower_bound":103623.06270954858,"upper_bound":142381.25276154667},"point_estimate":124016.22246654231,"standard_error":9918.756406084794}}