{"mean":{"confidence_interval":{"confidence_level":0.95,"lower_bound":22078851.736666664,"upper_bound":22122010.068750013},"point_estimate":22100014.27666668,"standard_error":11005.142982003897},"median":{"confidence_interval":{"confidence_level":0.95,"lower_bound":22061135.333333332,"upper_bound":22111382.0},"point_estimate":22094907.0,"standard_error":12628.593332622364},"median_abs_dev":{"confidence_interval":{"confidence_level":0.95,"lower_bound":80784.89576578049,"upper_bound":128945.67331075577},"point_estimate":104682.18344151882,"standard_error":12044.79290150929},"slope":null,"std_dev":{"confidence_interval":{"confidence_level":0.95,"lower_bound":91838.059343429,"upper_bound":127072.69226407965},"point_estimate":110220.00028097117,"standard_error":9010.990272394605}}