{"mean":{"confidence_interval":{"confidence_level":0.95,"lower_bound":22077175.91666667,"upper_bound":22155122.66366667},"point_estimate":22114927.26333335,"standard_error":19927.998193343796},"median":{"confidence_interval":{"confidence_level":0.95,"lower_bound":22018070.0,"upper_bound":22082253.333333332},"point_estimate":22039244.666666664,"standard_error":16402.43029608392},"median_abs_dev":{"confidence_interval":{"confidence_level":0.95,"lower_bound":96217.77309179306,"upper_bound":197974.1443252535},"point_estimate":136857.81517028902,"standard_error":25598.99515582144},"slope":null,"std_dev":{"confidence_interval":{"confidence_level":0.95,"lower_bound":162521.81934122246,"upper_bound":236931.59577356037},"point_estimate":201013.25240733344,"standard_error":19080.759952335866}}