{"mean":{"confidence_interval":{"confidence_level":0.95,"lower_bound":22657263.004583333,"upper_bound":22803498.184083328},"point_estimate":22721110.09,"standard_error":37701.58202262457},"median":{"confidence_interval":{"confidence_level":0.95,"lower_bound":22630940.166666664,"upper_bound":22662968.166666664},"point_estimate":22647065.333333336,"standard_error":8994.257827772264},"median_abs_dev":{"confidence_interval":{"confidence_level":0.95,"lower_bound":81215.09685814196,"upper_bound":142739.28926587474},"point_estimate":103522.5431621047,"standard_error":16702.227856740643},"slope":null,"std_dev":{"confidence_interval":{"confidence_level":0.95,"lower_bound":139128.52144768025,"upper_bound":569148.614997275},"point_estimate":380319.5221284093,"standard_error":114561.37279811659}}