{"mean":{"confidence_interval":{"confidence_level":0.95,"lower_bound":19539386.807666663,"upper_bound":19583522.21333333},"point_estimate":19561892.363333333,"standard_error":11253.970266910264},"median":{"confidence_interval":{"confidence_level":0.95,"lower_bound":19555423.666666668,"upper_bound":19613468.166666664},"point_estimate":19590526.0,"standard_error":15117.185686743449},"median_abs_dev":{"confidence_interval":{"confidence_level":0.95,"lower_bound":80396.94877266884,"upper_bound":140817.34549999237},"point_estimate":114656.37476444153,"standard_error":15671.518885349511},"slope":null,"std_dev":{"confidence_interval":{"confidence_level":0.95,"lower_bound":97017.75835366153,"upper_bound":126678.85158246783},"point_estimate":112829.28795403015,"standard_error":7590.0206796694865}}