{"mean":{"confidence_interval":{"confidence_level":0.95,"lower_bound":22193865.515500005,"upper_bound":22247962.445083335},"point_estimate":22219604.22333332,"standard_error":13859.6775055026},"median":{"confidence_interval":{"confidence_level":0.95,"lower_bound":22177756.666666668,"upper_bound":22221189.5},"point_estimate":22201577.833333336,"standard_error":12005.924868818734},"median_abs_dev":{"confidence_interval":{"confidence_level":0.95,"lower_bound":68575.19078254515,"upper_bound":113975.86137652305},"point_estimate":86335.25586724373,"standard_error":11721.590031201187},"slope":null,"std_dev":{"confidence_interval":{"confidence_level":0.95,"lower_bound":100297.80592879173,"upper_bound":175402.26523600353},"point_estimate":139092.63557568245,"standard_error":19382.33058376861}}