{"mean":{"confidence_interval":{"confidence_level":0.95,"lower_bound":19081335.09658332,"upper_bound":19133298.347833335},"point_estimate":19106710.273333326,"standard_error":13264.76230020488},"median":{"confidence_interval":{"confidence_level":0.95,"lower_bound":19041463.333333332,"upper_bound":19124331.666666668},"point_estimate":19095011.5,"standard_error":22446.87840288428},"median_abs_dev":{"confidence_interval":{"confidence_level":0.95,"lower_bound":96815.50798118023,"upper_bound":155339.11572217577},"point_estimate":122537.87622451967,"standard_error":14987.084364133614},"slope":null,"std_dev":{"confidence_interval":{"confidence_level":0.95,"lower_bound":105217.20071436214,"upper_bound":160332.52411556465},"point_estimate":132349.53625878537,"standard_error":14290.795202072679}}