{"mean":{"confidence_interval":{"confidence_level":0.95,"lower_bound":22368579.909666676,"upper_bound":22420644.024833333},"point_estimate":22394007.253333334,"standard_error":13241.180462929953},"median":{"confidence_interval":{"confidence_level":0.95,"lower_bound":22367458.0,"upper_bound":22418166.666666668},"point_estimate":22397934.666666664,"standard_error":16632.51232564187},"median_abs_dev":{"confidence_interval":{"confidence_level":0.95,"lower_bound":94225.4058271665,"upper_bound":150519.9739277372},"point_estimate":130721.82807922272,"standard_error":14352.364761333165},"slope":null,"std_dev":{"confidence_interval":{"confidence_level":0.95,"lower_bound":103197.85605486126,"upper_bound":161787.15819235536},"point_estimate":132621.76805031902,"standard_error":15118.029558499855}}