{"mean":{"confidence_interval":{"confidence_level":0.95,"lower_bound":22039205.941499997,"upper_bound":22094662.230833337},"point_estimate":22066213.55666667,"standard_error":14160.845290209896},"median":{"confidence_interval":{"confidence_level":0.95,"lower_bound":22024632.0,"upper_bound":22087499.166666664},"point_estimate":22042390.0,"standard_error":19241.25374198988},"median_abs_dev":{"confidence_interval":{"confidence_level":0.95,"lower_bound":99383.56263809274,"upper_bound":171617.37155318077},"point_estimate":143125.50655901525,"standard_error":17455.174828177955},"slope":null,"std_dev":{"confidence_interval":{"confidence_level":0.95,"lower_bound":115773.34182420043,"upper_bound":168788.90930219312},"point_estimate":142317.04161741884,"standard_error":13616.843784491331}}