{"mean":{"confidence_interval":{"confidence_level":0.95,"lower_bound":21751211.83933333,"upper_bound":21925381.39},"point_estimate":21818213.126666665,"standard_error":46684.76061927684},"median":{"confidence_interval":{"confidence_level":0.95,"lower_bound":21719736.333333332,"upper_bound":21773015.0},"point_estimate":21736859.666666664,"standard_error":14940.659347956436},"median_abs_dev":{"confidence_interval":{"confidence_level":0.95,"lower_bound":80559.78766978155,"upper_bound":145951.82395383707},"point_estimate":105059.50513482554,"standard_error":16277.308825330883},"slope":null,"std_dev":{"confidence_interval":{"confidence_level":0.95,"lower_bound":122852.87540264017,"upper_bound":775547.3128653038},"point_estimate":468086.05630067375,"standard_error":217141.7015512407}}