{"mean":{"confidence_interval":{"confidence_level":0.95,"lower_bound":22106239.150916677,"upper_bound":22264644.883666664},"point_estimate":22168284.293333337,"standard_error":42140.89367514182},"median":{"confidence_interval":{"confidence_level":0.95,"lower_bound":22064157.666666668,"upper_bound":22141655.0},"point_estimate":22099619.333333336,"standard_error":27124.47767928748},"median_abs_dev":{"confidence_interval":{"confidence_level":0.95,"lower_bound":101133.08620452696,"upper_bound":170374.21147525127},"point_estimate":148544.16236281578,"standard_error":18436.125233328938},"slope":null,"std_dev":{"confidence_interval":{"confidence_level":0.95,"lower_bound":130626.86245901152,"upper_bound":698764.9088255698},"point_estimate":424133.73310642585,"standard_error":191275.44347896305}}