{"mean":{"confidence_interval":{"confidence_level":0.95,"lower_bound":21535850.940500006,"upper_bound":21579914.59408333},"point_estimate":21556366.63,"standard_error":11280.753272293221},"median":{"confidence_interval":{"confidence_level":0.95,"lower_bound":21514195.333333332,"upper_bound":21554701.0},"point_estimate":21540748.166666668,"standard_error":10018.155352429556},"median_abs_dev":{"confidence_interval":{"confidence_level":0.95,"lower_bound":61115.73611497879,"upper_bound":98452.79872961316},"point_estimate":76631.39193952268,"standard_error":9402.485419004353},"slope":null,"std_dev":{"confidence_interval":{"confidence_level":0.95,"lower_bound":75556.76439289993,"upper_bound":153722.32230992115},"point_estimate":113369.08958630271,"standard_error":21028.29747164507}}