{"mean":{"confidence_interval":{"confidence_level":0.95,"lower_bound":21643514.11975001,"upper_bound":21768178.61641667},"point_estimate":21697055.336666673,"standard_error":32263.941566831396},"median":{"confidence_interval":{"confidence_level":0.95,"lower_bound":21614723.5,"upper_bound":21650657.333333332},"point_estimate":21633684.166666664,"standard_error":10345.242701402973},"median_abs_dev":{"confidence_interval":{"confidence_level":0.95,"lower_bound":71015.30323922819,"upper_bound":128112.45212555116},"point_estimate":101591.95089638048,"standard_error":14260.424712440581},"slope":null,"std_dev":{"confidence_interval":{"confidence_level":0.95,"lower_bound":107974.2492789566,"upper_bound":490929.9229499321},"point_estimate":325073.20887558215,"standard_error":103774.2310189186}}