{"mean":{"confidence_interval":{"confidence_level":0.95,"lower_bound":3628659.345089284,"upper_bound":3634946.3778749984},"point_estimate":3631204.7157142847,"standard_error":1646.8095788915791},"median":{"confidence_interval":{"confidence_level":0.95,"lower_bound":3627051.178571428,"upper_bound":3629919.9285714286},"point_estimate":3628904.6071428573,"standard_error":781.4757725803294},"median_abs_dev":{"confidence_interval":{"confidence_level":0.95,"lower_bound":3938.4738800778155,"upper_bound":7255.52657118895},"point_estimate":5523.532101937949,"standard_error":823.4776875617227},"slope":null,"std_dev":{"confidence_interval":{"confidence_level":0.95,"lower_bound":5581.618176015131,"upper_bound":26908.537401947262},"point_estimate":16629.865003571147,"standard_error":6746.998550834982}}