{"mean":{"confidence_interval":{"confidence_level":0.95,"lower_bound":301672.1917198485,"upper_bound":302766.7410976782},"point_estimate":302073.1758497318,"standard_error":307.2439920214208},"median":{"confidence_interval":{"confidence_level":0.95,"lower_bound":301604.88008166966,"upper_bound":301774.70714285714},"point_estimate":301682.685,"standard_error":37.759779825296974},"median_abs_dev":{"confidence_interval":{"confidence_level":0.95,"lower_bound":239.55561172966713,"upper_bound":417.91526578198733},"point_estimate":312.73726801172626,"standard_error":45.3004695256944},"slope":{"confidence_interval":{"confidence_level":0.95,"lower_bound":301628.6341494333,"upper_bound":302198.3361874694},"point_estimate":301840.8312221073,"standard_error":155.5829978876523},"std_dev":{"confidence_interval":{"confidence_level":0.95,"lower_bound":420.5252869255494,"upper_bound":5212.377964075328},"point_estimate":3082.687367607815,"standard_error":1602.1540262365313}}