{"mean":{"confidence_interval":{"confidence_level":0.95,"lower_bound":-0.045631821788746925,"upper_bound":-0.04317972601354737},"point_estimate":-0.04444611001980192,"standard_error":0.000632092798288834},"median":{"confidence_interval":{"confidence_level":0.95,"lower_bound":-0.04670214669645345,"upper_bound":-0.0447788087008837},"point_estimate":-0.04592594475934075,"standard_error":0.00048308661506529587}}