{"mean":{"confidence_interval":{"confidence_level":0.95,"lower_bound":-0.001155243986170276,"upper_bound":0.0035245717095789106},"point_estimate":0.0009084906493790346,"standard_error":0.0012665426318194495},"median":{"confidence_interval":{"confidence_level":0.95,"lower_bound":-0.0014518193723408457,"upper_bound":0.0005405013157164795},"point_estimate":-0.0005149910733250884,"standard_error":0.0005168721859599713}}