{"mean":{"confidence_interval":{"confidence_level":0.95,"lower_bound":-0.04054655191065597,"upper_bound":-0.0389846298485482},"point_estimate":-0.03971820701474882,"standard_error":0.0003984096553599135},"median":{"confidence_interval":{"confidence_level":0.95,"lower_bound":-0.04026105051177853,"upper_bound":-0.03857104885389995},"point_estimate":-0.03938579928544672,"standard_error":0.0004274108611132877}}