{"mean":{"confidence_interval":{"confidence_level":0.95,"lower_bound":-0.056660341726199465,"upper_bound":-0.01160899926472497},"point_estimate":-0.032585868623989045,"standard_error":0.01155012304002489},"median":{"confidence_interval":{"confidence_level":0.95,"lower_bound":0.0026920335625673086,"upper_bound":0.004979612924987375},"point_estimate":0.003926901871574406,"standard_error":0.0005908383264939651}}