{"mean":{"confidence_interval":{"confidence_level":0.95,"lower_bound":0.002255135270016445,"upper_bound":0.003954661046217731},"point_estimate":0.003151963997343632,"standard_error":0.00043451145522419515},"median":{"confidence_interval":{"confidence_level":0.95,"lower_bound":0.002087419379543487,"upper_bound":0.004166191990047308},"point_estimate":0.0031902214827910225,"standard_error":0.0005371424608698179}}