{"mean":{"confidence_interval":{"confidence_level":0.95,"lower_bound":-0.007253837958359915,"upper_bound":-0.005016931056541463},"point_estimate":-0.006208291906798835,"standard_error":0.0005631857612476852},"median":{"confidence_interval":{"confidence_level":0.95,"lower_bound":-0.007394784038122881,"upper_bound":-0.005309638178585541},"point_estimate":-0.006447544372348735,"standard_error":0.0005123671359600601}}