{"mean":{"confidence_interval":{"confidence_level":0.95,"lower_bound":-0.01738429823376341,"upper_bound":-0.0073886765415235815},"point_estimate":-0.012908375572761477,"standard_error":0.0025485209520892636},"median":{"confidence_interval":{"confidence_level":0.95,"lower_bound":-0.01835782528588159,"upper_bound":-0.016274523095376026},"point_estimate":-0.017284964376379386,"standard_error":0.0005082747902386709}}