{"mean":{"confidence_interval":{"confidence_level":0.95,"lower_bound":-0.0039007108652664713,"upper_bound":-0.0018357604464100572},"point_estimate":-0.002889487025434012,"standard_error":0.0005253268440086261},"median":{"confidence_interval":{"confidence_level":0.95,"lower_bound":-0.003980739174425985,"upper_bound":-0.0023615885718192287},"point_estimate":-0.003152672208484364,"standard_error":0.00040898615729910827}}