{"mean":{"confidence_interval":{"confidence_level":0.95,"lower_bound":0.0028821022573871096,"upper_bound":0.008196973145103686},"point_estimate":0.005333234309988333,"standard_error":0.001392198952979651},"median":{"confidence_interval":{"confidence_level":0.95,"lower_bound":0.0011940024481933431,"upper_bound":0.006777629655232431},"point_estimate":0.002754795755441908,"standard_error":0.001292131364049108}}