{"mean":{"confidence_interval":{"confidence_level":0.95,"lower_bound":-0.024664149387847258,"upper_bound":-0.02303929690751774},"point_estimate":-0.023831594006386236,"standard_error":0.0004141748585707177},"median":{"confidence_interval":{"confidence_level":0.95,"lower_bound":-0.024345277492415218,"upper_bound":-0.022509379446958633},"point_estimate":-0.023511456146023568,"standard_error":0.0004621158317606213}}