{"mean":{"confidence_interval":{"confidence_level":0.95,"lower_bound":-0.009784395589477506,"upper_bound":-0.007910809944119213},"point_estimate":-0.008808616417989912,"standard_error":0.00047901071305867063},"median":{"confidence_interval":{"confidence_level":0.95,"lower_bound":-0.00988163678385312,"upper_bound":-0.0074817778493275755},"point_estimate":-0.00868608940103488,"standard_error":0.0006259783221989487}}