{"mean":{"confidence_interval":{"confidence_level":0.95,"lower_bound":-0.02910846430551326,"upper_bound":-0.02747175040172472},"point_estimate":-0.02827433953193681,"standard_error":0.00041589639333391434},"median":{"confidence_interval":{"confidence_level":0.95,"lower_bound":-0.029096671034236743,"upper_bound":-0.02713387600449424},"point_estimate":-0.02814306921569365,"standard_error":0.0005024449865994581}}