{"mean":{"confidence_interval":{"confidence_level":0.95,"lower_bound":-0.00950966077550441,"upper_bound":-0.007795497018762879},"point_estimate":-0.008653618508671967,"standard_error":0.0004375553146490342},"median":{"confidence_interval":{"confidence_level":0.95,"lower_bound":-0.009267490573687254,"upper_bound":-0.007601436424899521},"point_estimate":-0.008413001509570361,"standard_error":0.000420523550634962}}