{"mean":{"confidence_interval":{"confidence_level":0.95,"lower_bound":-0.004387949557819615,"upper_bound":-0.002547524336059973},"point_estimate":-0.0034191239192845613,"standard_error":0.0004711864311896281},"median":{"confidence_interval":{"confidence_level":0.95,"lower_bound":-0.004555136611106625,"upper_bound":-0.0027996625790487435},"point_estimate":-0.0036044237072708762,"standard_error":0.00044109646452758906}}