{"mean":{"confidence_interval":{"confidence_level":0.95,"lower_bound":-0.007332459476516595,"upper_bound":-0.0055646233102055525},"point_estimate":-0.006425609647692898,"standard_error":0.0004500694938583977},"median":{"confidence_interval":{"confidence_level":0.95,"lower_bound":-0.007249646681682487,"upper_bound":-0.005360517983982881},"point_estimate":-0.006322780672351813,"standard_error":0.0004722458283667411}}