{"mean":{"confidence_interval":{"confidence_level":0.95,"lower_bound":-0.015058020013250777,"upper_bound":-0.011860788950825082},"point_estimate":-0.013483156621798997,"standard_error":0.0008298239819764218},"median":{"confidence_interval":{"confidence_level":0.95,"lower_bound":-0.015052119959858112,"upper_bound":-0.01169837611171054},"point_estimate":-0.013047589681751126,"standard_error":0.0008585446433131336}}