{"mean":{"confidence_interval":{"confidence_level":0.95,"lower_bound":-0.0027595922337365826,"upper_bound":0.00498627586862734},"point_estimate":0.0003732397488172001,"standard_error":0.001996189766422201},"median":{"confidence_interval":{"confidence_level":0.95,"lower_bound":-0.003402874902771913,"upper_bound":0.0003463307035225238},"point_estimate":-0.0014402976773209009,"standard_error":0.0008683226483776551}}