{"mean":{"confidence_interval":{"confidence_level":0.95,"lower_bound":-0.013089820009988715,"upper_bound":-0.011116520264496178},"point_estimate":-0.012099476676813548,"standard_error":0.0005025979728310034},"median":{"confidence_interval":{"confidence_level":0.95,"lower_bound":-0.013006112277667126,"upper_bound":-0.011150354182509795},"point_estimate":-0.012101705975988919,"standard_error":0.00047294698205718093}}