{"mean":{"confidence_interval":{"confidence_level":0.95,"lower_bound":-0.05438774499369235,"upper_bound":-0.009292979151499833},"point_estimate":-0.030227689612703612,"standard_error":0.01153314739726023},"median":{"confidence_interval":{"confidence_level":0.95,"lower_bound":0.004506369962058665,"upper_bound":0.007300980922101186},"point_estimate":0.006006388750525504,"standard_error":0.0007213722925643681}}