{"mean":{"confidence_interval":{"confidence_level":0.95,"lower_bound":0.0018404261551453979,"upper_bound":0.0039412452413777315},"point_estimate":0.002885902291547282,"standard_error":0.0005407555181422833},"median":{"confidence_interval":{"confidence_level":0.95,"lower_bound":0.001964657674998982,"upper_bound":0.004310489648804599},"point_estimate":0.0031479153593445552,"standard_error":0.0005908705249439152}}