{"mean":{"confidence_interval":{"confidence_level":0.95,"lower_bound":-0.00452685827618339,"upper_bound":-0.0005036855320629178},"point_estimate":-0.0028705370399624286,"standard_error":0.0010187326778778188},"median":{"confidence_interval":{"confidence_level":0.95,"lower_bound":-0.0051972849773650465,"upper_bound":-0.0030722031667936855},"point_estimate":-0.00437937575736147,"standard_error":0.0005520700028888876}}