{"mean":{"confidence_interval":{"confidence_level":0.95,"lower_bound":7733.324478933768,"upper_bound":7752.203664355642},"point_estimate":7740.664779752473,"standard_error":5.020868666757109},"median":{"confidence_interval":{"confidence_level":0.95,"lower_bound":7727.280177187155,"upper_bound":7733.168481993916},"point_estimate":7729.663638955715,"standard_error":1.3751959729686432},"median_abs_dev":{"confidence_interval":{"confidence_level":0.95,"lower_bound":5.587203401236309,"upper_bound":11.421573002657935},"point_estimate":8.596283838825718,"standard_error":1.464985655360464},"slope":{"confidence_interval":{"confidence_level":0.95,"lower_bound":7733.935086907045,"upper_bound":7740.709824576836},"point_estimate":7737.127838335378,"standard_error":1.73226923217894},"std_dev":{"confidence_interval":{"confidence_level":0.95,"lower_bound":14.026389402609384,"upper_bound":82.79635955776408},"point_estimate":50.36987767649608,"standard_error":22.447241190799616}}