{"mean":{"confidence_interval":{"confidence_level":0.95,"lower_bound":29732945.37675,"upper_bound":29817457.332875},"point_estimate":29773829.985,"standard_error":21479.766496394375},"median":{"confidence_interval":{"confidence_level":0.95,"lower_bound":29719637.75,"upper_bound":29801648.5},"point_estimate":29773420.75,"standard_error":21709.946155178433},"median_abs_dev":{"confidence_interval":{"confidence_level":0.95,"lower_bound":151578.05610895157,"upper_bound":261455.88451947997},"point_estimate":209734.15202647448,"standard_error":26841.062687047295},"slope":null,"std_dev":{"confidence_interval":{"confidence_level":0.95,"lower_bound":169286.51616343492,"upper_bound":262728.8108966307},"point_estimate":215967.7268004781,"standard_error":24119.177400096367}}