{"mean":{"confidence_interval":{"confidence_level":0.95,"lower_bound":29903998.69325,"upper_bound":29936110.076874997},"point_estimate":29919589.125,"standard_error":8185.385394506393},"median":{"confidence_interval":{"confidence_level":0.95,"lower_bound":29892779.5,"upper_bound":29925490.5},"point_estimate":29913232.5,"standard_error":8053.479784444937},"median_abs_dev":{"confidence_interval":{"confidence_level":0.95,"lower_bound":48809.41503345966,"upper_bound":90314.05999660492},"point_estimate":68713.69033008814,"standard_error":10455.387314763482},"slope":null,"std_dev":{"confidence_interval":{"confidence_level":0.95,"lower_bound":65444.16753953786,"upper_bound":100775.74620098875},"point_estimate":82389.20744791657,"standard_error":9204.367665041105}}