{"mean":{"confidence_interval":{"confidence_level":0.95,"lower_bound":28808810.603875,"upper_bound":28873440.77925},"point_estimate":28839344.46,"standard_error":16570.287258311622},"median":{"confidence_interval":{"confidence_level":0.95,"lower_bound":28768181.5,"upper_bound":28809194.25},"point_estimate":28781578.5,"standard_error":11081.50662746529},"median_abs_dev":{"confidence_interval":{"confidence_level":0.95,"lower_bound":62331.83874338865,"upper_bound":112027.74663235986},"point_estimate":92025.35101622343,"standard_error":12120.267297539574},"slope":null,"std_dev":{"confidence_interval":{"confidence_level":0.95,"lower_bound":114120.24603560472,"upper_bound":214722.4901480718},"point_estimate":166157.47146102582,"standard_error":25948.40470440936}}