{"mean":{"confidence_interval":{"confidence_level":0.95,"lower_bound":30031152.201125,"upper_bound":30067962.9265},"point_estimate":30049349.555,"standard_error":9372.3061023856},"median":{"confidence_interval":{"confidence_level":0.95,"lower_bound":30012092.5,"upper_bound":30054987.5},"point_estimate":30028738.0,"standard_error":10406.139669845776},"median_abs_dev":{"confidence_interval":{"confidence_level":0.95,"lower_bound":61784.388703107834,"upper_bound":108600.89285194864},"point_estimate":83763.93331289291,"standard_error":12359.653486871372},"slope":null,"std_dev":{"confidence_interval":{"confidence_level":0.95,"lower_bound":80726.08226970823,"upper_bound":105519.66359669829},"point_estimate":94049.66482331693,"standard_error":6321.523752621924}}