{"mean":{"confidence_interval":{"confidence_level":0.95,"lower_bound":29967877.218250003,"upper_bound":30023151.257},"point_estimate":29993390.945,"standard_error":14057.087375828858},"median":{"confidence_interval":{"confidence_level":0.95,"lower_bound":29942859.0,"upper_bound":30001355.5},"point_estimate":29972524.5,"standard_error":12352.69255740596},"median_abs_dev":{"confidence_interval":{"confidence_level":0.95,"lower_bound":79245.339243114,"upper_bound":131900.3035558015},"point_estimate":96957.9611286521,"standard_error":13595.89117879569},"slope":null,"std_dev":{"confidence_interval":{"confidence_level":0.95,"lower_bound":91779.37430356462,"upper_bound":198544.74300548315},"point_estimate":141359.13446443717,"standard_error":31415.054881309876}}