{"mean":{"confidence_interval":{"confidence_level":0.95,"lower_bound":30162755.670250002,"upper_bound":30202552.557},"point_estimate":30180761.925,"standard_error":10145.163138631602},"median":{"confidence_interval":{"confidence_level":0.95,"lower_bound":30145735.5,"upper_bound":30183776.25},"point_estimate":30167027.75,"standard_error":10196.3196970194},"median_abs_dev":{"confidence_interval":{"confidence_level":0.95,"lower_bound":51274.97878968716,"upper_bound":77392.08927601576},"point_estimate":60376.289378106594,"standard_error":6826.023641228012},"slope":null,"std_dev":{"confidence_interval":{"confidence_level":0.95,"lower_bound":59198.339832578065,"upper_bound":146891.39437568173},"point_estimate":101820.40223141704,"standard_error":24365.419701345043}}