{"mean":{"confidence_interval":{"confidence_level":0.95,"lower_bound":31628642.2885,"upper_bound":33142871.289125},"point_estimate":32312417.605,"standard_error":387977.5621128234},"median":{"confidence_interval":{"confidence_level":0.95,"lower_bound":31086863.0,"upper_bound":31147222.25},"point_estimate":31113204.25,"standard_error":16607.106911576164},"median_abs_dev":{"confidence_interval":{"confidence_level":0.95,"lower_bound":90390.41389524937,"upper_bound":169671.33553773165},"point_estimate":129307.18060433865,"standard_error":21641.957867847763},"slope":null,"std_dev":{"confidence_interval":{"confidence_level":0.95,"lower_bound":2134397.8399268826,"upper_bound":5398250.13662157},"point_estimate":3885628.1968958885,"standard_error":839847.2252093432}}