{"mean":{"confidence_interval":{"confidence_level":0.95,"lower_bound":29446783.267625,"upper_bound":29476544.51275},"point_estimate":29461506.26,"standard_error":7590.799484394823},"median":{"confidence_interval":{"confidence_level":0.95,"lower_bound":29442869.5,"upper_bound":29479290.0},"point_estimate":29457757.0,"standard_error":10209.337466139583},"median_abs_dev":{"confidence_interval":{"confidence_level":0.95,"lower_bound":49754.572516679764,"upper_bound":83541.00587435062},"point_estimate":66141.00872576237,"standard_error":9100.469419492274},"slope":null,"std_dev":{"confidence_interval":{"confidence_level":0.95,"lower_bound":63992.49752604855,"upper_bound":87391.3721208861},"point_estimate":76140.90393031632,"standard_error":5968.7413051373}}