{"mean":{"confidence_interval":{"confidence_level":0.95,"lower_bound":30269320.07425,"upper_bound":30427083.529125},"point_estimate":30341723.0,"standard_error":40174.47715291088},"median":{"confidence_interval":{"confidence_level":0.95,"lower_bound":30206277.5,"upper_bound":30368291.5},"point_estimate":30250131.75,"standard_error":34991.995974442536},"median_abs_dev":{"confidence_interval":{"confidence_level":0.95,"lower_bound":211029.13823973387,"upper_bound":334926.3764038682},"point_estimate":259449.43564385176,"standard_error":30423.96292731706},"slope":null,"std_dev":{"confidence_interval":{"confidence_level":0.95,"lower_bound":252127.00089841144,"upper_bound":570241.5429914878},"point_estimate":403370.82355891954,"standard_error":90809.60659683235}}