{"mean":{"confidence_interval":{"confidence_level":0.95,"lower_bound":30488036.824,"upper_bound":30517524.395},"point_estimate":30502720.63,"standard_error":7550.342150512592},"median":{"confidence_interval":{"confidence_level":0.95,"lower_bound":30483147.25,"upper_bound":30520577.0},"point_estimate":30499232.25,"standard_error":8114.985213210497},"median_abs_dev":{"confidence_interval":{"confidence_level":0.95,"lower_bound":53332.0862531662,"upper_bound":91383.75587761402},"point_estimate":72341.24181568623,"standard_error":9831.04589803702},"slope":null,"std_dev":{"confidence_interval":{"confidence_level":0.95,"lower_bound":64097.36704914823,"upper_bound":87124.76834481086},"point_estimate":76071.47619122571,"standard_error":5888.537782859537}}