{"mean":{"confidence_interval":{"confidence_level":0.95,"lower_bound":30045659.845875,"upper_bound":30160318.032374997},"point_estimate":30094126.93,"standard_error":29606.492248746566},"median":{"confidence_interval":{"confidence_level":0.95,"lower_bound":30020635.25,"upper_bound":30066356.0},"point_estimate":30034915.0,"standard_error":13403.205501660146},"median_abs_dev":{"confidence_interval":{"confidence_level":0.95,"lower_bound":59942.99953579903,"upper_bound":94451.30155440418},"point_estimate":71055.08633852005,"standard_error":8758.43473081508},"slope":null,"std_dev":{"confidence_interval":{"confidence_level":0.95,"lower_bound":88647.76819830305,"upper_bound":465223.86535868654},"point_estimate":296663.5721072856,"standard_error":99531.50373570662}}