{"mean":{"confidence_interval":{"confidence_level":0.95,"lower_bound":30578120.464,"upper_bound":30641554.837125},"point_estimate":30608190.965,"standard_error":16208.189801445453},"median":{"confidence_interval":{"confidence_level":0.95,"lower_bound":30561635.0,"upper_bound":30624187.0},"point_estimate":30588131.75,"standard_error":16920.99624184709},"median_abs_dev":{"confidence_interval":{"confidence_level":0.95,"lower_bound":101691.90284460783,"upper_bound":165365.86521416903},"point_estimate":145737.35351264477,"standard_error":16362.662008843516},"slope":null,"std_dev":{"confidence_interval":{"confidence_level":0.95,"lower_bound":114809.40371203572,"upper_bound":218198.09091494328},"point_estimate":163167.49028441118,"standard_error":28309.347218783543}}