{"mean":{"confidence_interval":{"confidence_level":0.95,"lower_bound":29244541.708125,"upper_bound":29270819.95975},"point_estimate":29257226.08,"standard_error":6727.340379946624},"median":{"confidence_interval":{"confidence_level":0.95,"lower_bound":29232002.0,"upper_bound":29254726.5},"point_estimate":29242318.75,"standard_error":5984.476901203343},"median_abs_dev":{"confidence_interval":{"confidence_level":0.95,"lower_bound":39639.53419625759,"upper_bound":64710.3738811612},"point_estimate":52763.87981325388,"standard_error":6216.247079979357},"slope":null,"std_dev":{"confidence_interval":{"confidence_level":0.95,"lower_bound":51354.205633344885,"upper_bound":83216.2940426407},"point_estimate":67366.5094740013,"standard_error":8235.70239768377}}