{"mean":{"confidence_interval":{"confidence_level":0.95,"lower_bound":30259801.941999998,"upper_bound":30293177.511875},"point_estimate":30275890.6,"standard_error":8529.039889371023},"median":{"confidence_interval":{"confidence_level":0.95,"lower_bound":30237556.5,"upper_bound":30283112.5},"point_estimate":30263267.25,"standard_error":12289.428488985586},"median_abs_dev":{"confidence_interval":{"confidence_level":0.95,"lower_bound":57774.41908679905,"upper_bound":102240.52969861765},"point_estimate":73853.12313884497,"standard_error":11052.45258482517},"slope":null,"std_dev":{"confidence_interval":{"confidence_level":0.95,"lower_bound":68072.22938182637,"upper_bound":103830.35601408254},"point_estimate":85931.57850354614,"standard_error":9245.225253236345}}