{"mean":{"confidence_interval":{"confidence_level":0.95,"lower_bound":28968959.838125,"upper_bound":28995775.470375},"point_estimate":28982036.175,"standard_error":6816.517219572574},"median":{"confidence_interval":{"confidence_level":0.95,"lower_bound":28959534.5,"upper_bound":28991018.5},"point_estimate":28978875.25,"standard_error":8538.862016156138},"median_abs_dev":{"confidence_interval":{"confidence_level":0.95,"lower_bound":42773.75054061413,"upper_bound":71543.60302984715},"point_estimate":55323.95931780338,"standard_error":7434.574259521882},"slope":null,"std_dev":{"confidence_interval":{"confidence_level":0.95,"lower_bound":54076.127136056704,"upper_bound":84176.05326290937},"point_estimate":68490.66268903158,"standard_error":7850.902463376493}}