{"mean":{"confidence_interval":{"confidence_level":0.95,"lower_bound":30071469.628500003,"upper_bound":30119109.5615},"point_estimate":30093555.005,"standard_error":12214.574938733233},"median":{"confidence_interval":{"confidence_level":0.95,"lower_bound":30055138.5,"upper_bound":30084701.5},"point_estimate":30071921.0,"standard_error":7252.666759378487},"median_abs_dev":{"confidence_interval":{"confidence_level":0.95,"lower_bound":50968.08059513569,"upper_bound":78119.3045631051},"point_estimate":65673.24843406677,"standard_error":6696.501325755192},"slope":null,"std_dev":{"confidence_interval":{"confidence_level":0.95,"lower_bound":74400.83052567104,"upper_bound":162249.21254792312},"point_estimate":122762.31286723382,"standard_error":22137.364178543736}}