{"mean":{"confidence_interval":{"confidence_level":0.95,"lower_bound":29317569.669499997,"upper_bound":29373604.1635},"point_estimate":29344802.53,"standard_error":14304.203874998835},"median":{"confidence_interval":{"confidence_level":0.95,"lower_bound":29302766.25,"upper_bound":29362451.0},"point_estimate":29327375.0,"standard_error":16869.148526299443},"median_abs_dev":{"confidence_interval":{"confidence_level":0.95,"lower_bound":93572.44408875704,"upper_bound":146737.38572739065},"point_estimate":119254.41148281097,"standard_error":13648.870760191383},"slope":null,"std_dev":{"confidence_interval":{"confidence_level":0.95,"lower_bound":113027.16610131008,"upper_bound":172268.2042010446},"point_estimate":144210.79567506892,"standard_error":15224.093110324435}}