{"mean":{"confidence_interval":{"confidence_level":0.95,"lower_bound":30152877.67625,"upper_bound":30296255.865},"point_estimate":30208180.865,"standard_error":38549.713357610875},"median":{"confidence_interval":{"confidence_level":0.95,"lower_bound":30129405.5,"upper_bound":30173939.25},"point_estimate":30151492.0,"standard_error":12763.868028597197},"median_abs_dev":{"confidence_interval":{"confidence_level":0.95,"lower_bound":85759.5128774643,"upper_bound":147496.310121417},"point_estimate":122949.79191720486,"standard_error":15605.27661304618},"slope":null,"std_dev":{"confidence_interval":{"confidence_level":0.95,"lower_bound":113979.36999374162,"upper_bound":642314.2599792208},"point_estimate":387926.56347778783,"standard_error":180437.6409439647}}