{"mean":{"confidence_interval":{"confidence_level":0.95,"lower_bound":29791727.476875,"upper_bound":29839034.61575},"point_estimate":29812823.86,"standard_error":12119.32262606676},"median":{"confidence_interval":{"confidence_level":0.95,"lower_bound":29777766.0,"upper_bound":29811599.5},"point_estimate":29792572.5,"standard_error":9767.636986274561},"median_abs_dev":{"confidence_interval":{"confidence_level":0.95,"lower_bound":48885.39828211069,"upper_bound":88283.63933265209},"point_estimate":62231.76324516535,"standard_error":10089.642863945786},"slope":null,"std_dev":{"confidence_interval":{"confidence_level":0.95,"lower_bound":67253.30518880293,"upper_bound":181246.01238405862},"point_estimate":121678.21417950933,"standard_error":34952.93736584437}}