{"mean":{"confidence_interval":{"confidence_level":0.95,"lower_bound":30816550.057125,"upper_bound":30925062.930749997},"point_estimate":30865256.685,"standard_error":27851.81348530221},"median":{"confidence_interval":{"confidence_level":0.95,"lower_bound":30791874.25,"upper_bound":30832001.25},"point_estimate":30812001.75,"standard_error":10128.237700903568},"median_abs_dev":{"confidence_interval":{"confidence_level":0.95,"lower_bound":95237.4038591981,"upper_bound":152680.3691893816},"point_estimate":121320.78519612551,"standard_error":14533.856013798695},"slope":null,"std_dev":{"confidence_interval":{"confidence_level":0.95,"lower_bound":127980.69575306398,"upper_bound":399703.6094620612},"point_estimate":281113.54139299004,"standard_error":69404.70339471761}}