{"mean":{"confidence_interval":{"confidence_level":0.95,"lower_bound":29655529.329125002,"upper_bound":29965461.92825},"point_estimate":29791177.315,"standard_error":78753.21865907476},"median":{"confidence_interval":{"confidence_level":0.95,"lower_bound":29614707.25,"upper_bound":29672447.5},"point_estimate":29645591.75,"standard_error":12675.216913895709},"median_abs_dev":{"confidence_interval":{"confidence_level":0.95,"lower_bound":80980.35186231136,"upper_bound":116611.67702972889},"point_estimate":101157.79620409012,"standard_error":8831.21722199073},"slope":null,"std_dev":{"confidence_interval":{"confidence_level":0.95,"lower_bound":140916.26589476946,"upper_bound":1166396.4823889423},"point_estimate":792696.0636364677,"standard_error":237503.2261394196}}