{"mean":{"confidence_interval":{"confidence_level":0.95,"lower_bound":29793714.182125002,"upper_bound":29838172.264875},"point_estimate":29815590.5,"standard_error":11309.992183147077},"median":{"confidence_interval":{"confidence_level":0.95,"lower_bound":29782288.75,"upper_bound":29820234.5},"point_estimate":29801955.25,"standard_error":9763.833075546378},"median_abs_dev":{"confidence_interval":{"confidence_level":0.95,"lower_bound":75836.10060364008,"upper_bound":138477.06144154072},"point_estimate":109653.83535325527,"standard_error":16635.40495682521},"slope":null,"std_dev":{"confidence_interval":{"confidence_level":0.95,"lower_bound":95114.55643210252,"upper_bound":131151.31135632627},"point_estimate":113536.78574238448,"standard_error":9196.618069063923}}