{"mean":{"confidence_interval":{"confidence_level":0.95,"lower_bound":30092519.139124997,"upper_bound":30326227.71825},"point_estimate":30192026.585,"standard_error":60263.80390944235},"median":{"confidence_interval":{"confidence_level":0.95,"lower_bound":30061545.5,"upper_bound":30175695.5},"point_estimate":30123578.25,"standard_error":25877.86214342958},"median_abs_dev":{"confidence_interval":{"confidence_level":0.95,"lower_bound":169813.29448521137,"upper_bound":272363.9933645725},"point_estimate":220623.10753315687,"standard_error":26820.559881883895},"slope":null,"std_dev":{"confidence_interval":{"confidence_level":0.95,"lower_bound":210011.66184485104,"upper_bound":949940.9144721887},"point_estimate":607936.5322994691,"standard_error":204237.73289164028}}