{"mean":{"confidence_interval":{"confidence_level":0.95,"lower_bound":29969116.117375,"upper_bound":30006158.219875},"point_estimate":29986832.13,"standard_error":9456.690056615907},"median":{"confidence_interval":{"confidence_level":0.95,"lower_bound":29953965.5,"upper_bound":30001491.25},"point_estimate":29976288.25,"standard_error":10538.87192128276},"median_abs_dev":{"confidence_interval":{"confidence_level":0.95,"lower_bound":62856.06756158182,"upper_bound":98578.97107612337},"point_estimate":80748.32496643066,"standard_error":9228.289707223408},"slope":null,"std_dev":{"confidence_interval":{"confidence_level":0.95,"lower_bound":70005.93299953356,"upper_bound":120081.11107298378},"point_estimate":95338.65881371037,"standard_error":12945.833782473452}}