{"mean":{"confidence_interval":{"confidence_level":0.95,"lower_bound":29774042.003625,"upper_bound":29813702.978499997},"point_estimate":29791786.43,"standard_error":10138.518509188083},"median":{"confidence_interval":{"confidence_level":0.95,"lower_bound":29760367.0,"upper_bound":29796786.0},"point_estimate":29775405.5,"standard_error":9531.252278205573},"median_abs_dev":{"confidence_interval":{"confidence_level":0.95,"lower_bound":54255.37538677454,"upper_bound":86608.30136239529},"point_estimate":68032.80629217625,"standard_error":8406.396040809694},"slope":null,"std_dev":{"confidence_interval":{"confidence_level":0.95,"lower_bound":59846.662403228744,"upper_bound":148426.60581798895},"point_estimate":101748.62195954678,"standard_error":26913.275104236825}}