{"mean":{"confidence_interval":{"confidence_level":0.95,"lower_bound":31036079.088375,"upper_bound":31117425.321375},"point_estimate":31071409.92,"standard_error":21002.103543361784},"median":{"confidence_interval":{"confidence_level":0.95,"lower_bound":31017058.25,"upper_bound":31044760.5},"point_estimate":31025916.25,"standard_error":6269.232777596382},"median_abs_dev":{"confidence_interval":{"confidence_level":0.95,"lower_bound":43856.78982138634,"upper_bound":75661.153806746},"point_estimate":57790.635024011135,"standard_error":8385.406914595484},"slope":null,"std_dev":{"confidence_interval":{"confidence_level":0.95,"lower_bound":82509.78252165213,"upper_bound":321589.61809706833},"point_estimate":210855.1425145996,"standard_error":64224.92330992302}}