{"mean":{"confidence_interval":{"confidence_level":0.95,"lower_bound":30094234.39425,"upper_bound":30123676.09325},"point_estimate":30108517.47,"standard_error":7497.486609777845},"median":{"confidence_interval":{"confidence_level":0.95,"lower_bound":30078889.0,"upper_bound":30113257.0},"point_estimate":30098339.0,"standard_error":9277.421711819306},"median_abs_dev":{"confidence_interval":{"confidence_level":0.95,"lower_bound":50038.86106163263,"upper_bound":83775.31226769084},"point_estimate":69702.95516252518,"standard_error":8900.624871520324},"slope":null,"std_dev":{"confidence_interval":{"confidence_level":0.95,"lower_bound":59248.974033786326,"upper_bound":92590.19829488912},"point_estimate":75313.38954047179,"standard_error":8732.434959821983}}