{"mean":{"confidence_interval":{"confidence_level":0.95,"lower_bound":49681886.219166666,"upper_bound":50054514.562619045},"point_estimate":49837114.58706349,"standard_error":98608.8749508081},"median":{"confidence_interval":{"confidence_level":0.95,"lower_bound":49633306.0125,"upper_bound":49917519.30208333},"point_estimate":49748511.9,"standard_error":79684.75800677785},"median_abs_dev":{"confidence_interval":{"confidence_level":0.95,"lower_bound":36756.099637446576,"upper_bound":325571.30735745124},"point_estimate":175052.34653969918,"standard_error":73743.03840225402},"slope":{"confidence_interval":{"confidence_level":0.95,"lower_bound":49678000.88075889,"upper_bound":50320101.14107921},"point_estimate":49950128.25584415,"standard_error":177049.38798563986},"std_dev":{"confidence_interval":{"confidence_level":0.95,"lower_bound":93686.60977637679,"upper_bound":488434.0535833824},"point_estimate":329247.6652799317,"standard_error":125518.52177718395}}