{"mean":{"confidence_interval":{"confidence_level":0.95,"lower_bound":0.02323220783703875,"upper_bound":0.026535481692932565},"point_estimate":0.024865784211376418,"standard_error":0.0008295776975991893},"median":{"confidence_interval":{"confidence_level":0.95,"lower_bound":0.02297669694508575,"upper_bound":0.02682889524040455},"point_estimate":0.024942428235272374,"standard_error":0.0009445467585416788}}