{"mean":{"confidence_interval":{"confidence_level":0.95,"lower_bound":997805.46999293,"upper_bound":1019691.2933662358},"point_estimate":1007316.2836812246,"standard_error":5581.14051206137},"median":{"confidence_interval":{"confidence_level":0.95,"lower_bound":995956.2790697674,"upper_bound":996555.5789473684},"point_estimate":996304.8720890412,"standard_error":160.92733931797275},"median_abs_dev":{"confidence_interval":{"confidence_level":0.95,"lower_bound":1008.7538031814468,"upper_bound":1721.4310233718254},"point_estimate":1348.1498717805796,"standard_error":186.5739806111786},"slope":{"confidence_interval":{"confidence_level":0.95,"lower_bound":996484.3556301718,"upper_bound":998443.0319338334},"point_estimate":997299.5033545146,"standard_error":501.7580002622546},"std_dev":{"confidence_interval":{"confidence_level":0.95,"lower_bound":9889.832847701513,"upper_bound":83876.60853918463},"point_estimate":56078.78394264168,"standard_error":17750.598785462927}}