{"mean":{"confidence_interval":{"confidence_level":0.95,"lower_bound":-0.00938797848377035,"upper_bound":0.009383966378381988},"point_estimate":-0.0009112461507070346,"standard_error":0.004915533252058718},"median":{"confidence_interval":{"confidence_level":0.95,"lower_bound":-0.006830444877817032,"upper_bound":-0.005437241644114965},"point_estimate":-0.00627415231832551,"standard_error":0.0003382749854881974}}