{"mean":{"confidence_interval":{"confidence_level":0.95,"lower_bound":0.042403190459037884,"upper_bound":0.046656034113044455},"point_estimate":0.044494033725511306,"standard_error":0.0010777098233406247},"median":{"confidence_interval":{"confidence_level":0.95,"lower_bound":0.042559915753336286,"upper_bound":0.044594391289900503},"point_estimate":0.04340950279260514,"standard_error":0.0005371568942285477}}