{"mean":{"confidence_interval":{"confidence_level":0.95,"lower_bound":-0.0033215405200093745,"upper_bound":0.0026128278618633887},"point_estimate":-0.0007460555060719853,"standard_error":0.0014827083636027418},"median":{"confidence_interval":{"confidence_level":0.95,"lower_bound":-0.0029352246312199792,"upper_bound":-0.0009746772118526259},"point_estimate":-0.002124666545170406,"standard_error":0.0005284415295047846}}