{"mean":{"confidence_interval":{"confidence_level":0.95,"lower_bound":-0.06099099691521102,"upper_bound":-0.05065372463582093},"point_estimate":-0.05576269387963839,"standard_error":0.0026220123941579675},"median":{"confidence_interval":{"confidence_level":0.95,"lower_bound":-0.05565990307746468,"upper_bound":-0.05427523431684178},"point_estimate":-0.05509262095343115,"standard_error":0.0003514565771964058}}