{"mean":{"confidence_interval":{"confidence_level":0.95,"lower_bound":-0.007627779214274038,"upper_bound":-0.0037202735936738463},"point_estimate":-0.005597810004626225,"standard_error":0.0009862561834675235},"median":{"confidence_interval":{"confidence_level":0.95,"lower_bound":-0.007579743420844781,"upper_bound":-0.005765801120086955},"point_estimate":-0.006845097868290795,"standard_error":0.0004950932171329148}}