{"mean":{"confidence_interval":{"confidence_level":0.95,"lower_bound":0.001641782339658299,"upper_bound":0.008415215126937426},"point_estimate":0.004427093064849563,"standard_error":0.0017272547546888554},"median":{"confidence_interval":{"confidence_level":0.95,"lower_bound":0.0016414888881011948,"upper_bound":0.0035670879765634655},"point_estimate":0.002522824419948222,"standard_error":0.0005203814650868294}}