{"mean":{"confidence_interval":{"confidence_level":0.95,"lower_bound":-0.0030562846719642545,"upper_bound":0.002102216029544593},"point_estimate":-0.0004985487179416381,"standard_error":0.0013056217660415538},"median":{"confidence_interval":{"confidence_level":0.95,"lower_bound":0.0009159923895298849,"upper_bound":0.0031171187748135765},"point_estimate":0.002057729164260058,"standard_error":0.0005483589014587988}}