{"mean":{"confidence_interval":{"confidence_level":0.95,"lower_bound":0.002743825059670024,"upper_bound":0.006419999801531455},"point_estimate":0.004654264864213609,"standard_error":0.0009236005967464088},"median":{"confidence_interval":{"confidence_level":0.95,"lower_bound":0.0035135895037152753,"upper_bound":0.0052817794026158715},"point_estimate":0.004274583794815934,"standard_error":0.0004944645774568057}}