{"mean":{"confidence_interval":{"confidence_level":0.95,"lower_bound":-0.009579384635560817,"upper_bound":-0.0035945740178080082},"point_estimate":-0.006825177966405915,"standard_error":0.0015048599050493518},"median":{"confidence_interval":{"confidence_level":0.95,"lower_bound":-0.009834824178768575,"upper_bound":-0.007863479860393485},"point_estimate":-0.008974998607194085,"standard_error":0.0005158736152411224}}