{"mean":{"confidence_interval":{"confidence_level":0.95,"lower_bound":0.0014343296394676356,"upper_bound":0.004904430100672218},"point_estimate":0.003317838620039426,"standard_error":0.0008837441389522667},"median":{"confidence_interval":{"confidence_level":0.95,"lower_bound":0.0021564137440026943,"upper_bound":0.00422751448679648},"point_estimate":0.0030945148821177604,"standard_error":0.0005496991389913134}}