{"mean":{"confidence_interval":{"confidence_level":0.95,"lower_bound":-0.0066328777189887025,"upper_bound":-0.0012177447029716492},"point_estimate":-0.00419074195831437,"standard_error":0.0013752645954373513},"median":{"confidence_interval":{"confidence_level":0.95,"lower_bound":-0.005709021743984659,"upper_bound":-0.0034138836535456685},"point_estimate":-0.004615176527039244,"standard_error":0.0005926022932939573}}