{"mean":{"confidence_interval":{"confidence_level":0.95,"lower_bound":-0.024583093784457073,"upper_bound":-0.020333728144718857},"point_estimate":-0.022443820269877013,"standard_error":0.0010740587261161693},"median":{"confidence_interval":{"confidence_level":0.95,"lower_bound":-0.02411569905235167,"upper_bound":-0.022022201788879814},"point_estimate":-0.023081914525301395,"standard_error":0.0005497411287275696}}