{"mean":{"confidence_interval":{"confidence_level":0.95,"lower_bound":0.04116840870091156,"upper_bound":0.04516614555905663},"point_estimate":0.04320789563668548,"standard_error":0.0010078229680774823},"median":{"confidence_interval":{"confidence_level":0.95,"lower_bound":0.04214590304517718,"upper_bound":0.04395346545965784},"point_estimate":0.0429265973960502,"standard_error":0.0005081832282631735}}