{"mean":{"confidence_interval":{"confidence_level":0.95,"lower_bound":-0.032560146760316155,"upper_bound":-0.027435905896878658},"point_estimate":-0.030160970437825174,"standard_error":0.0012962567422761316},"median":{"confidence_interval":{"confidence_level":0.95,"lower_bound":-0.03174771604875659,"upper_bound":-0.029960363788708144},"point_estimate":-0.030921722527835205,"standard_error":0.0004905857730434377}}