{"mean":{"confidence_interval":{"confidence_level":0.95,"lower_bound":-0.0027703386509853184,"upper_bound":0.0034399250302282434},"point_estimate":-0.00017993232065804943,"standard_error":0.0015475201287527772},"median":{"confidence_interval":{"confidence_level":0.95,"lower_bound":-0.002261097312864835,"upper_bound":0.0000466195196400232},"point_estimate":-0.0011192826549737411,"standard_error":0.0006022337620897695}}