{"mean":{"confidence_interval":{"confidence_level":0.95,"lower_bound":-0.005756257849506519,"upper_bound":-0.0018953586190534786},"point_estimate":-0.0037762114818893355,"standard_error":0.0009716707823207091},"median":{"confidence_interval":{"confidence_level":0.95,"lower_bound":-0.004672413830553723,"upper_bound":-0.002851441242275654},"point_estimate":-0.003862161266838249,"standard_error":0.0004969305860978191}}