{"mean":{"confidence_interval":{"confidence_level":0.95,"lower_bound":-0.02896262373092352,"upper_bound":-0.02503665285445513},"point_estimate":-0.027040332190975347,"standard_error":0.0009789402524884036},"median":{"confidence_interval":{"confidence_level":0.95,"lower_bound":-0.028029281216060853,"upper_bound":-0.02612107061432064},"point_estimate":-0.02711589555178262,"standard_error":0.0005030124064455036}}