{"mean":{"confidence_interval":{"confidence_level":0.95,"lower_bound":569572.0538850316,"upper_bound":572438.9499958089},"point_estimate":570719.170215344,"standard_error":753.0476430334173},"median":{"confidence_interval":{"confidence_level":0.95,"lower_bound":569096.4734848485,"upper_bound":569868.4181818182},"point_estimate":569504.2398648649,"standard_error":199.78394220968315},"median_abs_dev":{"confidence_interval":{"confidence_level":0.95,"lower_bound":1456.3006718727518,"upper_bound":2377.540584141595},"point_estimate":2091.876513703796,"standard_error":244.21352185096694},"slope":{"confidence_interval":{"confidence_level":0.95,"lower_bound":569587.7284090385,"upper_bound":570790.0500648785},"point_estimate":570138.8007536575,"standard_error":309.7408814203333},"std_dev":{"confidence_interval":{"confidence_level":0.95,"lower_bound":1950.0825746550615,"upper_bound":12293.52136785064},"point_estimate":7538.183116494785,"standard_error":3082.3380557673236}}