{"mean":{"confidence_interval":{"confidence_level":0.95,"lower_bound":529967.555976542,"upper_bound":532914.7822224441},"point_estimate":531197.783468105,"standard_error":766.1655122853836},"median":{"confidence_interval":{"confidence_level":0.95,"lower_bound":529261.6416666667,"upper_bound":529817.1764705882},"point_estimate":529513.2133699635,"standard_error":169.55226736782006},"median_abs_dev":{"confidence_interval":{"confidence_level":0.95,"lower_bound":723.4004854164622,"upper_bound":1399.6567418177156},"point_estimate":989.7428532618715,"standard_error":171.38348927619066},"slope":{"confidence_interval":{"confidence_level":0.95,"lower_bound":529535.1637259695,"upper_bound":531334.6255370078},"point_estimate":530250.995940594,"standard_error":471.95077366471975},"std_dev":{"confidence_interval":{"confidence_level":0.95,"lower_bound":1869.4645733212983,"upper_bound":12144.80644015084},"point_estimate":7666.833144751238,"standard_error":2721.2768338470814}}