{"mean":{"confidence_interval":{"confidence_level":0.95,"lower_bound":570146.1373629811,"upper_bound":572006.6090182039},"point_estimate":570971.4758001454,"standard_error":478.2340517615101},"median":{"confidence_interval":{"confidence_level":0.95,"lower_bound":569306.397173913,"upper_bound":570076.925},"point_estimate":569653.4134963768,"standard_error":192.46491272217824},"median_abs_dev":{"confidence_interval":{"confidence_level":0.95,"lower_bound":1105.38262492884,"upper_bound":2087.4235441907663},"point_estimate":1439.1953748623878,"standard_error":253.21967336638767},"slope":{"confidence_interval":{"confidence_level":0.95,"lower_bound":570527.6926666979,"upper_bound":571934.5159730482},"point_estimate":571196.7298108467,"standard_error":356.4756184126854},"std_dev":{"confidence_interval":{"confidence_level":0.95,"lower_bound":2288.439839317701,"upper_bound":6898.358956331349},"point_estimate":4802.728229822301,"standard_error":1228.382859864185}}