{"mean":{"confidence_interval":{"confidence_level":0.95,"lower_bound":558985.8718658227,"upper_bound":560954.7845706998},"point_estimate":559851.7219291441,"standard_error":505.84567741882444},"median":{"confidence_interval":{"confidence_level":0.95,"lower_bound":558365.9384689922,"upper_bound":559605.3375},"point_estimate":559031.5259146341,"standard_error":341.95016426910877},"median_abs_dev":{"confidence_interval":{"confidence_level":0.95,"lower_bound":1878.3915183192441,"upper_bound":2978.6032755839324},"point_estimate":2218.3541099913764,"standard_error":272.83170915876633},"slope":{"confidence_interval":{"confidence_level":0.95,"lower_bound":558020.565831743,"upper_bound":561401.3525099421},"point_estimate":559255.146986848,"standard_error":935.4289631196586},"std_dev":{"confidence_interval":{"confidence_level":0.95,"lower_bound":2200.442652596053,"upper_bound":7589.571811703274},"point_estimate":5113.443090294028,"standard_error":1444.2558187206039}}