{"mean":{"confidence_interval":{"confidence_level":0.95,"lower_bound":741641.7716162362,"upper_bound":744951.4800401853},"point_estimate":742974.3756899197,"standard_error":871.532886233455},"median":{"confidence_interval":{"confidence_level":0.95,"lower_bound":740948.7083333334,"upper_bound":742286.8185823755},"point_estimate":741693.0043507363,"standard_error":318.8548064937338},"median_abs_dev":{"confidence_interval":{"confidence_level":0.95,"lower_bound":1742.7080284192311,"upper_bound":3062.5596725042114},"point_estimate":2297.060192229017,"standard_error":334.8809211730765},"slope":{"confidence_interval":{"confidence_level":0.95,"lower_bound":741268.5176710596,"upper_bound":742708.2948579367},"point_estimate":741951.163616078,"standard_error":367.0381780455637},"std_dev":{"confidence_interval":{"confidence_level":0.95,"lower_bound":3000.4025665976633,"upper_bound":14277.756174585027},"point_estimate":8793.560460868806,"standard_error":3689.711555370976}}