{"mean":{"confidence_interval":{"confidence_level":0.95,"lower_bound":743153.9034817569,"upper_bound":745162.2540230836},"point_estimate":744086.7892021817,"standard_error":511.95588433207274},"median":{"confidence_interval":{"confidence_level":0.95,"lower_bound":743925.2011471519,"upper_bound":745230.0135135135},"point_estimate":744677.9310897436,"standard_error":373.958997826738},"median_abs_dev":{"confidence_interval":{"confidence_level":0.95,"lower_bound":1428.410187852867,"upper_bound":2560.889570768836},"point_estimate":1735.1278093306796,"standard_error":295.87774244849885},"slope":{"confidence_interval":{"confidence_level":0.95,"lower_bound":743117.5640995381,"upper_bound":744353.291646934},"point_estimate":743757.4546638096,"standard_error":315.3669761493816},"std_dev":{"confidence_interval":{"confidence_level":0.95,"lower_bound":3090.5632407200087,"upper_bound":7464.50817449817},"point_estimate":5140.818674592744,"standard_error":1272.6755059106029}}