{"mean":{"confidence_interval":{"confidence_level":0.95,"lower_bound":-0.01878197522698842,"upper_bound":-0.007198503369093404},"point_estimate":-0.013378838088718426,"standard_error":0.0030947131901654774},"median":{"confidence_interval":{"confidence_level":0.95,"lower_bound":-0.019384300673099,"upper_bound":-0.017781615224371494},"point_estimate":-0.01856878150875163,"standard_error":0.0003910351778779664}}