{"mean":{"confidence_interval":{"confidence_level":0.95,"lower_bound":0.01259470928998196,"upper_bound":0.018273006132135484},"point_estimate":0.01494754414454147,"standard_error":0.0014850591190744581},"median":{"confidence_interval":{"confidence_level":0.95,"lower_bound":0.013049812219676493,"upper_bound":0.014800882605325638},"point_estimate":0.013831778182628263,"standard_error":0.00043295048311541365}}