{"mean":{"confidence_interval":{"confidence_level":0.95,"lower_bound":-0.022718829632353988,"upper_bound":-0.014104962055218412},"point_estimate":-0.018454338283100613,"standard_error":0.0022339945905548884},"median":{"confidence_interval":{"confidence_level":0.95,"lower_bound":-0.02368515110317715,"upper_bound":-0.021948141141745755},"point_estimate":-0.02281110863086988,"standard_error":0.00043311021833122604}}