{"mean":{"confidence_interval":{"confidence_level":0.95,"lower_bound":-0.013862191628297943,"upper_bound":-0.004611519936886175},"point_estimate":-0.010207732138507453,"standard_error":0.0024912619478426796},"median":{"confidence_interval":{"confidence_level":0.95,"lower_bound":-0.0144643930066235,"upper_bound":-0.011937186437291136},"point_estimate":-0.013378500838644114,"standard_error":0.0006364842062866787}}