{"mean":{"confidence_interval":{"confidence_level":0.95,"lower_bound":-0.021479560804892862,"upper_bound":-0.018342318721300953},"point_estimate":-0.01990052578039514,"standard_error":0.0007850512509749921},"median":{"confidence_interval":{"confidence_level":0.95,"lower_bound":-0.020806146976115936,"upper_bound":-0.019047538226865838},"point_estimate":-0.019946671632763424,"standard_error":0.0004326005804283362}}