{"mean":{"confidence_interval":{"confidence_level":0.95,"lower_bound":0.10582032604972805,"upper_bound":0.10887608227899895},"point_estimate":0.10747114878797692,"standard_error":0.0007742430840572297},"median":{"confidence_interval":{"confidence_level":0.95,"lower_bound":0.10654642034104889,"upper_bound":0.10830540647456388},"point_estimate":0.10737375791061243,"standard_error":0.000421723973707237}}