{"mean":{"confidence_interval":{"confidence_level":0.95,"lower_bound":-0.00508421010994814,"upper_bound":-0.0014836261365079322},"point_estimate":-0.0033035608503150238,"standard_error":0.0009103462543058131},"median":{"confidence_interval":{"confidence_level":0.95,"lower_bound":-0.004693774388279115,"upper_bound":-0.003071298856805682},"point_estimate":-0.0038782725340905655,"standard_error":0.000392698980876437}}