{"mean":{"confidence_interval":{"confidence_level":0.95,"lower_bound":-0.007623427706697758,"upper_bound":0.0018648332628960242},"point_estimate":-0.0037531962506053285,"standard_error":0.0023939005767856037},"median":{"confidence_interval":{"confidence_level":0.95,"lower_bound":-0.008776554276677229,"upper_bound":-0.006201760338321538},"point_estimate":-0.007680016170458437,"standard_error":0.0006685200269298053}}