{"mean":{"confidence_interval":{"confidence_level":0.95,"lower_bound":-0.018272164098793984,"upper_bound":-0.014201518993606515},"point_estimate":-0.01639320644991582,"standard_error":0.001042768010557526},"median":{"confidence_interval":{"confidence_level":0.95,"lower_bound":-0.017622396796583728,"upper_bound":-0.014637366108519238},"point_estimate":-0.0166277872055276,"standard_error":0.0008287596179886593}}