{"mean":{"confidence_interval":{"confidence_level":0.95,"lower_bound":-0.014219424919342805,"upper_bound":-0.010903623451670839},"point_estimate":-0.012558160452212697,"standard_error":0.0008413783197470183},"median":{"confidence_interval":{"confidence_level":0.95,"lower_bound":-0.014036063615813226,"upper_bound":-0.01211113569366129},"point_estimate":-0.013051160035058462,"standard_error":0.00048502077180800435}}