{"mean":{"confidence_interval":{"confidence_level":0.95,"lower_bound":-0.01662970243256354,"upper_bound":-0.01312163647857404},"point_estimate":-0.0149357851369456,"standard_error":0.0008838329619830434},"median":{"confidence_interval":{"confidence_level":0.95,"lower_bound":-0.016174859150127507,"upper_bound":-0.014206855207369973},"point_estimate":-0.015305511857611753,"standard_error":0.0004960230652795946}}