{"mean":{"confidence_interval":{"confidence_level":0.95,"lower_bound":-0.028131683213759053,"upper_bound":-0.023070034805778898},"point_estimate":-0.026050709692885032,"standard_error":0.0012584902779238395},"median":{"confidence_interval":{"confidence_level":0.95,"lower_bound":-0.028249726000633035,"upper_bound":-0.02660713022738348},"point_estimate":-0.02737438484090382,"standard_error":0.00040287019751347687}}