{"mean":{"confidence_interval":{"confidence_level":0.95,"lower_bound":-0.025157882721396033,"upper_bound":-0.022163019064641586},"point_estimate":-0.023612159113518993,"standard_error":0.0007582910516707635},"median":{"confidence_interval":{"confidence_level":0.95,"lower_bound":-0.024839033466536486,"upper_bound":-0.023228040612847556},"point_estimate":-0.024073451204027707,"standard_error":0.0003927122312705382}}