{"mean":{"confidence_interval":{"confidence_level":0.95,"lower_bound":-0.018354805251358186,"upper_bound":-0.014574305963121485},"point_estimate":-0.01651328697789034,"standard_error":0.0009601052885683155},"median":{"confidence_interval":{"confidence_level":0.95,"lower_bound":-0.018217886975678832,"upper_bound":-0.016635608686642017},"point_estimate":-0.017470406788154147,"standard_error":0.0003835582455987104}}