{"mean":{"confidence_interval":{"confidence_level":0.95,"lower_bound":-0.026460658277390157,"upper_bound":-0.022187416854818516},"point_estimate":-0.024553476513447525,"standard_error":0.0010980751346246734},"median":{"confidence_interval":{"confidence_level":0.95,"lower_bound":-0.026286856986687,"upper_bound":-0.02474060789926069},"point_estimate":-0.025569697932050883,"standard_error":0.00037367284885479263}}