{"mean":{"confidence_interval":{"confidence_level":0.95,"lower_bound":-0.004622912984279439,"upper_bound":0.0005826011449734103},"point_estimate":-0.002113153607088303,"standard_error":0.0012996907055233223},"median":{"confidence_interval":{"confidence_level":0.95,"lower_bound":-0.003066834160084888,"upper_bound":-0.0015080180402520238},"point_estimate":-0.0023236103325876556,"standard_error":0.0003897677183502622}}