{"mean":{"confidence_interval":{"confidence_level":0.95,"lower_bound":-0.016022202263062772,"upper_bound":-0.010299588754497421},"point_estimate":-0.013742045160519911,"standard_error":0.0014636424517706088},"median":{"confidence_interval":{"confidence_level":0.95,"lower_bound":-0.015721157155295984,"upper_bound":-0.014044933439909424},"point_estimate":-0.014891995293721871,"standard_error":0.00041687945350590236}}