{"mean":{"confidence_interval":{"confidence_level":0.95,"lower_bound":-0.03547664870704891,"upper_bound":-0.02384013063756794},"point_estimate":-0.03042223003123412,"standard_error":0.0030474333473127454},"median":{"confidence_interval":{"confidence_level":0.95,"lower_bound":-0.036230287701420005,"upper_bound":-0.03470651684464643},"point_estimate":-0.03553011924352145,"standard_error":0.00038743545231551056}}