{"mean":{"confidence_interval":{"confidence_level":0.95,"lower_bound":-0.02487783609128324,"upper_bound":-0.019941568623728735},"point_estimate":-0.022709925130287467,"standard_error":0.0012920071785642},"median":{"confidence_interval":{"confidence_level":0.95,"lower_bound":-0.024363499997547167,"upper_bound":-0.022634205903785842},"point_estimate":-0.023464400109416528,"standard_error":0.00042490301688614544}}