{"mean":{"confidence_interval":{"confidence_level":0.95,"lower_bound":-0.03274199137396976,"upper_bound":-0.028324339017712332},"point_estimate":-0.03071991730831214,"standard_error":0.0011214979936685458},"median":{"confidence_interval":{"confidence_level":0.95,"lower_bound":-0.033692373375482906,"upper_bound":-0.03197094443741544},"point_estimate":-0.03290412108503726,"standard_error":0.0004270020935736203}}