{"mean":{"confidence_interval":{"confidence_level":0.95,"lower_bound":0.010765875020921916,"upper_bound":0.01458842947553935},"point_estimate":0.012683559626361252,"standard_error":0.0009603779727700867},"median":{"confidence_interval":{"confidence_level":0.95,"lower_bound":0.008606416936258299,"upper_bound":0.013328240306210937},"point_estimate":0.011661966039654192,"standard_error":0.00122788545610331}}