{"mean":{"confidence_interval":{"confidence_level":0.95,"lower_bound":0.04138335553250733,"upper_bound":0.044377471211960326},"point_estimate":0.04283360983117901,"standard_error":0.0007587034173010341},"median":{"confidence_interval":{"confidence_level":0.95,"lower_bound":0.040158610215203394,"upper_bound":0.04331484503955241},"point_estimate":0.04150013719901802,"standard_error":0.0007431326348684164}}