{"mean":{"confidence_interval":{"confidence_level":0.95,"lower_bound":0.04454662165056207,"upper_bound":0.048427181536376804},"point_estimate":0.046490632853066316,"standard_error":0.0009916517886263642},"median":{"confidence_interval":{"confidence_level":0.95,"lower_bound":0.04460762242216787,"upper_bound":0.04927869631455441},"point_estimate":0.04671287487796061,"standard_error":0.0012649636812054757}}