{"mean":{"confidence_interval":{"confidence_level":0.95,"lower_bound":0.055805784295133706,"upper_bound":0.059434166630715685},"point_estimate":0.057585222972335925,"standard_error":0.0009260329462027702},"median":{"confidence_interval":{"confidence_level":0.95,"lower_bound":0.05663410629286378,"upper_bound":0.0594192908460045},"point_estimate":0.05832456486131021,"standard_error":0.000690933729752455}}