{"mean":{"confidence_interval":{"confidence_level":0.95,"lower_bound":-0.007382816616527046,"upper_bound":-0.004596925247242129},"point_estimate":-0.005982094647243641,"standard_error":0.0007095236010530583},"median":{"confidence_interval":{"confidence_level":0.95,"lower_bound":-0.008007011833036759,"upper_bound":-0.0046664907214206686},"point_estimate":-0.006509668529482315,"standard_error":0.0008497894836548363}}