{"mean":{"confidence_interval":{"confidence_level":0.95,"lower_bound":0.026805268894637923,"upper_bound":0.029776968863527088},"point_estimate":0.028285565905643795,"standard_error":0.0007577235534900483},"median":{"confidence_interval":{"confidence_level":0.95,"lower_bound":0.026011663045293343,"upper_bound":0.02982999104747064},"point_estimate":0.027563728242653074,"standard_error":0.000936315375883645}}