{"mean":{"confidence_interval":{"confidence_level":0.95,"lower_bound":0.026828468487497807,"upper_bound":0.02919551349460755},"point_estimate":0.02803848685454402,"standard_error":0.0006022912208816848},"median":{"confidence_interval":{"confidence_level":0.95,"lower_bound":0.02683136049237483,"upper_bound":0.029733725329127214},"point_estimate":0.028594527648448498,"standard_error":0.0007428926292212136}}