{"mean":{"confidence_interval":{"confidence_level":0.95,"lower_bound":0.005405472678773894,"upper_bound":0.01564037477387477},"point_estimate":0.01002728558054633,"standard_error":0.002584095931891279},"median":{"confidence_interval":{"confidence_level":0.95,"lower_bound":0.003483333121046872,"upper_bound":0.008745083223645977},"point_estimate":0.007463849337493,"standard_error":0.001533811985694635}}