{"mean":{"confidence_interval":{"confidence_level":0.95,"lower_bound":0.02238189691555781,"upper_bound":0.03078040788792577},"point_estimate":0.02589850574044572,"standard_error":0.0021468510077742122},"median":{"confidence_interval":{"confidence_level":0.95,"lower_bound":0.020084291079514482,"upper_bound":0.023189241630123803},"point_estimate":0.021584713834858604,"standard_error":0.0007738094794389047}}