{"mean":{"confidence_interval":{"confidence_level":0.95,"lower_bound":0.09427219939764744,"upper_bound":0.09782949006499657},"point_estimate":0.09611797946827494,"standard_error":0.0009113545978100344},"median":{"confidence_interval":{"confidence_level":0.95,"lower_bound":0.09381946830268273,"upper_bound":0.09834230426548807},"point_estimate":0.09575748130653072,"standard_error":0.0011011075399751605}}