{"mean":{"confidence_interval":{"confidence_level":0.95,"lower_bound":-0.025666209136975128,"upper_bound":-0.022037330877492285},"point_estimate":-0.023896030567698068,"standard_error":0.0009343127728219869},"median":{"confidence_interval":{"confidence_level":0.95,"lower_bound":-0.026195122015016392,"upper_bound":-0.02124854659470521},"point_estimate":-0.02350528724407852,"standard_error":0.0012005610868204891}}