{"mean":{"confidence_interval":{"confidence_level":0.95,"lower_bound":0.05151884297731879,"upper_bound":0.06548253872711145},"point_estimate":0.05697826249091187,"standard_error":0.003682106233468331},"median":{"confidence_interval":{"confidence_level":0.95,"lower_bound":0.04909043490756004,"upper_bound":0.053528809089476104},"point_estimate":0.05091218784335849,"standard_error":0.0011826149547774756}}