{"mean":{"confidence_interval":{"confidence_level":0.95,"lower_bound":0.015698802408539027,"upper_bound":0.01958318894849299},"point_estimate":0.01766186336446074,"standard_error":0.0009881682548499022},"median":{"confidence_interval":{"confidence_level":0.95,"lower_bound":0.016409924422814637,"upper_bound":0.02054144815470016},"point_estimate":0.018961943813908366,"standard_error":0.001062897426340117}}