{"mean":{"confidence_interval":{"confidence_level":0.95,"lower_bound":0.03680701835428636,"upper_bound":0.03960353712929619},"point_estimate":0.038259324910136616,"standard_error":0.0007165272474528137},"median":{"confidence_interval":{"confidence_level":0.95,"lower_bound":0.0363060411112317,"upper_bound":0.03935457049622071},"point_estimate":0.03799429390686204,"standard_error":0.0007504527009446809}}