{"mean":{"confidence_interval":{"confidence_level":0.95,"lower_bound":0.037251848829722475,"upper_bound":0.0457215997430751},"point_estimate":0.040924081370818266,"standard_error":0.0022103321030238128},"median":{"confidence_interval":{"confidence_level":0.95,"lower_bound":0.0364125084810194,"upper_bound":0.03901973661553737},"point_estimate":0.0378624904484568,"standard_error":0.0006296529629658243}}