{"mean":{"confidence_interval":{"confidence_level":0.95,"lower_bound":0.07088309182951845,"upper_bound":0.07577858258666437},"point_estimate":0.0732153267251574,"standard_error":0.0012717508472375313},"median":{"confidence_interval":{"confidence_level":0.95,"lower_bound":0.06776001250432673,"upper_bound":0.07095066169987163},"point_estimate":0.06926326189799292,"standard_error":0.0008048198153812652}}