{"mean":{"confidence_interval":{"confidence_level":0.95,"lower_bound":0.02426695362072508,"upper_bound":0.026948335584535764},"point_estimate":0.025595587821942045,"standard_error":0.0006839860930680585},"median":{"confidence_interval":{"confidence_level":0.95,"lower_bound":0.024079036459841774,"upper_bound":0.02704325739175828},"point_estimate":0.025530344743264655,"standard_error":0.0007091839337504832}}