{"mean":{"confidence_interval":{"confidence_level":0.95,"lower_bound":0.022177546318733744,"upper_bound":0.026151632862929673},"point_estimate":0.024017853378977883,"standard_error":0.0009997386309410926},"median":{"confidence_interval":{"confidence_level":0.95,"lower_bound":0.021483596148132555,"upper_bound":0.02777877512214677},"point_estimate":0.024218778230781224,"standard_error":0.001642927109689716}}