{"mean":{"confidence_interval":{"confidence_level":0.95,"lower_bound":-0.019857166398755014,"upper_bound":-0.017134623713537387},"point_estimate":-0.01854792730754562,"standard_error":0.0006895260439604711},"median":{"confidence_interval":{"confidence_level":0.95,"lower_bound":-0.020260443247004267,"upper_bound":-0.017795464966749552},"point_estimate":-0.018952843963218502,"standard_error":0.0006041775243240458}}