{"mean":{"confidence_interval":{"confidence_level":0.95,"lower_bound":0.0035710330507995936,"upper_bound":0.0066220682473471125},"point_estimate":0.005119635537442102,"standard_error":0.0007798506902079821},"median":{"confidence_interval":{"confidence_level":0.95,"lower_bound":0.0020540202056701976,"upper_bound":0.00567742338381394},"point_estimate":0.004142024331499128,"standard_error":0.0009366829388954608}}