{"mean":{"confidence_interval":{"confidence_level":0.95,"lower_bound":31409434.684125,"upper_bound":31519399.528},"point_estimate":31465288.81,"standard_error":28042.151949972078},"median":{"confidence_interval":{"confidence_level":0.95,"lower_bound":31485232.75,"upper_bound":31599777.5},"point_estimate":31545741.25,"standard_error":28584.873732150612},"median_abs_dev":{"confidence_interval":{"confidence_level":0.95,"lower_bound":143302.5537058711,"upper_bound":306021.97796702385},"point_estimate":207004.6854749322,"standard_error":42230.20097666097},"slope":null,"std_dev":{"confidence_interval":{"confidence_level":0.95,"lower_bound":244271.44554357498,"upper_bound":312644.0759585679},"point_estimate":281760.01310465665,"standard_error":17424.60413917374}}