{"mean":{"confidence_interval":{"confidence_level":0.95,"lower_bound":31015219.463875003,"upper_bound":31079144.203625},"point_estimate":31046443.2,"standard_error":16345.839671952126},"median":{"confidence_interval":{"confidence_level":0.95,"lower_bound":30970942.5,"upper_bound":31043420.5},"point_estimate":31012179.5,"standard_error":20321.858108990204},"median_abs_dev":{"confidence_interval":{"confidence_level":0.95,"lower_bound":110825.08933246136,"upper_bound":197509.37394350767},"point_estimate":155993.2388305664,"standard_error":22339.47680662616},"slope":null,"std_dev":{"confidence_interval":{"confidence_level":0.95,"lower_bound":135882.2689233145,"upper_bound":191419.89969139322},"point_estimate":164354.96731830784,"standard_error":14235.000557740741}}