{"mean":{"confidence_interval":{"confidence_level":0.95,"lower_bound":32530490.295500003,"upper_bound":32652203.825499997},"point_estimate":32592151.125,"standard_error":30956.001951404916},"median":{"confidence_interval":{"confidence_level":0.95,"lower_bound":32550449.0,"upper_bound":32703420.75},"point_estimate":32614762.25,"standard_error":41253.810829273156},"median_abs_dev":{"confidence_interval":{"confidence_level":0.95,"lower_bound":209824.9612748623,"upper_bound":327886.99172884226},"point_estimate":268546.29843235016,"standard_error":30432.334211520974},"slope":null,"std_dev":{"confidence_interval":{"confidence_level":0.95,"lower_bound":258200.41224065362,"upper_bound":358269.09136737295},"point_estimate":311513.08568678604,"standard_error":25517.18158555813}}