{"mean":{"confidence_interval":{"confidence_level":0.95,"lower_bound":31148145.504249997,"upper_bound":31331075.350125},"point_estimate":31219272.395,"standard_error":49127.51331537404},"median":{"confidence_interval":{"confidence_level":0.95,"lower_bound":31120821.5,"upper_bound":31178369.0},"point_estimate":31146940.5,"standard_error":14323.938679745108},"median_abs_dev":{"confidence_interval":{"confidence_level":0.95,"lower_bound":93790.38628488779,"upper_bound":176624.72941428423},"point_estimate":132547.4028468132,"standard_error":20695.53824061655},"slope":null,"std_dev":{"confidence_interval":{"confidence_level":0.95,"lower_bound":143022.4638253694,"upper_bound":817693.5206539375},"point_estimate":494601.6494984139,"standard_error":227753.35582977583}}