{"mean":{"confidence_interval":{"confidence_level":0.95,"lower_bound":31517775.82375,"upper_bound":31646732.620249998},"point_estimate":31578284.26,"standard_error":33071.1406443691},"median":{"confidence_interval":{"confidence_level":0.95,"lower_bound":31434201.0,"upper_bound":31534857.0},"point_estimate":31498416.0,"standard_error":23110.72427744893},"median_abs_dev":{"confidence_interval":{"confidence_level":0.95,"lower_bound":123031.91868949689,"upper_bound":226222.51698374748},"point_estimate":168441.14820957184,"standard_error":26718.45216087037},"slope":null,"std_dev":{"confidence_interval":{"confidence_level":0.95,"lower_bound":218965.735188602,"upper_bound":436303.7687274712},"point_estimate":332570.7543613801,"standard_error":56101.733699723234}}