{"mean":{"confidence_interval":{"confidence_level":0.95,"lower_bound":32847795.14425,"upper_bound":33024721.03325},"point_estimate":32911182.55,"standard_error":52195.07651179024},"median":{"confidence_interval":{"confidence_level":0.95,"lower_bound":32842178.75,"upper_bound":32877973.25},"point_estimate":32856515.5,"standard_error":9712.601242885023},"median_abs_dev":{"confidence_interval":{"confidence_level":0.95,"lower_bound":50841.216368637986,"upper_bound":98849.75869506598},"point_estimate":87019.35220509768,"standard_error":13660.768991014413},"slope":null,"std_dev":{"confidence_interval":{"confidence_level":0.95,"lower_bound":68274.50408407456,"upper_bound":893097.4222702287},"point_estimate":523823.1371540989,"standard_error":292787.0590564122}}