{"mean":{"confidence_interval":{"confidence_level":0.95,"lower_bound":30315867.598125003,"upper_bound":30364980.990625},"point_estimate":30339678.205,"standard_error":12535.65080112606},"median":{"confidence_interval":{"confidence_level":0.95,"lower_bound":30285768.0,"upper_bound":30353338.5},"point_estimate":30322661.75,"standard_error":19301.118164711857},"median_abs_dev":{"confidence_interval":{"confidence_level":0.95,"lower_bound":74238.97904824468,"upper_bound":118996.4390873909},"point_estimate":94580.24142086506,"standard_error":11073.178259418517},"slope":null,"std_dev":{"confidence_interval":{"confidence_level":0.95,"lower_bound":97827.89179801545,"upper_bound":150786.45861584003},"point_estimate":125831.47837473011,"standard_error":13522.233154602724}}