{"mean":{"confidence_interval":{"confidence_level":0.95,"lower_bound":32071174.19925,"upper_bound":32194977.624874998},"point_estimate":32128794.625,"standard_error":31470.38173365857},"median":{"confidence_interval":{"confidence_level":0.95,"lower_bound":32048522.5,"upper_bound":32125594.0},"point_estimate":32075892.5,"standard_error":20085.761916458432},"median_abs_dev":{"confidence_interval":{"confidence_level":0.95,"lower_bound":144782.55912959576,"upper_bound":226307.02518224716},"point_estimate":179463.90836387873,"standard_error":20258.36477319893},"slope":null,"std_dev":{"confidence_interval":{"confidence_level":0.95,"lower_bound":199363.84331247557,"upper_bound":418194.46626976243},"point_estimate":316543.2546421122,"standard_error":55674.61203224983}}