{"mean":{"confidence_interval":{"confidence_level":0.95,"lower_bound":31400614.079249997,"upper_bound":31519012.678625003},"point_estimate":31451067.865,"standard_error":30650.74959674947},"median":{"confidence_interval":{"confidence_level":0.95,"lower_bound":31368340.75,"upper_bound":31408550.5},"point_estimate":31385575.0,"standard_error":10385.677297307222},"median_abs_dev":{"confidence_interval":{"confidence_level":0.95,"lower_bound":66894.54016238451,"upper_bound":110005.95284700394},"point_estimate":83878.46416085958,"standard_error":10720.924215321473},"slope":null,"std_dev":{"confidence_interval":{"confidence_level":0.95,"lower_bound":116267.7702336501,"upper_bound":477529.2794970435},"point_estimate":307363.98728866095,"standard_error":102580.56111214153}}