{"mean":{"confidence_interval":{"confidence_level":0.95,"lower_bound":30769053.791,"upper_bound":30918211.722875},"point_estimate":30827762.4,"standard_error":39547.24723285436},"median":{"confidence_interval":{"confidence_level":0.95,"lower_bound":30746010.9875,"upper_bound":30791513.5},"point_estimate":30767574.75,"standard_error":12688.590574263668},"median_abs_dev":{"confidence_interval":{"confidence_level":0.95,"lower_bound":99152.95038968325,"upper_bound":172849.65923130512},"point_estimate":138000.40555000305,"standard_error":19385.08210254319},"slope":null,"std_dev":{"confidence_interval":{"confidence_level":0.95,"lower_bound":130135.74160625724,"upper_bound":652903.0636282756},"point_estimate":397725.86292521394,"standard_error":176711.85446088313}}