{"mean":{"confidence_interval":{"confidence_level":0.95,"lower_bound":31400853.463625003,"upper_bound":31466807.299624998},"point_estimate":31432635.23,"standard_error":16825.068443244403},"median":{"confidence_interval":{"confidence_level":0.95,"lower_bound":31371056.25,"upper_bound":31419529.5},"point_estimate":31400541.75,"standard_error":12417.764724511644},"median_abs_dev":{"confidence_interval":{"confidence_level":0.95,"lower_bound":84081.20970726013,"upper_bound":159728.45487300304},"point_estimate":124477.24054008722,"standard_error":19946.84791959313},"slope":null,"std_dev":{"confidence_interval":{"confidence_level":0.95,"lower_bound":130435.06167300396,"upper_bound":207009.84834344813},"point_estimate":169425.16562472878,"standard_error":19823.827784069203}}