{"mean":{"confidence_interval":{"confidence_level":0.95,"lower_bound":8284.720428301984,"upper_bound":8310.978078706763},"point_estimate":8294.8363178829,"standard_error":7.028847212425586},"median":{"confidence_interval":{"confidence_level":0.95,"lower_bound":8274.753573233022,"upper_bound":8291.662365591397},"point_estimate":8281.644519664733,"standard_error":4.260338927094594},"median_abs_dev":{"confidence_interval":{"confidence_level":0.95,"lower_bound":15.851207322751902,"upper_bound":29.97181689945494},"point_estimate":24.27033699588814,"standard_error":3.7253903010207714},"slope":{"confidence_interval":{"confidence_level":0.95,"lower_bound":8297.353982874409,"upper_bound":8309.038344369363},"point_estimate":8303.088323136792,"standard_error":2.9775279233085583},"std_dev":{"confidence_interval":{"confidence_level":0.95,"lower_bound":20.807263611480625,"upper_bound":116.38837025283243},"point_estimate":70.40288350138994,"standard_error":32.38845950470939}}