{"mean":{"confidence_interval":{"confidence_level":0.95,"lower_bound":753316.756289283,"upper_bound":757677.1009421066},"point_estimate":755193.1470283101,"standard_error":1121.5155315506918},"median":{"confidence_interval":{"confidence_level":0.95,"lower_bound":752338.3125,"upper_bound":753303.3873239437},"point_estimate":752889.8745629371,"standard_error":248.32443808780837},"median_abs_dev":{"confidence_interval":{"confidence_level":0.95,"lower_bound":1050.2474831760742,"upper_bound":1920.1192509720795},"point_estimate":1442.78183301459,"standard_error":218.83069709232524},"slope":{"confidence_interval":{"confidence_level":0.95,"lower_bound":752592.7657964213,"upper_bound":754672.7390840114},"point_estimate":753429.7055209103,"standard_error":542.0593967353698},"std_dev":{"confidence_interval":{"confidence_level":0.95,"lower_bound":2101.1742207140564,"upper_bound":16954.8678242207},"point_estimate":11281.782471767738,"standard_error":3636.924620679195}}