{"mean":{"confidence_interval":{"confidence_level":0.95,"lower_bound":9416.78570030168,"upper_bound":9436.734621728609},"point_estimate":9424.074227539753,"standard_error":5.7081738989227375},"median":{"confidence_interval":{"confidence_level":0.95,"lower_bound":9414.591168831168,"upper_bound":9417.182472848788},"point_estimate":9415.875653553358,"standard_error":0.6906349464459137},"median_abs_dev":{"confidence_interval":{"confidence_level":0.95,"lower_bound":4.810749442128591,"upper_bound":8.140576055611602},"point_estimate":6.546589256537965,"standard_error":0.8302254049120725},"slope":{"confidence_interval":{"confidence_level":0.95,"lower_bound":9417.063036759595,"upper_bound":9424.319857104096},"point_estimate":9420.295707797646,"standard_error":1.8674131276263586},"std_dev":{"confidence_interval":{"confidence_level":0.95,"lower_bound":9.19824591779717,"upper_bound":96.72541017378678},"point_estimate":57.14531410592839,"standard_error":30.390476612821207}}