{"mean":{"confidence_interval":{"confidence_level":0.95,"lower_bound":8959.052527685246,"upper_bound":8996.712633708867},"point_estimate":8972.84703647307,"standard_error":10.537995017352939},"median":{"confidence_interval":{"confidence_level":0.95,"lower_bound":8954.747991234477,"upper_bound":8962.406072739406},"point_estimate":8957.07598430273,"standard_error":1.8876402093223348},"median_abs_dev":{"confidence_interval":{"confidence_level":0.95,"lower_bound":9.414937299090257,"upper_bound":15.336723318695212},"point_estimate":12.929430086717133,"standard_error":1.5779234329168004},"slope":{"confidence_interval":{"confidence_level":0.95,"lower_bound":8957.869476062557,"upper_bound":8964.280031238997},"point_estimate":8960.970730292876,"standard_error":1.6366624556507765},"std_dev":{"confidence_interval":{"confidence_level":0.95,"lower_bound":13.316708303796984,"upper_bound":178.22165846316926},"point_estimate":105.52796496309418,"standard_error":54.54145866990582}}