{"mean":{"confidence_interval":{"confidence_level":0.95,"lower_bound":8990.891003060116,"upper_bound":9011.603902965555},"point_estimate":8999.63177953672,"standard_error":5.377838559712708},"median":{"confidence_interval":{"confidence_level":0.95,"lower_bound":8990.294544544544,"upper_bound":8995.607724936886},"point_estimate":8993.4517412149,"standard_error":1.2932637036254715},"median_abs_dev":{"confidence_interval":{"confidence_level":0.95,"lower_bound":9.454665722651976,"upper_bound":16.9217023744183},"point_estimate":13.878288554976566,"standard_error":1.8382218835379538},"slope":{"confidence_interval":{"confidence_level":0.95,"lower_bound":8997.226343539533,"upper_bound":9004.849739062549},"point_estimate":9000.663331056785,"standard_error":1.9651414801326932},"std_dev":{"confidence_interval":{"confidence_level":0.95,"lower_bound":14.184384731192964,"upper_bound":82.83164676907194},"point_estimate":54.152223046546325,"standard_error":18.67517451790294}}