{"mean":{"confidence_interval":{"confidence_level":0.95,"lower_bound":5198147.419574997,"upper_bound":5202986.609774998},"point_estimate":5200312.4969999995,"standard_error":1237.8901190441645},"median":{"confidence_interval":{"confidence_level":0.95,"lower_bound":5195549.8,"upper_bound":5199946.9},"point_estimate":5198503.45,"standard_error":1296.5954044910516},"median_abs_dev":{"confidence_interval":{"confidence_level":0.95,"lower_bound":5862.126165926733,"upper_bound":9453.205692171498},"point_estimate":7753.108302354674,"standard_error":900.0869821656905},"slope":null,"std_dev":{"confidence_interval":{"confidence_level":0.95,"lower_bound":7062.75722272299,"upper_bound":18193.456340833065},"point_estimate":12461.662453052953,"standard_error":3243.9416558487414}}