{"mean":{"confidence_interval":{"confidence_level":0.95,"lower_bound":5606414.070472221,"upper_bound":5622116.428583331},"point_estimate":5613544.3722222205,"standard_error":4015.904488149428},"median":{"confidence_interval":{"confidence_level":0.95,"lower_bound":5600915.444444444,"upper_bound":5614067.777777778},"point_estimate":5605446.666666666,"standard_error":3611.25667367765},"median_abs_dev":{"confidence_interval":{"confidence_level":0.95,"lower_bound":18207.727910080932,"upper_bound":28041.56643549632},"point_estimate":22440.056634943227,"standard_error":2509.9339520588146},"slope":null,"std_dev":{"confidence_interval":{"confidence_level":0.95,"lower_bound":21533.183540175247,"upper_bound":57070.239546799115},"point_estimate":40365.378374091124,"standard_error":9286.070720120946}}