{"mean":{"confidence_interval":{"confidence_level":0.95,"lower_bound":5105161.729924998,"upper_bound":5110440.878275001},"point_estimate":5107677.315,"standard_error":1351.30251983383},"median":{"confidence_interval":{"confidence_level":0.95,"lower_bound":5102012.85,"upper_bound":5106265.8},"point_estimate":5103311.35,"standard_error":1054.7949300087519},"median_abs_dev":{"confidence_interval":{"confidence_level":0.95,"lower_bound":5047.140960395336,"upper_bound":11740.709191561436},"point_estimate":6148.712740838528,"standard_error":1809.9414694039945},"slope":null,"std_dev":{"confidence_interval":{"confidence_level":0.95,"lower_bound":9989.284622212615,"upper_bound":17194.820577644234},"point_estimate":13563.02895018325,"standard_error":1880.637381898923}}