{"mean":{"confidence_interval":{"confidence_level":0.95,"lower_bound":5553040.73615,"upper_bound":5561418.083999999},"point_estimate":5556833.5370000005,"standard_error":2146.411486581434},"median":{"confidence_interval":{"confidence_level":0.95,"lower_bound":5547603.1,"upper_bound":5555461.85},"point_estimate":5550151.9,"standard_error":1820.782050467451},"median_abs_dev":{"confidence_interval":{"confidence_level":0.95,"lower_bound":7888.692069948548,"upper_bound":14899.01778548956},"point_estimate":10405.776175260682,"standard_error":1662.1304400748668},"slope":null,"std_dev":{"confidence_interval":{"confidence_level":0.95,"lower_bound":12129.399393241774,"upper_bound":31156.36685149146},"point_estimate":21564.226618051463,"standard_error":5237.803917938455}}