{"mean":{"confidence_interval":{"confidence_level":0.95,"lower_bound":5720791.338472225,"upper_bound":5754891.7464722255},"point_estimate":5733587.163333336,"standard_error":9406.44345605965},"median":{"confidence_interval":{"confidence_level":0.95,"lower_bound":5715917.5,"upper_bound":5724448.388888889},"point_estimate":5719449.666666667,"standard_error":1961.60365443093},"median_abs_dev":{"confidence_interval":{"confidence_level":0.95,"lower_bound":17753.47575147939,"upper_bound":29922.90343542863},"point_estimate":23868.376976252293,"standard_error":3468.439331287088},"slope":null,"std_dev":{"confidence_interval":{"confidence_level":0.95,"lower_bound":20184.91102914182,"upper_bound":159008.92158029898},"point_estimate":94710.32575191071,"standard_error":47420.64035856884}}