{"mean":{"confidence_interval":{"confidence_level":0.95,"lower_bound":5902225.726833334,"upper_bound":5919431.091861109},"point_estimate":5910596.358888887,"standard_error":4389.612812413131},"median":{"confidence_interval":{"confidence_level":0.95,"lower_bound":5898342.111111111,"upper_bound":5917865.222222222},"point_estimate":5908598.666666667,"standard_error":4635.901836288915},"median_abs_dev":{"confidence_interval":{"confidence_level":0.95,"lower_bound":22670.600930849556,"upper_bound":39702.54469513893},"point_estimate":28642.184158166405,"standard_error":4422.791746883894},"slope":null,"std_dev":{"confidence_interval":{"confidence_level":0.95,"lower_bound":34043.74203817715,"upper_bound":53971.48356779178},"point_estimate":44203.18987123643,"standard_error":5134.5148895363}}