{"mean":{"confidence_interval":{"confidence_level":0.95,"lower_bound":5576923.8497222215,"upper_bound":5590025.391666667},"point_estimate":5582604.249999999,"standard_error":3374.9331292877782},"median":{"confidence_interval":{"confidence_level":0.95,"lower_bound":5573967.5,"upper_bound":5579039.555555556},"point_estimate":5575512.666666666,"standard_error":1325.8778227362893},"median_abs_dev":{"confidence_interval":{"confidence_level":0.95,"lower_bound":9676.51819487382,"upper_bound":18059.797379374275},"point_estimate":12931.813537081236,"standard_error":2216.2293060440243},"slope":null,"std_dev":{"confidence_interval":{"confidence_level":0.95,"lower_bound":15877.217276150597,"upper_bound":51367.86533424782},"point_estimate":33859.79803145403,"standard_error":10141.087500741292}}