{"mean":{"confidence_interval":{"confidence_level":0.95,"lower_bound":5754529.617694442,"upper_bound":5762792.938888891},"point_estimate":5758482.486666666,"standard_error":2107.626880141475},"median":{"confidence_interval":{"confidence_level":0.95,"lower_bound":5749018.777777778,"upper_bound":5756734.222222222},"point_estimate":5752040.5,"standard_error":2067.8492378142337},"median_abs_dev":{"confidence_interval":{"confidence_level":0.95,"lower_bound":9258.013168970821,"upper_bound":16307.7760438132},"point_estimate":11860.635056098456,"standard_error":1887.3277309231178},"slope":null,"std_dev":{"confidence_interval":{"confidence_level":0.95,"lower_bound":16219.403531618831,"upper_bound":25472.105867294795},"point_estimate":21245.131783928045,"standard_error":2374.0529623930106}}