{"mean":{"confidence_interval":{"confidence_level":0.95,"lower_bound":5572199.079638888,"upper_bound":5582822.022722221},"point_estimate":5577349.860000001,"standard_error":2709.1639398033158},"median":{"confidence_interval":{"confidence_level":0.95,"lower_bound":5567440.222222222,"upper_bound":5579600.777777778},"point_estimate":5573978.555555556,"standard_error":3286.5585563504847},"median_abs_dev":{"confidence_interval":{"confidence_level":0.95,"lower_bound":18890.794664621124,"upper_bound":30535.38195788814},"point_estimate":24294.295002023686,"standard_error":2990.351749198772},"slope":null,"std_dev":{"confidence_interval":{"confidence_level":0.95,"lower_bound":22057.35213136508,"upper_bound":32161.77740486588},"point_estimate":27314.147535638156,"standard_error":2589.3794750662937}}