{"mean":{"confidence_interval":{"confidence_level":0.95,"lower_bound":5607873.454833334,"upper_bound":5619296.587333333},"point_estimate":5613386.886666667,"standard_error":2920.686098330531},"median":{"confidence_interval":{"confidence_level":0.95,"lower_bound":5601278.611111112,"upper_bound":5610615.333333333},"point_estimate":5604135.388888889,"standard_error":2024.8200897292727},"median_abs_dev":{"confidence_interval":{"confidence_level":0.95,"lower_bound":12987.190705264167,"upper_bound":25592.805478970055},"point_estimate":16264.86301124096,"standard_error":3654.047854472935},"slope":null,"std_dev":{"confidence_interval":{"confidence_level":0.95,"lower_bound":22998.579457822383,"upper_bound":34826.16412365139},"point_estimate":29289.612211693824,"standard_error":3027.8070885343423}}