{"mean":{"confidence_interval":{"confidence_level":0.95,"lower_bound":5740075.302805554,"upper_bound":5796036.048138888},"point_estimate":5761072.592222222,"standard_error":15177.784711213124},"median":{"confidence_interval":{"confidence_level":0.95,"lower_bound":5731982.888888889,"upper_bound":5738391.0},"point_estimate":5735564.111111111,"standard_error":1681.4079041250895},"median_abs_dev":{"confidence_interval":{"confidence_level":0.95,"lower_bound":8592.161047458188,"upper_bound":15265.508262316464},"point_estimate":11430.022130409954,"standard_error":1579.586965700626},"slope":null,"std_dev":{"confidence_interval":{"confidence_level":0.95,"lower_bound":24354.687756325515,"upper_bound":254409.0279996066},"point_estimate":152187.73449688117,"standard_error":73732.76317338338}}