{"mean":{"confidence_interval":{"confidence_level":0.95,"lower_bound":-0.01765784900496086,"upper_bound":-0.015085920352734499},"point_estimate":-0.01632844659422017,"standard_error":0.0006586770261640229},"median":{"confidence_interval":{"confidence_level":0.95,"lower_bound":-0.01842454275821581,"upper_bound":-0.014442446881165028},"point_estimate":-0.016304402254770145,"standard_error":0.0010248756878216492}}