{"mean":{"confidence_interval":{"confidence_level":0.95,"lower_bound":-0.10114628025390363,"upper_bound":-0.09544364837825059},"point_estimate":-0.09818867255197261,"standard_error":0.0014467340564904654},"median":{"confidence_interval":{"confidence_level":0.95,"lower_bound":-0.09748473633883092,"upper_bound":-0.09637760984903554},"point_estimate":-0.09714647049635339,"standard_error":0.00027332837385116133}}