{"mean":{"confidence_interval":{"confidence_level":0.95,"lower_bound":0.00597912006928541,"upper_bound":0.013230361913784546},"point_estimate":0.009500668234533993,"standard_error":0.001789906934724381},"median":{"confidence_interval":{"confidence_level":0.95,"lower_bound":0.007984857501244225,"upper_bound":0.009341758654233256},"point_estimate":0.008670309627184514,"standard_error":0.00033441169128357987}}