{"mean":{"confidence_interval":{"confidence_level":0.95,"lower_bound":-0.2355337775808081,"upper_bound":-0.22692418870948283},"point_estimate":-0.23203991886936404,"standard_error":0.0021486801971146905},"median":{"confidence_interval":{"confidence_level":0.95,"lower_bound":-0.23490921514589155,"upper_bound":-0.23165058825024387},"point_estimate":-0.23400456423971372,"standard_error":0.0009130508373110121}}