{"mean":{"confidence_interval":{"confidence_level":0.95,"lower_bound":-0.0812467736369536,"upper_bound":-0.07316864822932072},"point_estimate":-0.07773488303344811,"standard_error":0.0020570045091482755},"median":{"confidence_interval":{"confidence_level":0.95,"lower_bound":-0.07955805332114685,"upper_bound":-0.0784914730991747},"point_estimate":-0.07895860830638812,"standard_error":0.0002710269965892164}}