{"mean":{"confidence_interval":{"confidence_level":0.95,"lower_bound":0.00880418122635957,"upper_bound":0.013952238013459305},"point_estimate":0.011804448047577631,"standard_error":0.0013289368635314477},"median":{"confidence_interval":{"confidence_level":0.95,"lower_bound":0.01138556691251602,"upper_bound":0.013414480596771305},"point_estimate":0.0122921697611591,"standard_error":0.0005078367809515172}}