{"mean":{"confidence_interval":{"confidence_level":0.95,"lower_bound":-0.22790877960187547,"upper_bound":-0.22400437127205233},"point_estimate":-0.225644738577915,"standard_error":0.001009742047921027},"median":{"confidence_interval":{"confidence_level":0.95,"lower_bound":-0.22577152957008273,"upper_bound":-0.22487597424231964},"point_estimate":-0.22530013099165414,"standard_error":0.0002315257081326675}}