{"mean":{"confidence_interval":{"confidence_level":0.95,"lower_bound":-0.18161934956910036,"upper_bound":-0.17750911059456514},"point_estimate":-0.17922034900421357,"standard_error":0.0010645704132522418},"median":{"confidence_interval":{"confidence_level":0.95,"lower_bound":-0.1793851941073994,"upper_bound":-0.17842381852211742},"point_estimate":-0.17885988935935027,"standard_error":0.00024682427665113444}}