{"mean":{"confidence_interval":{"confidence_level":0.95,"lower_bound":-0.23837721336511053,"upper_bound":-0.23432931109212274},"point_estimate":-0.23607493750957997,"standard_error":0.0010371713517273405},"median":{"confidence_interval":{"confidence_level":0.95,"lower_bound":-0.2376242276259476,"upper_bound":-0.23608249859637354},"point_estimate":-0.23675432657892304,"standard_error":0.0004111269844006002}}