{"mean":{"confidence_interval":{"confidence_level":0.95,"lower_bound":0.20010223611743877,"upper_bound":0.20733009390291096},"point_estimate":0.20393191721165937,"standard_error":0.001819910173413696},"median":{"confidence_interval":{"confidence_level":0.95,"lower_bound":0.20316549655575034,"upper_bound":0.20446156397727466},"point_estimate":0.20391849983028587,"standard_error":0.000337801039430242}}