{"mean":{"confidence_interval":{"confidence_level":0.95,"lower_bound":-0.23778069113529768,"upper_bound":-0.23313600807866933},"point_estimate":-0.23535321335125448,"standard_error":0.0011662699312493423},"median":{"confidence_interval":{"confidence_level":0.95,"lower_bound":-0.236216685470106,"upper_bound":-0.2353966024461362},"point_estimate":-0.23577522308738497,"standard_error":0.00020666812723541927}}