{"mean":{"confidence_interval":{"confidence_level":0.95,"lower_bound":0.014976997093280903,"upper_bound":0.023850747463648715},"point_estimate":0.01901272271532717,"standard_error":0.0022045563695177166},"median":{"confidence_interval":{"confidence_level":0.95,"lower_bound":0.01674057702897902,"upper_bound":0.017854128427499782},"point_estimate":0.01733407892656147,"standard_error":0.00028898795104559936}}