{"mean":{"confidence_interval":{"confidence_level":0.95,"lower_bound":0.27391681212938285,"upper_bound":0.28431723882745635},"point_estimate":0.27899619482677873,"standard_error":0.0026227686264135006},"median":{"confidence_interval":{"confidence_level":0.95,"lower_bound":0.2753632223356406,"upper_bound":0.2775794478750915},"point_estimate":0.2766264980231157,"standard_error":0.0005724223747644969}}