{"mean":{"confidence_interval":{"confidence_level":0.95,"lower_bound":-0.23424164186370583,"upper_bound":-0.22846099320645805},"point_estimate":-0.23129537305383197,"standard_error":0.00146441353739334},"median":{"confidence_interval":{"confidence_level":0.95,"lower_bound":-0.234252501087314,"upper_bound":-0.22949354078239592},"point_estimate":-0.23114405383228054,"standard_error":0.0013619457584607985}}