{"mean":{"confidence_interval":{"confidence_level":0.95,"lower_bound":-0.24264347362933744,"upper_bound":-0.2372601601607794},"point_estimate":-0.24001572967766205,"standard_error":0.001350296404184577},"median":{"confidence_interval":{"confidence_level":0.95,"lower_bound":-0.24096841779892253,"upper_bound":-0.23997856886740065},"point_estimate":-0.24045649910465883,"standard_error":0.00025407210259669177}}