{"mean":{"confidence_interval":{"confidence_level":0.95,"lower_bound":-0.22609389274034009,"upper_bound":-0.19180141478791565},"point_estimate":-0.21012703007272082,"standard_error":0.008917322298713238},"median":{"confidence_interval":{"confidence_level":0.95,"lower_bound":-0.2282032613763849,"upper_bound":-0.22728229454267335},"point_estimate":-0.22769933035033618,"standard_error":0.0002380279397813634}}