{"mean":{"confidence_interval":{"confidence_level":0.95,"lower_bound":-0.07013864323548685,"upper_bound":-0.06358616412371686},"point_estimate":-0.06679002702514425,"standard_error":0.0016409616595271402},"median":{"confidence_interval":{"confidence_level":0.95,"lower_bound":-0.06584575428726236,"upper_bound":-0.06488329238646981},"point_estimate":-0.06536436624501485,"standard_error":0.0002581820611268763}}