{"mean":{"confidence_interval":{"confidence_level":0.95,"lower_bound":-0.22873964443326075,"upper_bound":-0.224427876384359},"point_estimate":-0.2263528021800052,"standard_error":0.0010924484335750617},"median":{"confidence_interval":{"confidence_level":0.95,"lower_bound":-0.2267495299963489,"upper_bound":-0.22554291812496496},"point_estimate":-0.2261272616489679,"standard_error":0.0002965294066067934}}