{"mean":{"confidence_interval":{"confidence_level":0.95,"lower_bound":0.031701585777531655,"upper_bound":0.037270443802028375},"point_estimate":0.034839242415645844,"standard_error":0.001436359230334873},"median":{"confidence_interval":{"confidence_level":0.95,"lower_bound":0.03517687482034666,"upper_bound":0.036328650700966136},"point_estimate":0.0357725893201275,"standard_error":0.0002943407496997257}}