{"mean":{"confidence_interval":{"confidence_level":0.95,"lower_bound":0.27563164392928813,"upper_bound":0.29789336148883494},"point_estimate":0.2860353924070915,"standard_error":0.006080066238769976},"median":{"confidence_interval":{"confidence_level":0.95,"lower_bound":0.2729341372957548,"upper_bound":0.27489082886080857},"point_estimate":0.2740612859111513,"standard_error":0.0005243742499580796}}