{"mean":{"confidence_interval":{"confidence_level":0.95,"lower_bound":-0.009984510002027653,"upper_bound":-0.0040857932821571855},"point_estimate":-0.006915138590774861,"standard_error":0.0015263226770081512},"median":{"confidence_interval":{"confidence_level":0.95,"lower_bound":-0.0021898758029093024,"upper_bound":-0.0012410691941190377},"point_estimate":-0.0017643876044554085,"standard_error":0.0002246380886839727}}