{"mean":{"confidence_interval":{"confidence_level":0.95,"lower_bound":-0.007816227078505971,"upper_bound":0.00021285501791022164},"point_estimate":-0.003579152550386211,"standard_error":0.0020937346338531677},"median":{"confidence_interval":{"confidence_level":0.95,"lower_bound":0.002327033932545042,"upper_bound":0.0033416591544994656},"point_estimate":0.0027521158878436314,"standard_error":0.00025744769106394864}}