{"mean":{"confidence_interval":{"confidence_level":0.95,"lower_bound":0.06911272177096285,"upper_bound":0.07372240700686293},"point_estimate":0.0711123367207731,"standard_error":0.0011802750632324856},"median":{"confidence_interval":{"confidence_level":0.95,"lower_bound":0.07016797088232862,"upper_bound":0.07133842231021628},"point_estimate":0.07069773587852413,"standard_error":0.0002820689822087412}}