{"mean":{"confidence_interval":{"confidence_level":0.95,"lower_bound":-0.07283737754301606,"upper_bound":-0.018274762558141897},"point_estimate":-0.04290051103809933,"standard_error":0.014064953306246065},"median":{"confidence_interval":{"confidence_level":0.95,"lower_bound":-0.012014282978731586,"upper_bound":-0.010529915601744655},"point_estimate":-0.011462890737917952,"standard_error":0.00038729131713507054}}