{"mean":{"confidence_interval":{"confidence_level":0.95,"lower_bound":-0.010317314033042332,"upper_bound":-0.007264626974654217},"point_estimate":-0.008782150357871887,"standard_error":0.0007710716722236094},"median":{"confidence_interval":{"confidence_level":0.95,"lower_bound":-0.009488088376859327,"upper_bound":-0.008070924105201716},"point_estimate":-0.008635546833777541,"standard_error":0.0003469044063351958}}