{"mean":{"confidence_interval":{"confidence_level":0.95,"lower_bound":-0.03542223824791137,"upper_bound":-0.029078165912055733},"point_estimate":-0.03269431985243154,"standard_error":0.0016563143023985152},"median":{"confidence_interval":{"confidence_level":0.95,"lower_bound":-0.03537394694201146,"upper_bound":-0.03439147153703681},"point_estimate":-0.034877459363175434,"standard_error":0.0002404721331196823}}