{"mean":{"confidence_interval":{"confidence_level":0.95,"lower_bound":-0.01688061500137697,"upper_bound":-0.013652197337659757},"point_estimate":-0.01537819502088944,"standard_error":0.0008086705095844478},"median":{"confidence_interval":{"confidence_level":0.95,"lower_bound":-0.015826313511666208,"upper_bound":-0.014494738045077393},"point_estimate":-0.01511396614067173,"standard_error":0.00033257943663438794}}