{"mean":{"confidence_interval":{"confidence_level":0.95,"lower_bound":-0.0689437302974809,"upper_bound":-0.013412805554909066},"point_estimate":-0.038621102027902476,"standard_error":0.01430969900617698},"median":{"confidence_interval":{"confidence_level":0.95,"lower_bound":-0.005294819926282557,"upper_bound":-0.0032743367721524974},"point_estimate":-0.004109399670412128,"standard_error":0.00045145157469356385}}