{"mean":{"confidence_interval":{"confidence_level":0.95,"lower_bound":-0.09091972639704536,"upper_bound":-0.037416841582645764},"point_estimate":-0.061650396701698695,"standard_error":0.013830854123963081},"median":{"confidence_interval":{"confidence_level":0.95,"lower_bound":-0.03153392379177433,"upper_bound":-0.030082195501722975},"point_estimate":-0.03090013205764497,"standard_error":0.00037595047205295895}}