{"mean":{"confidence_interval":{"confidence_level":0.95,"lower_bound":-0.03724464908901925,"upper_bound":-0.03211732001068967},"point_estimate":-0.034952962052233194,"standard_error":0.0013054927491808923},"median":{"confidence_interval":{"confidence_level":0.95,"lower_bound":-0.03736059485866448,"upper_bound":-0.03611573295409236},"point_estimate":-0.03678723391643368,"standard_error":0.00031808975629943256}}