{"mean":{"confidence_interval":{"confidence_level":0.95,"lower_bound":-0.0357460937397987,"upper_bound":-0.0325409086077689},"point_estimate":-0.034182564167456575,"standard_error":0.0008147606857457488},"median":{"confidence_interval":{"confidence_level":0.95,"lower_bound":-0.03495053657176539,"upper_bound":-0.03375194461736364},"point_estimate":-0.03454400816751646,"standard_error":0.0003032136211005435}}