{"mean":{"confidence_interval":{"confidence_level":0.95,"lower_bound":-0.028733633025562935,"upper_bound":-0.023772844357347295},"point_estimate":-0.026718659618420015,"standard_error":0.0012773829142919075},"median":{"confidence_interval":{"confidence_level":0.95,"lower_bound":-0.02825250453068051,"upper_bound":-0.02719756474368129},"point_estimate":-0.02780372525371977,"standard_error":0.00026144506742875975}}