{"mean":{"confidence_interval":{"confidence_level":0.95,"lower_bound":-0.01716508360803286,"upper_bound":-0.01300855583269251},"point_estimate":-0.015197004329825847,"standard_error":0.0010653239619030383},"median":{"confidence_interval":{"confidence_level":0.95,"lower_bound":-0.01684938301376737,"upper_bound":-0.01536386050505234},"point_estimate":-0.016271079058694404,"standard_error":0.0003745050701062133}}