{"mean":{"confidence_interval":{"confidence_level":0.95,"lower_bound":-0.029882033209903944,"upper_bound":-0.023045526007050912},"point_estimate":-0.02657902857421901,"standard_error":0.00171663778630218},"median":{"confidence_interval":{"confidence_level":0.95,"lower_bound":-0.021941219492541908,"upper_bound":-0.019544046906272396},"point_estimate":-0.020680756148904633,"standard_error":0.0006132631094365367}}