{"mean":{"confidence_interval":{"confidence_level":0.95,"lower_bound":-0.07286178190303977,"upper_bound":-0.06321418658176217},"point_estimate":-0.06781498854973766,"standard_error":0.0024881924867717338},"median":{"confidence_interval":{"confidence_level":0.95,"lower_bound":-0.057767365645377496,"upper_bound":-0.050781872891725865},"point_estimate":-0.051921346096085785,"standard_error":0.00221848515288617}}