{"mean":{"confidence_interval":{"confidence_level":0.95,"lower_bound":-0.023283187048195732,"upper_bound":-0.019906989633482638},"point_estimate":-0.021631848341450932,"standard_error":0.0008429870156093308},"median":{"confidence_interval":{"confidence_level":0.95,"lower_bound":-0.022501933227566884,"upper_bound":-0.0211616075352322},"point_estimate":-0.02173517811362058,"standard_error":0.00035769853360345167}}