{"mean":{"confidence_interval":{"confidence_level":0.95,"lower_bound":755744.7333666924,"upper_bound":759025.7284420409},"point_estimate":757070.1784675549,"standard_error":858.437430371413},"median":{"confidence_interval":{"confidence_level":0.95,"lower_bound":755095.9226890756,"upper_bound":756047.4983198924},"point_estimate":755468.5859728507,"standard_error":259.91115245268344},"median_abs_dev":{"confidence_interval":{"confidence_level":0.95,"lower_bound":1230.4161517743557,"upper_bound":2617.988761299185},"point_estimate":1523.9695304374209,"standard_error":397.23080740868704},"slope":{"confidence_interval":{"confidence_level":0.95,"lower_bound":755895.5147419522,"upper_bound":759227.2674781667},"point_estimate":757287.5041495493,"standard_error":870.1946849608337},"std_dev":{"confidence_interval":{"confidence_level":0.95,"lower_bound":2419.278419382387,"upper_bound":13909.915874589544},"point_estimate":8595.93554087372,"standard_error":3441.6133447943785}}