{"mean":{"confidence_interval":{"confidence_level":0.95,"lower_bound":753851.6917930589,"upper_bound":755554.6207648935},"point_estimate":754610.0632474109,"standard_error":437.33418424415686},"median":{"confidence_interval":{"confidence_level":0.95,"lower_bound":753408.8580555555,"upper_bound":754436.3594504831},"point_estimate":753826.9823717949,"standard_error":232.7941759022046},"median_abs_dev":{"confidence_interval":{"confidence_level":0.95,"lower_bound":1598.3123872973526,"upper_bound":2641.8696030974675},"point_estimate":1982.2565301925215,"standard_error":264.26723742271565},"slope":{"confidence_interval":{"confidence_level":0.95,"lower_bound":753282.9074480243,"upper_bound":755906.3646900684},"point_estimate":754259.4735643564,"standard_error":714.8714787483385},"std_dev":{"confidence_interval":{"confidence_level":0.95,"lower_bound":2110.2004272616155,"upper_bound":6286.130051633717},"point_estimate":4379.685441217762,"standard_error":1116.7775058513253}}