{"mean":{"confidence_interval":{"confidence_level":0.95,"lower_bound":763928.9987966195,"upper_bound":766321.178795105},"point_estimate":764946.5171400713,"standard_error":616.3959539568147},"median":{"confidence_interval":{"confidence_level":0.95,"lower_bound":763776.8085106383,"upper_bound":764976.0625},"point_estimate":764326.9672077922,"standard_error":314.4785658957578},"median_abs_dev":{"confidence_interval":{"confidence_level":0.95,"lower_bound":1958.2690697792848,"upper_bound":3794.9785440782484},"point_estimate":2732.96249736252,"standard_error":470.18739824158456},"slope":{"confidence_interval":{"confidence_level":0.95,"lower_bound":763213.0499549051,"upper_bound":764646.2265404101},"point_estimate":763915.3620836412,"standard_error":364.2588466823765},"std_dev":{"confidence_interval":{"confidence_level":0.95,"lower_bound":2939.7536262146637,"upper_bound":9614.177478215533},"point_estimate":6196.834804959904,"standard_error":2117.981057102652}}