{"mean":{"confidence_interval":{"confidence_level":0.95,"lower_bound":735721.4152681788,"upper_bound":737745.2671472846},"point_estimate":736568.0773081249,"standard_error":525.736663350461},"median":{"confidence_interval":{"confidence_level":0.95,"lower_bound":735429.859375,"upper_bound":736002.4145833333},"point_estimate":735810.3693493151,"standard_error":146.767703840799},"median_abs_dev":{"confidence_interval":{"confidence_level":0.95,"lower_bound":1019.0811271204349,"upper_bound":1840.070968541907},"point_estimate":1424.5696295282432,"standard_error":213.83145946221427},"slope":{"confidence_interval":{"confidence_level":0.95,"lower_bound":734992.6274558718,"upper_bound":736589.2858104613},"point_estimate":735719.8272661446,"standard_error":408.9121772011557},"std_dev":{"confidence_interval":{"confidence_level":0.95,"lower_bound":1883.1472009006782,"upper_bound":8332.700534914902},"point_estimate":5267.30005147122,"standard_error":1883.4672569257546}}