{"mean":{"confidence_interval":{"confidence_level":0.95,"lower_bound":750817.2169659022,"upper_bound":755838.8694161186},"point_estimate":752909.0981835558,"standard_error":1306.1477432055492},"median":{"confidence_interval":{"confidence_level":0.95,"lower_bound":750055.2142857143,"upper_bound":751378.3659574469},"point_estimate":750488.4620481927,"standard_error":354.84081647295744},"median_abs_dev":{"confidence_interval":{"confidence_level":0.95,"lower_bound":1632.4690155672506,"upper_bound":2761.0883239149925},"point_estimate":2054.848113688975,"standard_error":295.5923260362106},"slope":{"confidence_interval":{"confidence_level":0.95,"lower_bound":750119.1346937938,"upper_bound":763370.7839560892},"point_estimate":755479.3763056007,"standard_error":3584.5376579646454},"std_dev":{"confidence_interval":{"confidence_level":0.95,"lower_bound":2332.1970017618123,"upper_bound":20825.306325349633},"point_estimate":13134.797374363412,"standard_error":4811.153218270249}}