{"mean":{"confidence_interval":{"confidence_level":0.95,"lower_bound":787069.1940188364,"upper_bound":788553.6540563712},"point_estimate":787710.7770139659,"standard_error":382.3320492133752},"median":{"confidence_interval":{"confidence_level":0.95,"lower_bound":786513.6842105263,"upper_bound":787546.0945945946},"point_estimate":787183.4375692904,"standard_error":258.5591372963037},"median_abs_dev":{"confidence_interval":{"confidence_level":0.95,"lower_bound":1530.3170419980947,"upper_bound":2595.8398147535618},"point_estimate":2110.4635198266005,"standard_error":270.64023867264984},"slope":{"confidence_interval":{"confidence_level":0.95,"lower_bound":786767.8618504944,"upper_bound":787575.6401379493},"point_estimate":787156.7329658638,"standard_error":206.05103336260578},"std_dev":{"confidence_interval":{"confidence_level":0.95,"lower_bound":1941.379084907069,"upper_bound":5885.703033575734},"point_estimate":3847.5190564830245,"standard_error":1238.892642534535}}