{"mean":{"confidence_interval":{"confidence_level":0.95,"lower_bound":295683.8348211184,"upper_bound":298194.5181869561},"point_estimate":296615.84498003835,"standard_error":693.9300792096517},"median":{"confidence_interval":{"confidence_level":0.95,"lower_bound":295456.8010235732,"upper_bound":295664.9192890443},"point_estimate":295584.55751191184,"standard_error":55.05341729887443},"median_abs_dev":{"confidence_interval":{"confidence_level":0.95,"lower_bound":390.57531698367757,"upper_bound":652.71139213971},"point_estimate":533.4966124035706,"standard_error":69.79714165308226},"slope":{"confidence_interval":{"confidence_level":0.95,"lower_bound":295764.6814110374,"upper_bound":297091.02846437716},"point_estimate":296274.0317976947,"standard_error":350.52690541426836},"std_dev":{"confidence_interval":{"confidence_level":0.95,"lower_bound":887.4772850839511,"upper_bound":11756.184339686242},"point_estimate":6989.029676772718,"standard_error":3516.843279052912}}