{"mean":{"confidence_interval":{"confidence_level":0.95,"lower_bound":98786799.49,"upper_bound":99116438.72825001},"point_estimate":98947404.24,"standard_error":84316.07024086622},"median":{"confidence_interval":{"confidence_level":0.95,"lower_bound":98595605.0,"upper_bound":98961950.0},"point_estimate":98707694.0,"standard_error":88210.78868000703},"median_abs_dev":{"confidence_interval":{"confidence_level":0.95,"lower_bound":584161.4395290613,"upper_bound":940098.852109909},"point_estimate":771129.8983097076,"standard_error":89719.78091103052},"slope":null,"std_dev":{"confidence_interval":{"confidence_level":0.95,"lower_bound":702954.114923942,"upper_bound":991556.2115069407},"point_estimate":847794.4381874643,"standard_error":74350.82421661931}}