{"mean":{"confidence_interval":{"confidence_level":0.95,"lower_bound":101961152.98775001,"upper_bound":103010001.88},"point_estimate":102426780.92,"standard_error":268588.62734290713},"median":{"confidence_interval":{"confidence_level":0.95,"lower_bound":101657784.0,"upper_bound":101964899.0},"point_estimate":101759934.5,"standard_error":77218.25033058401},"median_abs_dev":{"confidence_interval":{"confidence_level":0.95,"lower_bound":586250.4228919744,"upper_bound":975722.7642774582},"point_estimate":745096.9253718853,"standard_error":94742.52347316228},"slope":null,"std_dev":{"confidence_interval":{"confidence_level":0.95,"lower_bound":1133868.2180784903,"upper_bound":3875955.6898246296},"point_estimate":2705465.1525096484,"standard_error":682766.6620353543}}