{"mean":{"confidence_interval":{"confidence_level":0.95,"lower_bound":100068547.7265,"upper_bound":100342544.19025},"point_estimate":100199806.6,"standard_error":69570.30371173174},"median":{"confidence_interval":{"confidence_level":0.95,"lower_bound":99949029.0,"upper_bound":100202842.5},"point_estimate":100013116.0,"standard_error":59588.50137666573},"median_abs_dev":{"confidence_interval":{"confidence_level":0.95,"lower_bound":370088.08802962303,"upper_bound":598484.8378747702},"point_estimate":495389.28350508213,"standard_error":58560.273392030285},"slope":null,"std_dev":{"confidence_interval":{"confidence_level":0.95,"lower_bound":522187.04633590183,"upper_bound":872717.0482286997},"point_estimate":701778.5336579847,"standard_error":90059.88615849204}}