{"mean":{"confidence_interval":{"confidence_level":0.95,"lower_bound":98339265.98775001,"upper_bound":98542140.24724999},"point_estimate":98439499.51,"standard_error":51648.46527804852},"median":{"confidence_interval":{"confidence_level":0.95,"lower_bound":98295083.0,"upper_bound":98521936.5},"point_estimate":98415457.5,"standard_error":60610.88673652447},"median_abs_dev":{"confidence_interval":{"confidence_level":0.95,"lower_bound":374694.34082284576,"upper_bound":620859.4953775406},"point_estimate":509634.104052186,"standard_error":61355.789676791355},"slope":null,"std_dev":{"confidence_interval":{"confidence_level":0.95,"lower_bound":436095.84024341166,"upper_bound":598286.174339564},"point_estimate":518980.140835277,"standard_error":41454.945894342214}}