{"mean":{"confidence_interval":{"confidence_level":0.95,"lower_bound":107476292.07475,"upper_bound":107794624.39975},"point_estimate":107627703.92,"standard_error":81201.7732010681},"median":{"confidence_interval":{"confidence_level":0.95,"lower_bound":107345374.0,"upper_bound":107580932.5},"point_estimate":107444451.5,"standard_error":60002.256018760156},"median_abs_dev":{"confidence_interval":{"confidence_level":0.95,"lower_bound":388685.0807994604,"upper_bound":706018.555265665},"point_estimate":528124.3496239185,"standard_error":83340.96152882827},"slope":null,"std_dev":{"confidence_interval":{"confidence_level":0.95,"lower_bound":564911.414391885,"upper_bound":1048534.7058338935},"point_estimate":817740.3015113367,"standard_error":124005.30993907932}}