{"mean":{"confidence_interval":{"confidence_level":0.95,"lower_bound":97254680.06125,"upper_bound":97489043.70175},"point_estimate":97363230.75,"standard_error":59769.55938445004},"median":{"confidence_interval":{"confidence_level":0.95,"lower_bound":97125146.0,"upper_bound":97363245.0},"point_estimate":97295878.5,"standard_error":65265.92208477945},"median_abs_dev":{"confidence_interval":{"confidence_level":0.95,"lower_bound":320888.24882559484,"upper_bound":536357.4126027524},"point_estimate":462182.0092946291,"standard_error":56355.59873724769},"slope":null,"std_dev":{"confidence_interval":{"confidence_level":0.95,"lower_bound":381665.2815758728,"upper_bound":821507.8182024206},"point_estimate":600661.943468656,"standard_error":116308.37641954885}}