{"mean":{"confidence_interval":{"confidence_level":0.95,"lower_bound":104114774.2375,"upper_bound":104516192.27175},"point_estimate":104313086.56,"standard_error":102858.80167576775},"median":{"confidence_interval":{"confidence_level":0.95,"lower_bound":103818194.5,"upper_bound":104257354.0},"point_estimate":104100093.5,"standard_error":130561.29781480311},"median_abs_dev":{"confidence_interval":{"confidence_level":0.95,"lower_bound":606154.3275386095,"upper_bound":1138651.049809903},"point_estimate":904316.3017451763,"standard_error":145317.33784301823},"slope":null,"std_dev":{"confidence_interval":{"confidence_level":0.95,"lower_bound":898914.525831212,"upper_bound":1147505.0144739558},"point_estimate":1036012.6437219694,"standard_error":63171.68240335772}}