{"mean":{"confidence_interval":{"confidence_level":0.95,"lower_bound":100977889.9185,"upper_bound":101251787.47},"point_estimate":101108914.27,"standard_error":69841.50268053568},"median":{"confidence_interval":{"confidence_level":0.95,"lower_bound":100919959.0,"upper_bound":101162772.0},"point_estimate":100984949.5,"standard_error":68224.9692518477},"median_abs_dev":{"confidence_interval":{"confidence_level":0.95,"lower_bound":381404.7736287117,"upper_bound":673294.6086466312},"point_estimate":495602.036601305,"standard_error":70911.48135505256},"slope":null,"std_dev":{"confidence_interval":{"confidence_level":0.95,"lower_bound":510265.0689073222,"upper_bound":920377.9728844534},"point_estimate":703458.7985445448,"standard_error":110201.26196281126}}