{"mean":{"confidence_interval":{"confidence_level":0.95,"lower_bound":22509453.844166674,"upper_bound":22551083.542749994},"point_estimate":22529380.29333333,"standard_error":10582.841828087236},"median":{"confidence_interval":{"confidence_level":0.95,"lower_bound":22496111.666666668,"upper_bound":22547942.5},"point_estimate":22517765.333333336,"standard_error":16539.306687594544},"median_abs_dev":{"confidence_interval":{"confidence_level":0.95,"lower_bound":70738.30414414497,"upper_bound":117056.95122182184},"point_estimate":90510.99869311224,"standard_error":11626.946410030836},"slope":null,"std_dev":{"confidence_interval":{"confidence_level":0.95,"lower_bound":78955.71891862675,"upper_bound":138513.84164921902},"point_estimate":106026.91235131085,"standard_error":16573.559850586855}}