{"mean":{"confidence_interval":{"confidence_level":0.95,"lower_bound":0.05821925549176528,"upper_bound":0.06471879017572543},"point_estimate":0.060695690016235204,"standard_error":0.001605013858748292},"median":{"confidence_interval":{"confidence_level":0.95,"lower_bound":0.05995440538929753,"upper_bound":0.06078103294668313},"point_estimate":0.060267750185970304,"standard_error":0.00021661858864649918}}