{"mean":{"confidence_interval":{"confidence_level":0.95,"lower_bound":-0.011238435914181341,"upper_bound":-0.0036774261777768867},"point_estimate":-0.007386133086164648,"standard_error":0.0018274095043870325},"median":{"confidence_interval":{"confidence_level":0.95,"lower_bound":-0.007968741843082827,"upper_bound":-0.0069918781697385635},"point_estimate":-0.007466953258028153,"standard_error":0.0002493156742203931}}