{"mean":{"confidence_interval":{"confidence_level":0.95,"lower_bound":0.06300527572839246,"upper_bound":0.06795421260145958},"point_estimate":0.06538751144989785,"standard_error":0.0012447021983004384},"median":{"confidence_interval":{"confidence_level":0.95,"lower_bound":0.06420192781233247,"upper_bound":0.06572791901633512},"point_estimate":0.0650900775180141,"standard_error":0.0004163293112667056}}