{"mean":{"confidence_interval":{"confidence_level":0.95,"lower_bound":0.045711741889448806,"upper_bound":0.04925461544823985},"point_estimate":0.04751735044364014,"standard_error":0.0008914062103339766},"median":{"confidence_interval":{"confidence_level":0.95,"lower_bound":0.047585276658923537,"upper_bound":0.04852575422351335},"point_estimate":0.04801818988854234,"standard_error":0.00023741102217329942}}