{"mean":{"confidence_interval":{"confidence_level":0.95,"lower_bound":0.0670178594548695,"upper_bound":0.07306898976509028},"point_estimate":0.06963919105345706,"standard_error":0.0015534922337864458},"median":{"confidence_interval":{"confidence_level":0.95,"lower_bound":0.06857469423779006,"upper_bound":0.07006640329842684},"point_estimate":0.06941200537241299,"standard_error":0.0004155227395764487}}