{"mean":{"confidence_interval":{"confidence_level":0.95,"lower_bound":0.008769593339574678,"upper_bound":0.013269236783174848},"point_estimate":0.010864658192825338,"standard_error":0.0011151075271566945},"median":{"confidence_interval":{"confidence_level":0.95,"lower_bound":0.009943575458827575,"upper_bound":0.010999503463309468},"point_estimate":0.01034255857901445,"standard_error":0.00026752955441199593}}