{"mean":{"confidence_interval":{"confidence_level":0.95,"lower_bound":-0.011893056397043113,"upper_bound":0.0011319017416261136},"point_estimate":-0.0062109704045528735,"standard_error":0.0032934395309635075},"median":{"confidence_interval":{"confidence_level":0.95,"lower_bound":-0.012878157942524115,"upper_bound":-0.011763555403130899},"point_estimate":-0.012421316298691809,"standard_error":0.00026488944566744043}}