{"mean":{"confidence_interval":{"confidence_level":0.95,"lower_bound":0.06377747657729622,"upper_bound":0.0679934000079458},"point_estimate":0.06589807761658384,"standard_error":0.0010663563761853028},"median":{"confidence_interval":{"confidence_level":0.95,"lower_bound":0.0664566735266765,"upper_bound":0.06845181149962598},"point_estimate":0.0670949665851488,"standard_error":0.0004980045667241412}}