{"mean":{"confidence_interval":{"confidence_level":0.95,"lower_bound":0.05022024547132863,"upper_bound":0.0635285571465235},"point_estimate":0.05609583025411213,"standard_error":0.003472289319350397},"median":{"confidence_interval":{"confidence_level":0.95,"lower_bound":0.04919486078007984,"upper_bound":0.0500702186617632},"point_estimate":0.04956877965653983,"standard_error":0.00023028346943192545}}