{"mean":{"confidence_interval":{"confidence_level":0.95,"lower_bound":0.07356368251264536,"upper_bound":0.07737631507966199},"point_estimate":0.07549084632435576,"standard_error":0.0009603411416561671},"median":{"confidence_interval":{"confidence_level":0.95,"lower_bound":0.07522170971094666,"upper_bound":0.07619512395144801},"point_estimate":0.07569214643471023,"standard_error":0.00024345164945422447}}