{"mean":{"confidence_interval":{"confidence_level":0.95,"lower_bound":0.05347660505601024,"upper_bound":0.05738640694434287},"point_estimate":0.05549768750176187,"standard_error":0.0009916523598066263},"median":{"confidence_interval":{"confidence_level":0.95,"lower_bound":0.05483790709112224,"upper_bound":0.055955303983321825},"point_estimate":0.05527257930894436,"standard_error":0.0002962959526727163}}