{"mean":{"confidence_interval":{"confidence_level":0.95,"lower_bound":0.00019254012903940362,"upper_bound":0.00451930194819643},"point_estimate":0.0022081678541645555,"standard_error":0.0011203560070759862},"median":{"confidence_interval":{"confidence_level":0.95,"lower_bound":0.0017359707903306764,"upper_bound":0.0030257989926493582},"point_estimate":0.0023402955409548287,"standard_error":0.00036798609220189125}}