{"mean":{"confidence_interval":{"confidence_level":0.95,"lower_bound":0.09008071649594906,"upper_bound":0.09685668254048999},"point_estimate":0.09381855675993278,"standard_error":0.0017100819166383726},"median":{"confidence_interval":{"confidence_level":0.95,"lower_bound":0.09096654585400721,"upper_bound":0.09803571158191526},"point_estimate":0.09463058566231908,"standard_error":0.002483106121134093}}