{"mean":{"confidence_interval":{"confidence_level":0.95,"lower_bound":0.09006570621059365,"upper_bound":0.09379114433852562},"point_estimate":0.09193513433940259,"standard_error":0.0009393916943133668},"median":{"confidence_interval":{"confidence_level":0.95,"lower_bound":0.09204980566702536,"upper_bound":0.09310815314593368},"point_estimate":0.09247342426288219,"standard_error":0.00027589252426776567}}