{"mean":{"confidence_interval":{"confidence_level":0.95,"lower_bound":0.03897320838147191,"upper_bound":0.04557037634521933},"point_estimate":0.04167906022378287,"standard_error":0.0017588907946809245},"median":{"confidence_interval":{"confidence_level":0.95,"lower_bound":0.04063763749423295,"upper_bound":0.04165294279222942},"point_estimate":0.040973968294814034,"standard_error":0.00026251916158964895}}