{"mean":{"confidence_interval":{"confidence_level":0.95,"lower_bound":-0.16979372232642703,"upper_bound":-0.16435063693533475},"point_estimate":-0.16756608551715646,"standard_error":0.0013787068875147715},"median":{"confidence_interval":{"confidence_level":0.95,"lower_bound":-0.16849616067670636,"upper_bound":-0.16719698030182906},"point_estimate":-0.16786328791222083,"standard_error":0.00031874974858405304}}