{"mean":{"confidence_interval":{"confidence_level":0.95,"lower_bound":0.061438247917726604,"upper_bound":0.06708999599398614},"point_estimate":0.06399584119007873,"standard_error":0.0014216089426766856},"median":{"confidence_interval":{"confidence_level":0.95,"lower_bound":0.06250684381821991,"upper_bound":0.06366916897822672},"point_estimate":0.06293369379909786,"standard_error":0.00029312444113892185}}