{"mean":{"confidence_interval":{"confidence_level":0.95,"lower_bound":0.06436739113530612,"upper_bound":0.07166253413106002},"point_estimate":0.06735684462409752,"standard_error":0.00189552288736461},"median":{"confidence_interval":{"confidence_level":0.95,"lower_bound":0.06344668952882393,"upper_bound":0.06883360121305016},"point_estimate":0.06694109152827887,"standard_error":0.0015128993592107445}}