{"mean":{"confidence_interval":{"confidence_level":0.95,"lower_bound":0.08835923677863167,"upper_bound":0.09374342653484778},"point_estimate":0.09081201045508203,"standard_error":0.0013903488115982639},"median":{"confidence_interval":{"confidence_level":0.95,"lower_bound":0.09002038136625545,"upper_bound":0.09128661760587842},"point_estimate":0.09065888751851614,"standard_error":0.00032110084053087016}}