{"mean":{"confidence_interval":{"confidence_level":0.95,"lower_bound":0.07745768723531472,"upper_bound":0.08793795495412444},"point_estimate":0.08221362518308362,"standard_error":0.002776003091310422},"median":{"confidence_interval":{"confidence_level":0.95,"lower_bound":0.07752543667590633,"upper_bound":0.07890012596644724},"point_estimate":0.07826979927430866,"standard_error":0.0003587254633983462}}