{"mean":{"confidence_interval":{"confidence_level":0.95,"lower_bound":0.07017476295700373,"upper_bound":0.07428820605627044},"point_estimate":0.07214830026988195,"standard_error":0.0010504662586822608},"median":{"confidence_interval":{"confidence_level":0.95,"lower_bound":0.07174661452945452,"upper_bound":0.07278199755260473},"point_estimate":0.07217922776581198,"standard_error":0.00026611506401175356}}