{"mean":{"confidence_interval":{"confidence_level":0.95,"lower_bound":0.03390364891519429,"upper_bound":0.03660342404929556},"point_estimate":0.03528436216514241,"standard_error":0.0006889504287039875},"median":{"confidence_interval":{"confidence_level":0.95,"lower_bound":0.03490229666743194,"upper_bound":0.037792128774263356},"point_estimate":0.036606908847981234,"standard_error":0.0007457824097742342}}