{"mean":{"confidence_interval":{"confidence_level":0.95,"lower_bound":-0.18875502878071831,"upper_bound":-0.18622574785645468},"point_estimate":-0.18746330693927726,"standard_error":0.0006298911781592726},"median":{"confidence_interval":{"confidence_level":0.95,"lower_bound":-0.19027109774085782,"upper_bound":-0.1864240619109767},"point_estimate":-0.1888368322692966,"standard_error":0.0009363530953745684}}