{"mean":{"confidence_interval":{"confidence_level":0.95,"lower_bound":-0.20444875096637571,"upper_bound":-0.2032178407318742},"point_estimate":-0.20382413334754945,"standard_error":0.00031539681036924183},"median":{"confidence_interval":{"confidence_level":0.95,"lower_bound":-0.20469086670261916,"upper_bound":-0.20301912271839928},"point_estimate":-0.20386037578167038,"standard_error":0.000447610429179117}}