{"mean":{"confidence_interval":{"confidence_level":0.95,"lower_bound":0.01192725658832668,"upper_bound":0.013929471755056504},"point_estimate":0.012888237830877225,"standard_error":0.0005126434415525165},"median":{"confidence_interval":{"confidence_level":0.95,"lower_bound":0.011208593132798983,"upper_bound":0.014429900299952747},"point_estimate":0.012735421182766826,"standard_error":0.0008220306259844943}}