{"mean":{"confidence_interval":{"confidence_level":0.95,"lower_bound":-0.06660383727330918,"upper_bound":-0.054712741652971304},"point_estimate":-0.06090433882640811,"standard_error":0.0030380648834284064},"median":{"confidence_interval":{"confidence_level":0.95,"lower_bound":-0.06511556031268961,"upper_bound":-0.06134879782486058},"point_estimate":-0.06261763417332988,"standard_error":0.00094595729727822}}