{"mean":{"confidence_interval":{"confidence_level":0.95,"lower_bound":0.3871717818465497,"upper_bound":0.3918595394621446},"point_estimate":0.3896565414641575,"standard_error":0.001188504103522955},"median":{"confidence_interval":{"confidence_level":0.95,"lower_bound":0.3889442165975,"upper_bound":0.39322106287882175},"point_estimate":0.3913160899627608,"standard_error":0.0011235333740868393}}