{"mean":{"confidence_interval":{"confidence_level":0.95,"lower_bound":0.003805148751645748,"upper_bound":0.005735687278155149},"point_estimate":0.00475850553535917,"standard_error":0.0004917793100018316},"median":{"confidence_interval":{"confidence_level":0.95,"lower_bound":0.0030635403520860027,"upper_bound":0.0057970104908993125},"point_estimate":0.004372613538058401,"standard_error":0.0007054906850877519}}