{"mean":{"confidence_interval":{"confidence_level":0.95,"lower_bound":-0.1962052979438978,"upper_bound":-0.19451025662699098},"point_estimate":-0.1953618749186229,"standard_error":0.00043827522137720624},"median":{"confidence_interval":{"confidence_level":0.95,"lower_bound":-0.19720353164432958,"upper_bound":-0.19513106425428406},"point_estimate":-0.19613332754628132,"standard_error":0.0005400393824129322}}