{"mean":{"confidence_interval":{"confidence_level":0.95,"lower_bound":-0.019604050342010855,"upper_bound":-0.015641498243756338},"point_estimate":-0.017595753016780513,"standard_error":0.0010110447038835279},"median":{"confidence_interval":{"confidence_level":0.95,"lower_bound":-0.02216431360218416,"upper_bound":-0.016304783856607385},"point_estimate":-0.0193819465536621,"standard_error":0.0014844527498767727}}