{"mean":{"confidence_interval":{"confidence_level":0.95,"lower_bound":0.4107936175021923,"upper_bound":0.41451152810553665},"point_estimate":0.4125357489188828,"standard_error":0.0009398708105329932},"median":{"confidence_interval":{"confidence_level":0.95,"lower_bound":0.40821957341073634,"upper_bound":0.4120588701480763},"point_estimate":0.41004370773329835,"standard_error":0.0009933696016687042}}