{"mean":{"confidence_interval":{"confidence_level":0.95,"lower_bound":-0.16169931420448386,"upper_bound":-0.15780123572429072},"point_estimate":-0.15994370450444384,"standard_error":0.001018858801601284},"median":{"confidence_interval":{"confidence_level":0.95,"lower_bound":-0.16439374301871773,"upper_bound":-0.1594898012151733},"point_estimate":-0.1624670876901968,"standard_error":0.001394080623164515}}