{"mean":{"confidence_interval":{"confidence_level":0.95,"lower_bound":0.3734249347465755,"upper_bound":0.3759851350028089},"point_estimate":0.37469447039038095,"standard_error":0.0006530363804517744},"median":{"confidence_interval":{"confidence_level":0.95,"lower_bound":0.3718856559135064,"upper_bound":0.3755805049016405},"point_estimate":0.37353212724723805,"standard_error":0.0009404322931657649}}