{"mean":{"confidence_interval":{"confidence_level":0.95,"lower_bound":-0.146549588284574,"upper_bound":-0.14481497368184623},"point_estimate":-0.14572064421827802,"standard_error":0.00044339940807482087},"median":{"confidence_interval":{"confidence_level":0.95,"lower_bound":-0.14720397806712138,"upper_bound":-0.14518339454108198},"point_estimate":-0.14623765712868797,"standard_error":0.0005354399783036972}}