{"mean":{"confidence_interval":{"confidence_level":0.95,"lower_bound":-0.20418118111596636,"upper_bound":-0.20242804106089662},"point_estimate":-0.20335734106420944,"standard_error":0.00044829942001130854},"median":{"confidence_interval":{"confidence_level":0.95,"lower_bound":-0.20450019794240182,"upper_bound":-0.20238852236576865},"point_estimate":-0.20344267639882785,"standard_error":0.0005449866790683782}}