{"mean":{"confidence_interval":{"confidence_level":0.95,"lower_bound":-0.18204828489673774,"upper_bound":-0.1802440833853005},"point_estimate":-0.18116321653163314,"standard_error":0.0004611065038525752},"median":{"confidence_interval":{"confidence_level":0.95,"lower_bound":-0.18207360892426772,"upper_bound":-0.17978671514183386},"point_estimate":-0.1810287242561378,"standard_error":0.0005882060433755405}}