{"mean":{"confidence_interval":{"confidence_level":0.95,"lower_bound":-0.19013387934967882,"upper_bound":-0.18853680803635786},"point_estimate":-0.18932397551529956,"standard_error":0.0004113221133374169},"median":{"confidence_interval":{"confidence_level":0.95,"lower_bound":-0.19056606192746361,"upper_bound":-0.18827906932376426},"point_estimate":-0.18943210477439243,"standard_error":0.0005719535221798463}}