{"mean":{"confidence_interval":{"confidence_level":0.95,"lower_bound":-0.19065931433800273,"upper_bound":-0.18895066949536943},"point_estimate":-0.18978331487620126,"standard_error":0.0004394293448135764},"median":{"confidence_interval":{"confidence_level":0.95,"lower_bound":-0.19195389879906433,"upper_bound":-0.18874595657195659},"point_estimate":-0.1906512566577433,"standard_error":0.0008118770843716675}}