{"mean":{"confidence_interval":{"confidence_level":0.95,"lower_bound":36047667.12425,"upper_bound":36169214.573},"point_estimate":36105114.47,"standard_error":30953.207983528828},"median":{"confidence_interval":{"confidence_level":0.95,"lower_bound":36015621.5,"upper_bound":36079047.0},"point_estimate":36047976.0,"standard_error":16921.136188322576},"median_abs_dev":{"confidence_interval":{"confidence_level":0.95,"lower_bound":131273.10816943645,"upper_bound":263914.65611457825},"point_estimate":194203.17600220442,"standard_error":35205.96874237218},"slope":null,"std_dev":{"confidence_interval":{"confidence_level":0.95,"lower_bound":214129.2950531906,"upper_bound":400812.7928142972},"point_estimate":309557.56544280716,"standard_error":48402.5411470656}}