{"mean":{"confidence_interval":{"confidence_level":0.95,"lower_bound":158316.30906558296,"upper_bound":159164.9487244},"point_estimate":158689.02897497205,"standard_error":217.81350140852598},"median":{"confidence_interval":{"confidence_level":0.95,"lower_bound":158773.19523809524,"upper_bound":158961.14634230506},"point_estimate":158870.03415915917,"standard_error":40.2774317050997},"median_abs_dev":{"confidence_interval":{"confidence_level":0.95,"lower_bound":281.61777988163146,"upper_bound":457.9164661213364},"point_estimate":346.46872920050174,"standard_error":45.07379941671728},"slope":{"confidence_interval":{"confidence_level":0.95,"lower_bound":157935.89742197978,"upper_bound":158585.87076942454},"point_estimate":158280.7834224915,"standard_error":165.2461616102338},"std_dev":{"confidence_interval":{"confidence_level":0.95,"lower_bound":1044.9195614581702,"upper_bound":3400.3446817665103},"point_estimate":2194.6020298708922,"standard_error":714.7578169502036}}