{"mean":{"confidence_interval":{"confidence_level":0.95,"lower_bound":153682.9911284675,"upper_bound":154089.48113688364},"point_estimate":153833.98813769224,"standard_error":113.07096602413922},"median":{"confidence_interval":{"confidence_level":0.95,"lower_bound":153600.5894736842,"upper_bound":153710.3565782044},"point_estimate":153668.7573051948,"standard_error":24.399205477508563},"median_abs_dev":{"confidence_interval":{"confidence_level":0.95,"lower_bound":139.0454906938361,"upper_bound":245.980094503399},"point_estimate":186.40365237252283,"standard_error":25.36295894462232},"slope":{"confidence_interval":{"confidence_level":0.95,"lower_bound":153682.65777073108,"upper_bound":153780.04960501092},"point_estimate":153729.28792248096,"standard_error":24.902188142843162},"std_dev":{"confidence_interval":{"confidence_level":0.95,"lower_bound":213.2076316509479,"upper_bound":1915.3265235988601},"point_estimate":1137.4938978155221,"standard_error":579.8958646247206}}