{"mean":{"confidence_interval":{"confidence_level":0.95,"lower_bound":6951811.99565625,"upper_bound":6964562.97728125},"point_estimate":6958098.25625,"standard_error":3253.477374143297},"median":{"confidence_interval":{"confidence_level":0.95,"lower_bound":6956278.6875,"upper_bound":6965023.8125},"point_estimate":6960746.3125,"standard_error":2222.0789011293355},"median_abs_dev":{"confidence_interval":{"confidence_level":0.95,"lower_bound":14729.074763506651,"upper_bound":30323.93926382995},"point_estimate":19403.249168023467,"standard_error":4008.7985911057735},"slope":null,"std_dev":{"confidence_interval":{"confidence_level":0.95,"lower_bound":25489.51873625235,"upper_bound":39977.25662999025},"point_estimate":32743.55147973591,"standard_error":3749.9171097176068}}