{"mean":{"confidence_interval":{"confidence_level":0.95,"lower_bound":7023549.6866875,"upper_bound":7034617.4306875},"point_estimate":7029022.83,"standard_error":2824.9511344337448},"median":{"confidence_interval":{"confidence_level":0.95,"lower_bound":7025820.375,"upper_bound":7035065.75},"point_estimate":7030447.125,"standard_error":2627.5348484194037},"median_abs_dev":{"confidence_interval":{"confidence_level":0.95,"lower_bound":17918.888606876135,"upper_bound":31101.3243440911},"point_estimate":24364.4919924438,"standard_error":3471.637526866953},"slope":null,"std_dev":{"confidence_interval":{"confidence_level":0.95,"lower_bound":23919.19101068261,"upper_bound":32746.192999077794},"point_estimate":28525.366020652964,"standard_error":2252.5631446750617}}