{"mean":{"confidence_interval":{"confidence_level":0.95,"lower_bound":7115626.4604375,"upper_bound":7153227.33909375},"point_estimate":7132184.2775,"standard_error":9637.532527851788},"median":{"confidence_interval":{"confidence_level":0.95,"lower_bound":7105019.8125,"upper_bound":7112522.9375},"point_estimate":7108544.9375,"standard_error":2005.4630368706985},"median_abs_dev":{"confidence_interval":{"confidence_level":0.95,"lower_bound":15384.939926862717,"upper_bound":27843.505493178964},"point_estimate":19727.56791226566,"standard_error":3250.167844643586},"slope":null,"std_dev":{"confidence_interval":{"confidence_level":0.95,"lower_bound":40947.16058612379,"upper_bound":141437.13139395826},"point_estimate":96685.63200245851,"standard_error":25832.896463062858}}