{"mean":{"confidence_interval":{"confidence_level":0.95,"lower_bound":6987973.60396875,"upper_bound":7004826.6498125},"point_estimate":6995835.66125,"standard_error":4302.269655425412},"median":{"confidence_interval":{"confidence_level":0.95,"lower_bound":6986992.375,"upper_bound":7001686.0},"point_estimate":6994877.75,"standard_error":3724.4245451154543},"median_abs_dev":{"confidence_interval":{"confidence_level":0.95,"lower_bound":20534.380285441875,"upper_bound":34172.446793317795},"point_estimate":25908.80519002676,"standard_error":3537.1222196419008},"slope":null,"std_dev":{"confidence_interval":{"confidence_level":0.95,"lower_bound":28804.534248453,"upper_bound":60176.49781970089},"point_estimate":43261.04742002462,"standard_error":9041.032381022378}}