{"mean":{"confidence_interval":{"confidence_level":0.95,"lower_bound":7016733.927250001,"upper_bound":7025050.656625},"point_estimate":7020671.27375,"standard_error":2121.553021498344},"median":{"confidence_interval":{"confidence_level":0.95,"lower_bound":7010250.3125,"upper_bound":7020706.0},"point_estimate":7016773.6875,"standard_error":2486.204034598263},"median_abs_dev":{"confidence_interval":{"confidence_level":0.95,"lower_bound":11322.338011488318,"upper_bound":18154.158690199256},"point_estimate":14568.768641352654,"standard_error":1723.918585947328},"slope":null,"std_dev":{"confidence_interval":{"confidence_level":0.95,"lower_bound":15412.920375509608,"upper_bound":27857.59000890111},"point_estimate":21314.37308439928,"standard_error":3351.4275941915694}}