{"mean":{"confidence_interval":{"confidence_level":0.95,"lower_bound":7009292.731718751,"upper_bound":7021704.63821875},"point_estimate":7015293.32125,"standard_error":3158.6887708511904},"median":{"confidence_interval":{"confidence_level":0.95,"lower_bound":6999298.25,"upper_bound":7024444.5},"point_estimate":7007127.875,"standard_error":6397.639029478476},"median_abs_dev":{"confidence_interval":{"confidence_level":0.95,"lower_bound":22875.683631375432,"upper_bound":38512.94354125857},"point_estimate":30461.221071705222,"standard_error":3685.436224395492},"slope":null,"std_dev":{"confidence_interval":{"confidence_level":0.95,"lower_bound":25306.180918551618,"upper_bound":38280.66662705804},"point_estimate":31808.020447549818,"standard_error":3346.416445492811}}