{"mean":{"confidence_interval":{"confidence_level":0.95,"lower_bound":8889095.456500001,"upper_bound":8903344.69583333},"point_estimate":8896111.010000002,"standard_error":3636.58964075114},"median":{"confidence_interval":{"confidence_level":0.95,"lower_bound":8890295.5,"upper_bound":8900853.833333334},"point_estimate":8893517.083333332,"standard_error":2841.4774074619354},"median_abs_dev":{"confidence_interval":{"confidence_level":0.95,"lower_bound":20800.13324197201,"upper_bound":39578.50049734208},"point_estimate":28873.88158738521,"standard_error":4797.26612602095},"slope":null,"std_dev":{"confidence_interval":{"confidence_level":0.95,"lower_bound":29904.262757739874,"upper_bound":42593.22604875743},"point_estimate":36476.39349664097,"standard_error":3246.7070783554946}}