{"mean":{"confidence_interval":{"confidence_level":0.95,"lower_bound":7051385.167142855,"upper_bound":7066523.584285715},"point_estimate":7058520.7114285715,"standard_error":3871.997710617108},"median":{"confidence_interval":{"confidence_level":0.95,"lower_bound":7044684.642857144,"upper_bound":7055000.928571429},"point_estimate":7049404.142857144,"standard_error":2510.867829728975},"median_abs_dev":{"confidence_interval":{"confidence_level":0.95,"lower_bound":19379.699655941655,"upper_bound":32007.42723175359},"point_estimate":25761.44534264174,"standard_error":3106.9631313461073},"slope":null,"std_dev":{"confidence_interval":{"confidence_level":0.95,"lower_bound":27418.35791683813,"upper_bound":49243.471457728934},"point_estimate":38935.07883988917,"standard_error":5582.786611947349}}