{"mean":{"confidence_interval":{"confidence_level":0.95,"lower_bound":6905538.44290625,"upper_bound":6916177.6948437495},"point_estimate":6910347.75625,"standard_error":2735.698391276735},"median":{"confidence_interval":{"confidence_level":0.95,"lower_bound":6901319.125,"upper_bound":6905496.375},"point_estimate":6903388.4375,"standard_error":827.6731923977312},"median_abs_dev":{"confidence_interval":{"confidence_level":0.95,"lower_bound":6213.472244376318,"upper_bound":11306.863374263048},"point_estimate":8630.12178428471,"standard_error":1296.2933466399936},"slope":null,"std_dev":{"confidence_interval":{"confidence_level":0.95,"lower_bound":14527.852719151842,"upper_bound":39194.674237855535},"point_estimate":27470.152298253826,"standard_error":6450.199099519786}}