{"mean":{"confidence_interval":{"confidence_level":0.95,"lower_bound":77022.27199273992,"upper_bound":77300.53197697483},"point_estimate":77132.23835205274,"standard_error":73.56444763120555},"median":{"confidence_interval":{"confidence_level":0.95,"lower_bound":76947.14238901646,"upper_bound":77047.56896551725},"point_estimate":76982.32051282052,"standard_error":26.35801639792457},"median_abs_dev":{"confidence_interval":{"confidence_level":0.95,"lower_bound":107.82582273866352,"upper_bound":200.80415826258366},"point_estimate":154.2703159674467,"standard_error":22.634674328409403},"slope":{"confidence_interval":{"confidence_level":0.95,"lower_bound":76991.97197408778,"upper_bound":77102.76892792879},"point_estimate":77040.50671698627,"standard_error":28.397858581314026},"std_dev":{"confidence_interval":{"confidence_level":0.95,"lower_bound":171.05390302705675,"upper_bound":1217.4857352670485},"point_estimate":742.2046088731919,"standard_error":320.98494811913395}}