{"mean":{"confidence_interval":{"confidence_level":0.95,"lower_bound":74979.01378554174,"upper_bound":75180.89765919675},"point_estimate":75063.0251660068,"standard_error":52.62824293939617},"median":{"confidence_interval":{"confidence_level":0.95,"lower_bound":74909.21892144543,"upper_bound":75055.83691062631},"point_estimate":74955.30025510205,"standard_error":42.130426597367915},"median_abs_dev":{"confidence_interval":{"confidence_level":0.95,"lower_bound":154.6942389427493,"upper_bound":282.04081367242554},"point_estimate":218.79265821386016,"standard_error":32.659272246768154},"slope":{"confidence_interval":{"confidence_level":0.95,"lower_bound":74837.12741245283,"upper_bound":74928.37682619567},"point_estimate":74878.84762692901,"standard_error":23.32848368538305},"std_dev":{"confidence_interval":{"confidence_level":0.95,"lower_bound":200.50057678312098,"upper_bound":838.5444204891095},"point_estimate":527.9424219281756,"standard_error":196.3202051464433}}