{"mean":{"confidence_interval":{"confidence_level":0.95,"lower_bound":2983099.1500138887,"upper_bound":2992029.9468749976},"point_estimate":2987190.9861111105,"standard_error":2289.077128620538},"median":{"confidence_interval":{"confidence_level":0.95,"lower_bound":2977003.972222222,"upper_bound":2985068.611111111},"point_estimate":2981686.0833333335,"standard_error":2225.8410941988213},"median_abs_dev":{"confidence_interval":{"confidence_level":0.95,"lower_bound":9325.883301098835,"upper_bound":16523.494339982746},"point_estimate":12214.523433149092,"standard_error":1913.3978220022004},"slope":null,"std_dev":{"confidence_interval":{"confidence_level":0.95,"lower_bound":13609.232485913451,"upper_bound":31575.602632652135},"point_estimate":22953.91306968754,"standard_error":4706.935548428843}}