{"mean":{"confidence_interval":{"confidence_level":0.95,"lower_bound":3325854.635450001,"upper_bound":3351489.7993499986},"point_estimate":3336247.435333333,"standard_error":6775.628488286452},"median":{"confidence_interval":{"confidence_level":0.95,"lower_bound":3322651.5999999996,"upper_bound":3324958.3333333335},"point_estimate":3323719.7666666666,"standard_error":577.6797275358466},"median_abs_dev":{"confidence_interval":{"confidence_level":0.95,"lower_bound":3314.89586114888,"upper_bound":6802.069839239143},"point_estimate":4728.851456046082,"standard_error":859.9244770293705},"slope":null,"std_dev":{"confidence_interval":{"confidence_level":0.95,"lower_bound":9896.09153542701,"upper_bound":109417.03395263955},"point_estimate":68096.68758784648,"standard_error":27482.7694338573}}