{"mean":{"confidence_interval":{"confidence_level":0.95,"lower_bound":3634759.764321429,"upper_bound":3637909.0186607153},"point_estimate":3636261.7950000004,"standard_error":802.4835043536307},"median":{"confidence_interval":{"confidence_level":0.95,"lower_bound":3633120.714285714,"upper_bound":3636026.8571428573},"point_estimate":3634379.428571428,"standard_error":651.9935713133262},"median_abs_dev":{"confidence_interval":{"confidence_level":0.95,"lower_bound":4382.936172188019,"upper_bound":8076.677804109817},"point_estimate":6140.929090976025,"standard_error":932.6339175141946},"slope":null,"std_dev":{"confidence_interval":{"confidence_level":0.95,"lower_bound":5896.180970273348,"upper_bound":10203.532975550394},"point_estimate":8068.52044634706,"standard_error":1116.4513691113546}}