{"mean":{"confidence_interval":{"confidence_level":0.95,"lower_bound":3625517.0029642866,"upper_bound":3631317.8248214284},"point_estimate":3628320.070714286,"standard_error":1475.2054934286718},"median":{"confidence_interval":{"confidence_level":0.95,"lower_bound":3620638.214285714,"upper_bound":3626533.5714285714},"point_estimate":3624141.8214285714,"standard_error":1399.3602223132955},"median_abs_dev":{"confidence_interval":{"confidence_level":0.95,"lower_bound":6955.723676511121,"upper_bound":13565.736809159733},"point_estimate":10264.304367772269,"standard_error":1686.3290015182251},"slope":null,"std_dev":{"confidence_interval":{"confidence_level":0.95,"lower_bound":11802.728809730885,"upper_bound":17472.902105255034},"point_estimate":14808.516373803519,"standard_error":1447.070520497949}}