{"mean":{"confidence_interval":{"confidence_level":0.95,"lower_bound":2838276.6543194433,"upper_bound":2840730.0144027756},"point_estimate":2839425.2883333326,"standard_error":628.2304579791878},"median":{"confidence_interval":{"confidence_level":0.95,"lower_bound":2836672.111111111,"upper_bound":2838751.861111111},"point_estimate":2837704.611111111,"standard_error":530.7035804335749},"median_abs_dev":{"confidence_interval":{"confidence_level":0.95,"lower_bound":2935.7538645467703,"upper_bound":5315.54612354683},"point_estimate":3944.704329967614,"standard_error":602.5645846031987},"slope":null,"std_dev":{"confidence_interval":{"confidence_level":0.95,"lower_bound":4296.592475428235,"upper_bound":8595.343230483531},"point_estimate":6320.920139845901,"standard_error":1204.6347353109672}}