{"mean":{"confidence_interval":{"confidence_level":0.95,"lower_bound":2921577.3771470585,"upper_bound":2929062.5808823532},"point_estimate":2924825.667647058,"standard_error":1919.3019944099692},"median":{"confidence_interval":{"confidence_level":0.95,"lower_bound":2919546.882352941,"upper_bound":2925908.470588235},"point_estimate":2922463.7647058824,"standard_error":1500.799467143016},"median_abs_dev":{"confidence_interval":{"confidence_level":0.95,"lower_bound":8188.312442863709,"upper_bound":13507.759051953928},"point_estimate":10971.283411103299,"standard_error":1365.522294120053},"slope":null,"std_dev":{"confidence_interval":{"confidence_level":0.95,"lower_bound":9744.105545364699,"upper_bound":29584.114136001666},"point_estimate":19327.80432499231,"standard_error":6210.889865313001}}