{"mean":{"confidence_interval":{"confidence_level":0.95,"lower_bound":3576108.563785715,"upper_bound":3579167.322178572},"point_estimate":3577574.4264285713,"standard_error":780.5955968819558},"median":{"confidence_interval":{"confidence_level":0.95,"lower_bound":3574998.5714285714,"upper_bound":3578049.3571428573},"point_estimate":3576514.1071428573,"standard_error":859.989863179332},"median_abs_dev":{"confidence_interval":{"confidence_level":0.95,"lower_bound":4448.9118710160255,"upper_bound":8012.467987750152},"point_estimate":5958.463394216227,"standard_error":882.1994682348214},"slope":null,"std_dev":{"confidence_interval":{"confidence_level":0.95,"lower_bound":5886.106786395722,"upper_bound":9701.209534808404},"point_estimate":7833.121798098098,"standard_error":979.9910152847372}}