{"mean":{"confidence_interval":{"confidence_level":0.95,"lower_bound":3110275.6882794113,"upper_bound":3115201.097647059},"point_estimate":3112413.9664705885,"standard_error":1266.6390617754491},"median":{"confidence_interval":{"confidence_level":0.95,"lower_bound":3108903.7647058824,"upper_bound":3111423.529411765},"point_estimate":3110517.7647058824,"standard_error":641.3248967431753},"median_abs_dev":{"confidence_interval":{"confidence_level":0.95,"lower_bound":4011.9155287742615,"upper_bound":6697.4273516857},"point_estimate":5599.736494702634,"standard_error":669.6196346561494},"slope":null,"std_dev":{"confidence_interval":{"confidence_level":0.95,"lower_bound":5664.615597365134,"upper_bound":19590.4731330818},"point_estimate":12772.567341796806,"standard_error":4010.0473218707175}}