{"mean":{"confidence_interval":{"confidence_level":0.95,"lower_bound":3609710.669392857,"upper_bound":3613170.5593392868},"point_estimate":3611334.9899999993,"standard_error":885.4927893111608},"median":{"confidence_interval":{"confidence_level":0.95,"lower_bound":3607860.4285714286,"upper_bound":3610252.3571428573},"point_estimate":3609186.428571428,"standard_error":728.431419055503},"median_abs_dev":{"confidence_interval":{"confidence_level":0.95,"lower_bound":3157.4084439445974,"upper_bound":5895.823545327962},"point_estimate":4755.863015566504,"standard_error":699.779981298292},"slope":null,"std_dev":{"confidence_interval":{"confidence_level":0.95,"lower_bound":5963.595060589394,"upper_bound":11423.029591439126},"point_estimate":8890.749741082995,"standard_error":1398.0181689824926}}