{"mean":{"confidence_interval":{"confidence_level":0.95,"lower_bound":3649141.9135357128,"upper_bound":3661001.1392321424},"point_estimate":3654784.6957142856,"standard_error":3022.5342792113706},"median":{"confidence_interval":{"confidence_level":0.95,"lower_bound":3638429.1071428573,"upper_bound":3646924.6428571427},"point_estimate":3640410.3214285714,"standard_error":2448.378230109149},"median_abs_dev":{"confidence_interval":{"confidence_level":0.95,"lower_bound":9493.617131454112,"upper_bound":21933.160410608612},"point_estimate":12901.58497095108,"standard_error":3424.8097400266065},"slope":null,"std_dev":{"confidence_interval":{"confidence_level":0.95,"lower_bound":22603.108274533213,"upper_bound":39312.67136256268},"point_estimate":30394.296937042596,"standard_error":4637.909936749413}}