{"mean":{"confidence_interval":{"confidence_level":0.95,"lower_bound":2896679.695194443,"upper_bound":2902191.0481805555},"point_estimate":2899165.9805555562,"standard_error":1411.8561032115228},"median":{"confidence_interval":{"confidence_level":0.95,"lower_bound":2895082.5555555555,"upper_bound":2898454.1666666665},"point_estimate":2896983.611111111,"standard_error":835.9462274436286},"median_abs_dev":{"confidence_interval":{"confidence_level":0.95,"lower_bound":5376.236971219074,"upper_bound":9704.844091037492},"point_estimate":7171.418439348116,"standard_error":1114.4326990866327},"slope":null,"std_dev":{"confidence_interval":{"confidence_level":0.95,"lower_bound":7549.667871929372,"upper_bound":20168.490488808187},"point_estimate":14171.685495391708,"standard_error":3309.4923236872146}}