{"mean":{"confidence_interval":{"confidence_level":0.95,"lower_bound":2893322.338194445,"upper_bound":2898043.836541666},"point_estimate":2895540.6666666656,"standard_error":1206.1327029600745},"median":{"confidence_interval":{"confidence_level":0.95,"lower_bound":2891358.1666666665,"upper_bound":2895318.4444444445},"point_estimate":2892945.9166666665,"standard_error":935.2123415857719},"median_abs_dev":{"confidence_interval":{"confidence_level":0.95,"lower_bound":7020.605075359575,"upper_bound":10495.489947000986},"point_estimate":8553.407531480072,"standard_error":863.5829967764962},"slope":null,"std_dev":{"confidence_interval":{"confidence_level":0.95,"lower_bound":8163.433389678365,"upper_bound":16089.797941417284},"point_estimate":12098.896500347693,"standard_error":2078.8911811887497}}