{"mean":{"confidence_interval":{"confidence_level":0.95,"lower_bound":2889685.2072352944,"upper_bound":2899715.075308825},"point_estimate":2894180.8282352937,"standard_error":2578.3148684300304},"median":{"confidence_interval":{"confidence_level":0.95,"lower_bound":2886657.117647059,"upper_bound":2889824.7647058824},"point_estimate":2888108.029411765,"standard_error":922.3788143604596},"median_abs_dev":{"confidence_interval":{"confidence_level":0.95,"lower_bound":4227.633824944496,"upper_bound":7194.883248735917},"point_estimate":5813.492526201418,"standard_error":798.3617756388791},"slope":null,"std_dev":{"confidence_interval":{"confidence_level":0.95,"lower_bound":12654.128083041369,"upper_bound":35823.58932789935},"point_estimate":25833.779757762004,"standard_error":5964.396464361133}}