{"mean":{"confidence_interval":{"confidence_level":0.95,"lower_bound":3620708.628732144,"upper_bound":3625571.432017856},"point_estimate":3623055.88,"standard_error":1245.411735415326},"median":{"confidence_interval":{"confidence_level":0.95,"lower_bound":3618252.8571428573,"upper_bound":3623472.1428571427},"point_estimate":3620831.75,"standard_error":1364.803882037029},"median_abs_dev":{"confidence_interval":{"confidence_level":0.95,"lower_bound":7848.037060669589,"upper_bound":14226.65869742701},"point_estimate":10274.47076759163,"standard_error":1614.249984056038},"slope":null,"std_dev":{"confidence_interval":{"confidence_level":0.95,"lower_bound":9741.585632496328,"upper_bound":15451.478183125482},"point_estimate":12542.563961108577,"standard_error":1489.7605064387917}}