{"mean":{"confidence_interval":{"confidence_level":0.95,"lower_bound":2888199.474652777,"upper_bound":2894598.5679166676},"point_estimate":2890840.226666667,"standard_error":1657.625035861131},"median":{"confidence_interval":{"confidence_level":0.95,"lower_bound":2886085.361111111,"upper_bound":2890767.611111111},"point_estimate":2888965.4444444445,"standard_error":1336.5127770156664},"median_abs_dev":{"confidence_interval":{"confidence_level":0.95,"lower_bound":5900.994995236167,"upper_bound":9599.17589624715},"point_estimate":8261.170603335135,"standard_error":962.2797253372898},"slope":null,"std_dev":{"confidence_interval":{"confidence_level":0.95,"lower_bound":7236.243531980353,"upper_bound":26218.15636584364},"point_estimate":16579.837167262365,"standard_error":6159.616511899193}}