{"mean":{"confidence_interval":{"confidence_level":0.95,"lower_bound":2998699.644852942,"upper_bound":3004002.5735882353},"point_estimate":3001071.3217647076,"standard_error":1354.72683169292},"median":{"confidence_interval":{"confidence_level":0.95,"lower_bound":2996713.0588235296,"upper_bound":3002713.0},"point_estimate":2998208.882352941,"standard_error":1462.1365528093284},"median_abs_dev":{"confidence_interval":{"confidence_level":0.95,"lower_bound":7394.947033419045,"upper_bound":11882.25388316531},"point_estimate":9085.765091636338,"standard_error":1106.300298464965},"slope":null,"std_dev":{"confidence_interval":{"confidence_level":0.95,"lower_bound":8096.2938474694765,"upper_bound":19957.365319720182},"point_estimate":13606.578418441797,"standard_error":3689.5663003148725}}