{"mean":{"confidence_interval":{"confidence_level":0.95,"lower_bound":3219211.437735293,"upper_bound":3225210.3497794108},"point_estimate":3221749.3341176454,"standard_error":1550.6391604292635},"median":{"confidence_interval":{"confidence_level":0.95,"lower_bound":3216854.9411764704,"upper_bound":3219515.6470588236},"point_estimate":3217647.2647058824,"standard_error":742.6096146561418},"median_abs_dev":{"confidence_interval":{"confidence_level":0.95,"lower_bound":3551.742660473334,"upper_bound":6198.704703774868},"point_estimate":4559.605401403966,"standard_error":692.2277762009512},"slope":null,"std_dev":{"confidence_interval":{"confidence_level":0.95,"lower_bound":6773.056867977994,"upper_bound":24249.873998893658},"point_estimate":15563.700622557672,"standard_error":5417.305350268183}}