{"mean":{"confidence_interval":{"confidence_level":0.95,"lower_bound":2922710.2390694437,"upper_bound":2928634.536791667},"point_estimate":2925238.1422222233,"standard_error":1530.6292653772168},"median":{"confidence_interval":{"confidence_level":0.95,"lower_bound":2920661.666666667,"upper_bound":2924824.222222222},"point_estimate":2922641.1944444445,"standard_error":813.1380451259968},"median_abs_dev":{"confidence_interval":{"confidence_level":0.95,"lower_bound":5396.540354192372,"upper_bound":9395.15366653609},"point_estimate":7429.843851427429,"standard_error":984.0443497735411},"slope":null,"std_dev":{"confidence_interval":{"confidence_level":0.95,"lower_bound":7460.8855539381375,"upper_bound":23801.54829735071},"point_estimate":15371.374364360392,"standard_error":5256.703723058439}}