{"mean":{"confidence_interval":{"confidence_level":0.95,"lower_bound":4923897.099250001,"upper_bound":4932329.267250001},"point_estimate":4928288.65909091,"standard_error":2149.787503504988},"median":{"confidence_interval":{"confidence_level":0.95,"lower_bound":4929015.681818182,"upper_bound":4934159.7272727275},"point_estimate":4931468.0,"standard_error":1271.7331790100116},"median_abs_dev":{"confidence_interval":{"confidence_level":0.95,"lower_bound":9409.253342042643,"upper_bound":15938.707864759332},"point_estimate":12341.499135440423,"standard_error":1794.575989897718},"slope":null,"std_dev":{"confidence_interval":{"confidence_level":0.95,"lower_bound":16999.59593139095,"upper_bound":25383.81467388683},"point_estimate":21613.74523860297,"standard_error":2139.648590442236}}