{"mean":{"confidence_interval":{"confidence_level":0.95,"lower_bound":3002516.890397059,"upper_bound":3046028.8311176472},"point_estimate":3020316.63647059,"standard_error":11315.121536017363},"median":{"confidence_interval":{"confidence_level":0.95,"lower_bound":2997817.7352941176,"upper_bound":3000236.117647059},"point_estimate":2999200.088235294,"standard_error":653.6280910343111},"median_abs_dev":{"confidence_interval":{"confidence_level":0.95,"lower_bound":3760.6148332357407,"upper_bound":7392.723133458871},"point_estimate":5623.58891192568,"standard_error":961.0531379095579},"slope":null,"std_dev":{"confidence_interval":{"confidence_level":0.95,"lower_bound":17660.493408354432,"upper_bound":182514.47698360443},"point_estimate":113428.83988489758,"standard_error":44077.766879819705}}