{"mean":{"confidence_interval":{"confidence_level":0.95,"lower_bound":2894381.3121805554,"upper_bound":2897636.759805556},"point_estimate":2895948.4872222217,"standard_error":827.5426247168522},"median":{"confidence_interval":{"confidence_level":0.95,"lower_bound":2892237.0555555555,"upper_bound":2895515.111111111},"point_estimate":2893309.027777778,"standard_error":892.0273425303853},"median_abs_dev":{"confidence_interval":{"confidence_level":0.95,"lower_bound":4055.1168446737597,"upper_bound":6963.154326379529},"point_estimate":4960.73832859634,"standard_error":746.4448652981688},"slope":null,"std_dev":{"confidence_interval":{"confidence_level":0.95,"lower_bound":6583.970786320123,"upper_bound":9904.972071554786},"point_estimate":8330.437413009737,"standard_error":846.5076212871429}}