{"mean":{"confidence_interval":{"confidence_level":0.95,"lower_bound":102887792.82200001,"upper_bound":103282226.34375},"point_estimate":103076051.68,"standard_error":100314.49543454162},"median":{"confidence_interval":{"confidence_level":0.95,"lower_bound":102804336.0,"upper_bound":103116601.0},"point_estimate":102990911.0,"standard_error":75908.3265584717},"median_abs_dev":{"confidence_interval":{"confidence_level":0.95,"lower_bound":526570.4365915061,"upper_bound":1045484.2821389437},"point_estimate":778556.9828778505,"standard_error":136001.193512946},"slope":null,"std_dev":{"confidence_interval":{"confidence_level":0.95,"lower_bound":762964.3922371365,"upper_bound":1242366.6349599243},"point_estimate":1007236.041473953,"standard_error":123104.97730983346}}