{"mean":{"confidence_interval":{"confidence_level":0.95,"lower_bound":99869120.178,"upper_bound":100083248.24475},"point_estimate":99972067.38,"standard_error":54777.119108053696},"median":{"confidence_interval":{"confidence_level":0.95,"lower_bound":99839754.0,"upper_bound":100002089.0},"point_estimate":99928896.5,"standard_error":38196.61307917733},"median_abs_dev":{"confidence_interval":{"confidence_level":0.95,"lower_bound":281983.1019937992,"upper_bound":555058.7433457375},"point_estimate":437951.1366248131,"standard_error":67710.54832044919},"slope":null,"std_dev":{"confidence_interval":{"confidence_level":0.95,"lower_bound":400810.73623665544,"upper_bound":705999.3039521809},"point_estimate":549630.5494709634,"standard_error":80094.53066733667}}