{"mean":{"confidence_interval":{"confidence_level":0.95,"lower_bound":100709373.9,"upper_bound":100970279.03},"point_estimate":100838098.91,"standard_error":66387.73086526466},"median":{"confidence_interval":{"confidence_level":0.95,"lower_bound":100612407.0,"upper_bound":100918444.0},"point_estimate":100800719.5,"standard_error":73202.08247675998},"median_abs_dev":{"confidence_interval":{"confidence_level":0.95,"lower_bound":526704.7601491213,"upper_bound":833919.4527299699},"point_estimate":703773.8989055157,"standard_error":81785.74280782377},"slope":null,"std_dev":{"confidence_interval":{"confidence_level":0.95,"lower_bound":559941.651765089,"upper_bound":772406.8002751846},"point_estimate":668075.3334019474,"standard_error":54532.889689042284}}