{"mean":{"confidence_interval":{"confidence_level":0.95,"lower_bound":103238635.77475001,"upper_bound":103495607.38875},"point_estimate":103365758.86,"standard_error":65501.91011770448},"median":{"confidence_interval":{"confidence_level":0.95,"lower_bound":103216438.5,"upper_bound":103477894.0},"point_estimate":103357823.5,"standard_error":62365.12894789392},"median_abs_dev":{"confidence_interval":{"confidence_level":0.95,"lower_bound":447830.2191594243,"upper_bound":693030.2381962538},"point_estimate":575499.3491828442,"standard_error":65046.68395839421},"slope":null,"std_dev":{"confidence_interval":{"confidence_level":0.95,"lower_bound":537516.9044438546,"upper_bound":765945.2740357827},"point_estimate":656466.6455516831,"standard_error":58382.85598664405}}