{"mean":{"confidence_interval":{"confidence_level":0.95,"lower_bound":97982602.1575,"upper_bound":98883567.44274999},"point_estimate":98350355.37,"standard_error":236298.05478332558},"median":{"confidence_interval":{"confidence_level":0.95,"lower_bound":97924109.5,"upper_bound":98067278.0},"point_estimate":98009816.5,"standard_error":42628.10134510264},"median_abs_dev":{"confidence_interval":{"confidence_level":0.95,"lower_bound":250487.4894529581,"upper_bound":425392.03224778175},"point_estimate":326455.912104249,"standard_error":43506.52805096136},"slope":null,"std_dev":{"confidence_interval":{"confidence_level":0.95,"lower_bound":393162.9373719813,"upper_bound":3760434.5757005643},"point_estimate":2372652.304968904,"standard_error":916531.3476438903}}