{"mean":{"confidence_interval":{"confidence_level":0.95,"lower_bound":86162301.69524999,"upper_bound":86439529.46125},"point_estimate":86291873.47,"standard_error":70763.10315017913},"median":{"confidence_interval":{"confidence_level":0.95,"lower_bound":86028066.0,"upper_bound":86308994.0},"point_estimate":86114635.0,"standard_error":77959.91375229249},"median_abs_dev":{"confidence_interval":{"confidence_level":0.95,"lower_bound":365264.44901525974,"upper_bound":564040.3339862823},"point_estimate":448605.1000356674,"standard_error":50751.513222838104},"slope":null,"std_dev":{"confidence_interval":{"confidence_level":0.95,"lower_bound":438835.18264817947,"upper_bound":939053.5174375135},"point_estimate":710528.8292040868,"standard_error":126218.52320595397}}