{"mean":{"confidence_interval":{"confidence_level":0.95,"lower_bound":100334913.3725,"upper_bound":100617539.167},"point_estimate":100465761.91,"standard_error":72251.15766632382},"median":{"confidence_interval":{"confidence_level":0.95,"lower_bound":100289201.5,"upper_bound":100435941.0},"point_estimate":100354709.5,"standard_error":43530.46360392748},"median_abs_dev":{"confidence_interval":{"confidence_level":0.95,"lower_bound":334255.1292657852,"upper_bound":549129.0847510099},"point_estimate":440705.06607592106,"standard_error":53291.366236354974},"slope":null,"std_dev":{"confidence_interval":{"confidence_level":0.95,"lower_bound":446187.3800475923,"upper_bound":1011773.0607964835},"point_estimate":727465.2233281261,"standard_error":150199.27343369817}}