{"mean":{"confidence_interval":{"confidence_level":0.95,"lower_bound":99952229.814,"upper_bound":100313552.84225},"point_estimate":100127723.97,"standard_error":92486.08566103216},"median":{"confidence_interval":{"confidence_level":0.95,"lower_bound":99710120.0,"upper_bound":100025572.5},"point_estimate":99848089.5,"standard_error":98297.84565415104},"median_abs_dev":{"confidence_interval":{"confidence_level":0.95,"lower_bound":445661.3977879286,"upper_bound":921171.9808459282},"point_estimate":613057.313016057,"standard_error":117173.19222287116},"slope":null,"std_dev":{"confidence_interval":{"confidence_level":0.95,"lower_bound":747022.8571987689,"upper_bound":1089744.9777654065},"point_estimate":930180.8844121486,"standard_error":87602.65783357511}}