{"mean":{"confidence_interval":{"confidence_level":0.95,"lower_bound":83853.62767237172,"upper_bound":84207.69341842148},"point_estimate":83984.55143189403,"standard_error":100.86239421078048},"median":{"confidence_interval":{"confidence_level":0.95,"lower_bound":83845.171984127,"upper_bound":83944.9205128205},"point_estimate":83909.58530927835,"standard_error":26.27216383027592},"median_abs_dev":{"confidence_interval":{"confidence_level":0.95,"lower_bound":139.08754730262123,"upper_bound":244.20698998604936},"point_estimate":172.97785350405442,"standard_error":27.682182481935662},"slope":{"confidence_interval":{"confidence_level":0.95,"lower_bound":83813.63949592916,"upper_bound":83922.19027563807},"point_estimate":83868.09534086991,"standard_error":27.699111537939434},"std_dev":{"confidence_interval":{"confidence_level":0.95,"lower_bound":181.7644645949463,"upper_bound":1720.049324459805},"point_estimate":1015.2762992165947,"standard_error":537.5174971459256}}