{"mean":{"confidence_interval":{"confidence_level":0.95,"lower_bound":84285.74905365634,"upper_bound":84913.8002234794},"point_estimate":84530.572382629,"standard_error":167.0041338981824},"median":{"confidence_interval":{"confidence_level":0.95,"lower_bound":84210.45886075949,"upper_bound":84258.77339181287},"point_estimate":84224.85357142857,"standard_error":13.712216683848059},"median_abs_dev":{"confidence_interval":{"confidence_level":0.95,"lower_bound":72.73302736026145,"upper_bound":141.62032626914518},"point_estimate":99.67838630441354,"standard_error":17.57857261618377},"slope":{"confidence_interval":{"confidence_level":0.95,"lower_bound":84244.52265978951,"upper_bound":84622.70213822862},"point_estimate":84393.10254100783,"standard_error":100.0731165846804},"std_dev":{"confidence_interval":{"confidence_level":0.95,"lower_bound":231.2170190031155,"upper_bound":2786.8888282431776},"point_estimate":1689.2822041794614,"standard_error":754.8587859202684}}