{"mean":{"confidence_interval":{"confidence_level":0.95,"lower_bound":0.015283747140205218,"upper_bound":0.024368945635803493},"point_estimate":0.019739341558445922,"standard_error":0.0023218938689732096},"median":{"confidence_interval":{"confidence_level":0.95,"lower_bound":0.016099136056699548,"upper_bound":0.02047837182976142},"point_estimate":0.017326125627336708,"standard_error":0.0010782033287106705}}