{"mean":{"confidence_interval":{"confidence_level":0.95,"lower_bound":0.041649621080554075,"upper_bound":0.04909409220194212},"point_estimate":0.04551258938514802,"standard_error":0.0018600191699159913},"median":{"confidence_interval":{"confidence_level":0.95,"lower_bound":0.04456877944113519,"upper_bound":0.04612974499893374},"point_estimate":0.04542144358883693,"standard_error":0.0004021674451420915}}