{"mean":{"confidence_interval":{"confidence_level":0.95,"lower_bound":-0.12496587613555633,"upper_bound":-0.11949771906606048},"point_estimate":-0.12217544562404814,"standard_error":0.0013622411821575884},"median":{"confidence_interval":{"confidence_level":0.95,"lower_bound":-0.12242590374192863,"upper_bound":-0.12090086602559635},"point_estimate":-0.1218118412262098,"standard_error":0.0004124546132443691}}