{"mean":{"confidence_interval":{"confidence_level":0.95,"lower_bound":-0.0181556593189275,"upper_bound":-0.00746422330286659},"point_estimate":-0.012758315551871013,"standard_error":0.0027464569840626118},"median":{"confidence_interval":{"confidence_level":0.95,"lower_bound":-0.01796519115334838,"upper_bound":-0.01652379576155716},"point_estimate":-0.017260435975983368,"standard_error":0.00037451737112211827}}