{"mean":{"confidence_interval":{"confidence_level":0.95,"lower_bound":0.023717242174427278,"upper_bound":0.029621659780273805},"point_estimate":0.027091735697839292,"standard_error":0.0015191723915846435},"median":{"confidence_interval":{"confidence_level":0.95,"lower_bound":0.026668217032986608,"upper_bound":0.028502658411788673},"point_estimate":0.027469277249790647,"standard_error":0.0004678235896789888}}