{"mean":{"confidence_interval":{"confidence_level":0.95,"lower_bound":-0.12203816447892489,"upper_bound":-0.1158846342292364},"point_estimate":-0.1189793235089005,"standard_error":0.0015399070322876965},"median":{"confidence_interval":{"confidence_level":0.95,"lower_bound":-0.12018451024420218,"upper_bound":-0.11881006329323496},"point_estimate":-0.11959421132613768,"standard_error":0.00036844799699370606}}