{"mean":{"confidence_interval":{"confidence_level":0.95,"lower_bound":-0.018739466177973018,"upper_bound":-0.011859328073682474},"point_estimate":-0.01507454620004034,"standard_error":0.001783225461730166},"median":{"confidence_interval":{"confidence_level":0.95,"lower_bound":-0.016528923998779477,"upper_bound":-0.015040269588552091},"point_estimate":-0.01594099646660807,"standard_error":0.00037382002706836087}}