{"mean":{"confidence_interval":{"confidence_level":0.95,"lower_bound":-0.07170141631367699,"upper_bound":-0.06657672316203027},"point_estimate":-0.06865734895581721,"standard_error":0.0013388025820965483},"median":{"confidence_interval":{"confidence_level":0.95,"lower_bound":-0.06893417621647391,"upper_bound":-0.06770195388595701},"point_estimate":-0.068394206900521,"standard_error":0.00031491780983969526}}