{"mean":{"confidence_interval":{"confidence_level":0.95,"lower_bound":0.010890082586850139,"upper_bound":0.017280038553442078},"point_estimate":0.014391663479633054,"standard_error":0.0016116826787501265},"median":{"confidence_interval":{"confidence_level":0.95,"lower_bound":0.013872498367736963,"upper_bound":0.016430566979652284},"point_estimate":0.015387653090454867,"standard_error":0.0006470611561712365}}