{"mean":{"confidence_interval":{"confidence_level":0.95,"lower_bound":0.00044103496653782333,"upper_bound":0.007911590769762271},"point_estimate":0.004210793362847465,"standard_error":0.001863524827140891},"median":{"confidence_interval":{"confidence_level":0.95,"lower_bound":0.002401696077098725,"upper_bound":0.004175958186656281},"point_estimate":0.0030444691483384467,"standard_error":0.0004686566009541211}}