{"mean":{"confidence_interval":{"confidence_level":0.95,"lower_bound":-0.01631641150487643,"upper_bound":-0.010806718209257627},"point_estimate":-0.013035450602343568,"standard_error":0.0014328026363648674},"median":{"confidence_interval":{"confidence_level":0.95,"lower_bound":-0.013455976571144395,"upper_bound":-0.011722621918619502},"point_estimate":-0.012577778728153355,"standard_error":0.0004478545662784971}}