{"mean":{"confidence_interval":{"confidence_level":0.95,"lower_bound":0.007478196125381156,"upper_bound":0.017179535523668386},"point_estimate":0.01209957767210268,"standard_error":0.0024482681141778833},"median":{"confidence_interval":{"confidence_level":0.95,"lower_bound":0.008641686161460882,"upper_bound":0.010453140163439123},"point_estimate":0.009511830472101357,"standard_error":0.0004654645806274711}}