{"mean":{"confidence_interval":{"confidence_level":0.95,"lower_bound":-0.1429701160986122,"upper_bound":-0.13724890235711323},"point_estimate":-0.13997686135233178,"standard_error":0.001471981841804262},"median":{"confidence_interval":{"confidence_level":0.95,"lower_bound":-0.14073699075494905,"upper_bound":-0.13915381511063718},"point_estimate":-0.14000311616239935,"standard_error":0.0004114060536507823}}