{"mean":{"confidence_interval":{"confidence_level":0.95,"lower_bound":-0.019933998386076388,"upper_bound":-0.00908395932697383},"point_estimate":-0.014765805634532891,"standard_error":0.0027809257174831892},"median":{"confidence_interval":{"confidence_level":0.95,"lower_bound":-0.019340011218382802,"upper_bound":-0.017579638294588085},"point_estimate":-0.01844203619931306,"standard_error":0.00045212766951919765}}