{"mean":{"confidence_interval":{"confidence_level":0.95,"lower_bound":-0.009791528309260738,"upper_bound":-0.002729224325601049},"point_estimate":-0.005967644787073123,"standard_error":0.001786486140843997},"median":{"confidence_interval":{"confidence_level":0.95,"lower_bound":-0.00671773526387176,"upper_bound":-0.004647325728026286},"point_estimate":-0.005577262577031172,"standard_error":0.0005125994780677592}}