{"mean":{"confidence_interval":{"confidence_level":0.95,"lower_bound":0.007977587886098465,"upper_bound":0.015502450086224251},"point_estimate":0.011892072281771027,"standard_error":0.0018955360535853223},"median":{"confidence_interval":{"confidence_level":0.95,"lower_bound":0.009780928354913732,"upper_bound":0.012002038882750865},"point_estimate":0.010905528396197406,"standard_error":0.000583525492925083}}