{"mean":{"confidence_interval":{"confidence_level":0.95,"lower_bound":-0.015597580489387438,"upper_bound":-0.009616977694089415},"point_estimate":-0.012223831260720797,"standard_error":0.0015252466608990927},"median":{"confidence_interval":{"confidence_level":0.95,"lower_bound":-0.013592157735912158,"upper_bound":-0.010186296866319779},"point_estimate":-0.011677647902975319,"standard_error":0.000836337967840521}}