{"mean":{"confidence_interval":{"confidence_level":0.95,"lower_bound":0.016904142979958164,"upper_bound":0.020909445561347734},"point_estimate":0.018744440800235074,"standard_error":0.0010188137199338904},"median":{"confidence_interval":{"confidence_level":0.95,"lower_bound":0.01487260558335235,"upper_bound":0.018902376142403803},"point_estimate":0.016680031513792493,"standard_error":0.001034497642259879}}