{"mean":{"confidence_interval":{"confidence_level":0.95,"lower_bound":0.0035856421419268327,"upper_bound":0.014554079618411018},"point_estimate":0.008853885262257943,"standard_error":0.0029817639772213556},"median":{"confidence_interval":{"confidence_level":0.95,"lower_bound":-0.0016590767929788308,"upper_bound":0.008813803603112902},"point_estimate":0.0023987695271761034,"standard_error":0.002788479956440253}}