{"mean":{"confidence_interval":{"confidence_level":0.95,"lower_bound":0.03967741475827598,"upper_bound":0.045860314993293},"point_estimate":0.042711911351235976,"standard_error":0.0015488401810913282},"median":{"confidence_interval":{"confidence_level":0.95,"lower_bound":0.03762320644053463,"upper_bound":0.04537617450292396},"point_estimate":0.041464642983231714,"standard_error":0.0020398484675706067}}