{"mean":{"confidence_interval":{"confidence_level":0.95,"lower_bound":-0.14971373707792773,"upper_bound":-0.1474612198458436},"point_estimate":-0.14856588145484872,"standard_error":0.0005746137742617841},"median":{"confidence_interval":{"confidence_level":0.95,"lower_bound":-0.15025073884906304,"upper_bound":-0.14744966262206072},"point_estimate":-0.1487733894547616,"standard_error":0.0007686592393628361}}