{"mean":{"confidence_interval":{"confidence_level":0.95,"lower_bound":0.014962521229159604,"upper_bound":0.03227259125790826},"point_estimate":0.02231186890332104,"standard_error":0.00463442678845991},"median":{"confidence_interval":{"confidence_level":0.95,"lower_bound":0.0126217950371037,"upper_bound":0.016166208970910922},"point_estimate":0.014828741388553723,"standard_error":0.0009612559199622786}}