{"mean":{"confidence_interval":{"confidence_level":0.95,"lower_bound":-0.014852255442918688,"upper_bound":-0.012513384137222992},"point_estimate":-0.013693507935628957,"standard_error":0.0005980208420606169},"median":{"confidence_interval":{"confidence_level":0.95,"lower_bound":-0.015863387002228002,"upper_bound":-0.01243163076277265},"point_estimate":-0.01402537993135411,"standard_error":0.0009128378814482008}}