{"mean":{"confidence_interval":{"confidence_level":0.95,"lower_bound":-0.14856531933169176,"upper_bound":-0.1462186948134201},"point_estimate":-0.14743926909346716,"standard_error":0.0005961610579508784},"median":{"confidence_interval":{"confidence_level":0.95,"lower_bound":-0.14992049845442446,"upper_bound":-0.14720000504236427},"point_estimate":-0.14846811375173252,"standard_error":0.0007437115319769817}}