{"mean":{"confidence_interval":{"confidence_level":0.95,"lower_bound":-0.0060105768972285424,"upper_bound":-0.0030561115965418665},"point_estimate":-0.004543872414858319,"standard_error":0.0007509484424699524},"median":{"confidence_interval":{"confidence_level":0.95,"lower_bound":-0.007779976356245499,"upper_bound":-0.0041936366861862195},"point_estimate":-0.005952185913518426,"standard_error":0.0009418929534385382}}