{"mean":{"confidence_interval":{"confidence_level":0.95,"lower_bound":-0.044432678289581216,"upper_bound":-0.04228121073823428},"point_estimate":-0.04338730147858183,"standard_error":0.0005503010255847329},"median":{"confidence_interval":{"confidence_level":0.95,"lower_bound":-0.04548447484814677,"upper_bound":-0.042657675936317196},"point_estimate":-0.043862834763046754,"standard_error":0.0008045876512299136}}