{"mean":{"confidence_interval":{"confidence_level":0.95,"lower_bound":-0.0293300956238417,"upper_bound":-0.0266303384383439},"point_estimate":-0.02801491182795679,"standard_error":0.000692231597887716},"median":{"confidence_interval":{"confidence_level":0.95,"lower_bound":-0.0309745533082616,"upper_bound":-0.02653006179584394},"point_estimate":-0.028631823643713528,"standard_error":0.0011583618514795788}}