{"mean":{"confidence_interval":{"confidence_level":0.95,"lower_bound":-0.005678056370438456,"upper_bound":-0.003214230806590416},"point_estimate":-0.004474595125682712,"standard_error":0.0006273419883008909},"median":{"confidence_interval":{"confidence_level":0.95,"lower_bound":-0.007123955234223267,"upper_bound":-0.0038753896988716896},"point_estimate":-0.005331580202734831,"standard_error":0.0008930529452163718}}