{"mean":{"confidence_interval":{"confidence_level":0.95,"lower_bound":-0.16335983932429965,"upper_bound":-0.1562542611784833},"point_estimate":-0.16058138528515675,"standard_error":0.0018886855980054455},"median":{"confidence_interval":{"confidence_level":0.95,"lower_bound":-0.16449495771252987,"upper_bound":-0.1618510790317429},"point_estimate":-0.16309108704118902,"standard_error":0.0007206944515931312}}