{"mean":{"confidence_interval":{"confidence_level":0.95,"lower_bound":-0.26771184975905854,"upper_bound":-0.2650909878123973},"point_estimate":-0.26635581362225347,"standard_error":0.0006703226994685852},"median":{"confidence_interval":{"confidence_level":0.95,"lower_bound":-0.2656465581827273,"upper_bound":-0.2623469065293227},"point_estimate":-0.26405491780119383,"standard_error":0.0008603057279797664}}