{"mean":{"confidence_interval":{"confidence_level":0.95,"lower_bound":-0.15844239181805905,"upper_bound":-0.15471544660856393},"point_estimate":-0.1567117420557076,"standard_error":0.0009436510665445527},"median":{"confidence_interval":{"confidence_level":0.95,"lower_bound":-0.1612272160180005,"upper_bound":-0.15780490472408393},"point_estimate":-0.15940211011494043,"standard_error":0.0008943232074773497}}