{"mean":{"confidence_interval":{"confidence_level":0.95,"lower_bound":-0.1279755473593242,"upper_bound":-0.12577876506017113},"point_estimate":-0.12685217752957512,"standard_error":0.000557877364115455},"median":{"confidence_interval":{"confidence_level":0.95,"lower_bound":-0.1289464739863724,"upper_bound":-0.12591969885433163},"point_estimate":-0.12723027832558942,"standard_error":0.0008221552041828376}}