{"mean":{"confidence_interval":{"confidence_level":0.95,"lower_bound":-0.25263761754665237,"upper_bound":-0.25009466428413213},"point_estimate":-0.251373928515079,"standard_error":0.0006473807528834084},"median":{"confidence_interval":{"confidence_level":0.95,"lower_bound":-0.251380725526973,"upper_bound":-0.24852525275122184},"point_estimate":-0.25028232824115926,"standard_error":0.000779801613117503}}