{"mean":{"confidence_interval":{"confidence_level":0.95,"lower_bound":-0.0492898600194378,"upper_bound":-0.0444253178164401},"point_estimate":-0.04706326421096163,"standard_error":0.0012850031935753685},"median":{"confidence_interval":{"confidence_level":0.95,"lower_bound":-0.04956112070835894,"upper_bound":-0.046181879491653643},"point_estimate":-0.04788594968165549,"standard_error":0.0008488160063900888}}