{"mean":{"confidence_interval":{"confidence_level":0.95,"lower_bound":-0.04124587880745415,"upper_bound":-0.03185475264987165},"point_estimate":-0.036576256441699706,"standard_error":0.002423283774098347},"median":{"confidence_interval":{"confidence_level":0.95,"lower_bound":-0.042911690447564044,"upper_bound":-0.03076987418587951},"point_estimate":-0.03705675162246447,"standard_error":0.0036242491868419694}}