{"mean":{"confidence_interval":{"confidence_level":0.95,"lower_bound":860911.1100714182,"upper_bound":863813.0729153173},"point_estimate":861965.9714705697,"standard_error":839.5316377914194},"median":{"confidence_interval":{"confidence_level":0.95,"lower_bound":860828.5102272728,"upper_bound":861356.9291847042},"point_estimate":861128.2412280701,"standard_error":149.17326266752852},"median_abs_dev":{"confidence_interval":{"confidence_level":0.95,"lower_bound":864.793716950441,"upper_bound":1772.4447209666716},"point_estimate":1237.6975102128827,"standard_error":230.21025352587543},"slope":{"confidence_interval":{"confidence_level":0.95,"lower_bound":860741.9365701252,"upper_bound":861452.8217860165},"point_estimate":861099.2935141126,"standard_error":181.40891079376468},"std_dev":{"confidence_interval":{"confidence_level":0.95,"lower_bound":1304.6655842737578,"upper_bound":14292.725257838214},"point_estimate":8411.013022899902,"standard_error":4563.142914368935}}