{"mean":{"confidence_interval":{"confidence_level":0.95,"lower_bound":0.09239533240022375,"upper_bound":0.09726620120234211},"point_estimate":0.09480926197097905,"standard_error":0.0012485438490632424},"median":{"confidence_interval":{"confidence_level":0.95,"lower_bound":0.0882137192825212,"upper_bound":0.1029134382047987},"point_estimate":0.09101377915388809,"standard_error":0.004757214981415012}}