{"mean":{"confidence_interval":{"confidence_level":0.95,"lower_bound":0.08396907797989196,"upper_bound":0.08798710111680283},"point_estimate":0.0860080512086483,"standard_error":0.0010329601330604666},"median":{"confidence_interval":{"confidence_level":0.95,"lower_bound":0.08494623114500421,"upper_bound":0.08670622024523911},"point_estimate":0.08581577608475621,"standard_error":0.0004354258641318524}}