{"mean":{"confidence_interval":{"confidence_level":0.95,"lower_bound":0.06538046163445638,"upper_bound":0.0718993284468027},"point_estimate":0.0683211322531927,"standard_error":0.001706527095179004},"median":{"confidence_interval":{"confidence_level":0.95,"lower_bound":0.0666018744617296,"upper_bound":0.06809667825821286},"point_estimate":0.0676565590224858,"standard_error":0.00039955400765173666}}