{"mean":{"confidence_interval":{"confidence_level":0.95,"lower_bound":0.08301478789379668,"upper_bound":0.08706406639659497},"point_estimate":0.08494331313829995,"standard_error":0.001040252384804212},"median":{"confidence_interval":{"confidence_level":0.95,"lower_bound":0.08473771345471115,"upper_bound":0.08658087722541952},"point_estimate":0.08568590279348709,"standard_error":0.00045258828854490403}}