{"mean":{"confidence_interval":{"confidence_level":0.95,"lower_bound":-0.1492381968418912,"upper_bound":-0.14190784788838612},"point_estimate":-0.1463032072526208,"standard_error":0.001957364894287311},"median":{"confidence_interval":{"confidence_level":0.95,"lower_bound":-0.14861951423984665,"upper_bound":-0.14722327523246093},"point_estimate":-0.14785206168182008,"standard_error":0.00034548626805066466}}