{"mean":{"confidence_interval":{"confidence_level":0.95,"lower_bound":0.07237892425197218,"upper_bound":0.07748827354155134},"point_estimate":0.07483426427897544,"standard_error":0.0013053162273694277},"median":{"confidence_interval":{"confidence_level":0.95,"lower_bound":0.07223849921730618,"upper_bound":0.07439485281614533},"point_estimate":0.07337528863208553,"standard_error":0.0005628758236084199}}