{"mean":{"confidence_interval":{"confidence_level":0.95,"lower_bound":0.02095908378178221,"upper_bound":0.025077836460903252},"point_estimate":0.0229514813424907,"standard_error":0.0010668423939729065},"median":{"confidence_interval":{"confidence_level":0.95,"lower_bound":0.021802770497612166,"upper_bound":0.023443641431104334},"point_estimate":0.022770668409299866,"standard_error":0.0004151477895500859}}