{"mean":{"confidence_interval":{"confidence_level":0.95,"lower_bound":0.013417163946291204,"upper_bound":0.026454532501377578},"point_estimate":0.018477237250667633,"standard_error":0.0034509852820138326},"median":{"confidence_interval":{"confidence_level":0.95,"lower_bound":0.013715676404454591,"upper_bound":0.01502787469222211},"point_estimate":0.014541271730052596,"standard_error":0.000342674145495528}}