{"mean":{"confidence_interval":{"confidence_level":0.95,"lower_bound":0.070574739938235,"upper_bound":0.07672026099549743},"point_estimate":0.07305656946892625,"standard_error":0.0016128443924375957},"median":{"confidence_interval":{"confidence_level":0.95,"lower_bound":0.07161811330143242,"upper_bound":0.07313116752984317},"point_estimate":0.07245115027888693,"standard_error":0.0003700720612578422}}