{"mean":{"confidence_interval":{"confidence_level":0.95,"lower_bound":0.009896896492421826,"upper_bound":0.021366425985700477},"point_estimate":0.014829001491731386,"standard_error":0.002966886677640604},"median":{"confidence_interval":{"confidence_level":0.95,"lower_bound":0.008070781234046143,"upper_bound":0.010287389588227835},"point_estimate":0.009098079564281658,"standard_error":0.0006466431538376685}}