{"mean":{"confidence_interval":{"confidence_level":0.95,"lower_bound":-0.004764884231140406,"upper_bound":0.0010739251653952531},"point_estimate":-0.0023604535705112895,"standard_error":0.0015612139000908088},"median":{"confidence_interval":{"confidence_level":0.95,"lower_bound":-0.0034221757506504025,"upper_bound":-0.002342336975975412},"point_estimate":-0.0028637722591965398,"standard_error":0.00026672764618114453}}