{"mean":{"confidence_interval":{"confidence_level":0.95,"lower_bound":0.09059054192416341,"upper_bound":0.0973215612249597},"point_estimate":0.09386439563068216,"standard_error":0.0017212046986249837},"median":{"confidence_interval":{"confidence_level":0.95,"lower_bound":0.09039330768925402,"upper_bound":0.09235761912063212},"point_estimate":0.09161302301699448,"standard_error":0.0005156705816877023}}