{"mean":{"confidence_interval":{"confidence_level":0.95,"lower_bound":0.08576413608348288,"upper_bound":0.09229226262388408},"point_estimate":0.0887428912788939,"standard_error":0.0016716683227862138},"median":{"confidence_interval":{"confidence_level":0.95,"lower_bound":0.08702858399717783,"upper_bound":0.0887297776418201},"point_estimate":0.08797328954347705,"standard_error":0.00043008594105366324}}