{"mean":{"confidence_interval":{"confidence_level":0.95,"lower_bound":0.08194289351555008,"upper_bound":0.08608930672276396},"point_estimate":0.0838638031127037,"standard_error":0.0010433853995913027},"median":{"confidence_interval":{"confidence_level":0.95,"lower_bound":0.08324524188892224,"upper_bound":0.08487954764303773},"point_estimate":0.08428819792315179,"standard_error":0.00042004552337207774}}