{"mean":{"confidence_interval":{"confidence_level":0.95,"lower_bound":0.06924926427411425,"upper_bound":0.07342984977649782},"point_estimate":0.07131498150636606,"standard_error":0.0010673271836742102},"median":{"confidence_interval":{"confidence_level":0.95,"lower_bound":0.06991171155826237,"upper_bound":0.07129066205002177},"point_estimate":0.07071194539111558,"standard_error":0.00034393148579008444}}