{"mean":{"confidence_interval":{"confidence_level":0.95,"lower_bound":0.07043153142643781,"upper_bound":0.07632103127645787},"point_estimate":0.07308197507866576,"standard_error":0.00150826282223346},"median":{"confidence_interval":{"confidence_level":0.95,"lower_bound":0.07104445854835317,"upper_bound":0.07271332108480788},"point_estimate":0.07200062528071527,"standard_error":0.00042084684918345993}}