{"mean":{"confidence_interval":{"confidence_level":0.95,"lower_bound":0.0772019605999508,"upper_bound":0.08097543336605198},"point_estimate":0.07901202711168809,"standard_error":0.0009471107210238317},"median":{"confidence_interval":{"confidence_level":0.95,"lower_bound":0.07817464021350107,"upper_bound":0.07950427873641464},"point_estimate":0.07904805691939054,"standard_error":0.0003450603242470996}}