{"mean":{"confidence_interval":{"confidence_level":0.95,"lower_bound":0.16803662747497294,"upper_bound":0.17558710971707148},"point_estimate":0.17108325633710653,"standard_error":0.001957220494462911},"median":{"confidence_interval":{"confidence_level":0.95,"lower_bound":0.16879607532476615,"upper_bound":0.1706835517909977},"point_estimate":0.16978323967621112,"standard_error":0.00047182546681052295}}