{"mean":{"confidence_interval":{"confidence_level":0.95,"lower_bound":0.0810215282433701,"upper_bound":0.08780416908208019},"point_estimate":0.08386014806667852,"standard_error":0.0017393177781744543},"median":{"confidence_interval":{"confidence_level":0.95,"lower_bound":0.08428504292536143,"upper_bound":0.08624548652336106},"point_estimate":0.08541077516451945,"standard_error":0.0005613579558105038}}