{"mean":{"confidence_interval":{"confidence_level":0.95,"lower_bound":0.01911998487344586,"upper_bound":0.021446393775227716},"point_estimate":0.02029250203848787,"standard_error":0.0005973462269373036},"median":{"confidence_interval":{"confidence_level":0.95,"lower_bound":0.018251168912711613,"upper_bound":0.02129819580288883},"point_estimate":0.019293055081172517,"standard_error":0.0008034119620964088}}