{"mean":{"confidence_interval":{"confidence_level":0.95,"lower_bound":0.0003041314788602201,"upper_bound":0.003045150105828697},"point_estimate":0.0015480811070129885,"standard_error":0.00069421066915974},"median":{"confidence_interval":{"confidence_level":0.95,"lower_bound":0.00035306719038796786,"upper_bound":0.002376681112346901},"point_estimate":0.0011350540042773805,"standard_error":0.0005189617284425732}}