{"mean":{"confidence_interval":{"confidence_level":0.95,"lower_bound":0.0017865103953214894,"upper_bound":0.005457129954559403},"point_estimate":0.0036143358290954275,"standard_error":0.0009535624912936794},"median":{"confidence_interval":{"confidence_level":0.95,"lower_bound":-0.000302385338861874,"upper_bound":0.003359051237826094},"point_estimate":0.0018468835970664177,"standard_error":0.0010451577568247378}}