{"mean":{"confidence_interval":{"confidence_level":0.95,"lower_bound":0.017034070894317948,"upper_bound":0.018906551524564785},"point_estimate":0.01797695606380656,"standard_error":0.0004766379985620124},"median":{"confidence_interval":{"confidence_level":0.95,"lower_bound":0.017259767971656848,"upper_bound":0.0190578998620187},"point_estimate":0.018148610855496683,"standard_error":0.0004499016876246074}}