{"mean":{"confidence_interval":{"confidence_level":0.95,"lower_bound":-0.0475468349739034,"upper_bound":-0.0385512972886689},"point_estimate":-0.04381457419203316,"standard_error":0.002392491161993609},"median":{"confidence_interval":{"confidence_level":0.95,"lower_bound":-0.048901166575310184,"upper_bound":-0.04682355045845832},"point_estimate":-0.04833252483950512,"standard_error":0.0005527388608592458}}