{"mean":{"confidence_interval":{"confidence_level":0.95,"lower_bound":-0.023059513306316178,"upper_bound":-0.021085944075086824},"point_estimate":-0.022075012156610008,"standard_error":0.000502870691365172},"median":{"confidence_interval":{"confidence_level":0.95,"lower_bound":-0.022762972363460365,"upper_bound":-0.020755139682630763},"point_estimate":-0.021589008184003,"standard_error":0.0004907542315914341}}