{"mean":{"confidence_interval":{"confidence_level":0.95,"lower_bound":-0.0027620245873152365,"upper_bound":-0.00037922986347649346},"point_estimate":-0.0015752964184397866,"standard_error":0.0006169770876909686},"median":{"confidence_interval":{"confidence_level":0.95,"lower_bound":-0.0022573349317297486,"upper_bound":0.0005535243349730212},"point_estimate":-0.0008356808479691447,"standard_error":0.0007635412406948982}}