{"mean":{"confidence_interval":{"confidence_level":0.95,"lower_bound":0.022194966606101346,"upper_bound":0.02455861211446756},"point_estimate":0.0233558393429405,"standard_error":0.0006084214353405933},"median":{"confidence_interval":{"confidence_level":0.95,"lower_bound":0.021668594578242883,"upper_bound":0.024220419862106324},"point_estimate":0.023020494182630857,"standard_error":0.0006955300359328582}}