{"mean":{"confidence_interval":{"confidence_level":0.95,"lower_bound":0.001616245422912266,"upper_bound":0.02639105184709147},"point_estimate":0.011554445714605288,"standard_error":0.006248982881400533},"median":{"confidence_interval":{"confidence_level":0.95,"lower_bound":0.00032101101277404176,"upper_bound":0.0025035042722370004},"point_estimate":0.0014037745856345651,"standard_error":0.000544296700846342}}