{"mean":{"confidence_interval":{"confidence_level":0.95,"lower_bound":-0.0311000315079103,"upper_bound":-0.029086566199988454},"point_estimate":-0.030111037204903268,"standard_error":0.00051472727951847},"median":{"confidence_interval":{"confidence_level":0.95,"lower_bound":-0.03138870915574743,"upper_bound":-0.02942887550441131},"point_estimate":-0.030353123623925837,"standard_error":0.00046615015459957856}}