{"mean":{"confidence_interval":{"confidence_level":0.95,"lower_bound":-0.0009572160377882694,"upper_bound":0.003607875328307996},"point_estimate":0.0010074429255315653,"standard_error":0.001203439966995673},"median":{"confidence_interval":{"confidence_level":0.95,"lower_bound":-0.0013404892771211596,"upper_bound":0.00009692856047305298},"point_estimate":-0.0007779031381562884,"standard_error":0.00036722132421124226}}