{"mean":{"confidence_interval":{"confidence_level":0.95,"lower_bound":-0.023029967876673347,"upper_bound":-0.0215299879652203},"point_estimate":-0.022277550507525223,"standard_error":0.0003841064513105271},"median":{"confidence_interval":{"confidence_level":0.95,"lower_bound":-0.022603649660551728,"upper_bound":-0.02126377751045805},"point_estimate":-0.02210203086256013,"standard_error":0.0003378095883942728}}