{"mean":{"confidence_interval":{"confidence_level":0.95,"lower_bound":-0.007230622264746378,"upper_bound":-0.005453326813099627},"point_estimate":-0.006316353602114799,"standard_error":0.0004518488345975148},"median":{"confidence_interval":{"confidence_level":0.95,"lower_bound":-0.007004823010184014,"upper_bound":-0.005231672214940142},"point_estimate":-0.006166903319462902,"standard_error":0.0004442701946674417}}