{"mean":{"confidence_interval":{"confidence_level":0.95,"lower_bound":-0.017475395925545513,"upper_bound":-0.015678094914895295},"point_estimate":-0.016580954270185577,"standard_error":0.00045740720226004504},"median":{"confidence_interval":{"confidence_level":0.95,"lower_bound":-0.017302538924861666,"upper_bound":-0.015645322207105107},"point_estimate":-0.016626085634422028,"standard_error":0.0004268046435281425}}