{"mean":{"confidence_interval":{"confidence_level":0.95,"lower_bound":-0.11918214829390572,"upper_bound":-0.11754844457437488},"point_estimate":-0.11841451675908232,"standard_error":0.0004199924253950569},"median":{"confidence_interval":{"confidence_level":0.95,"lower_bound":-0.1191814614939698,"upper_bound":-0.11834792522512338},"point_estimate":-0.11879890493415945,"standard_error":0.0002101686897957075}}