{"mean":{"confidence_interval":{"confidence_level":0.95,"lower_bound":-0.011848676305484501,"upper_bound":-0.009598788668664041},"point_estimate":-0.010676422677767916,"standard_error":0.0005759801960291637},"median":{"confidence_interval":{"confidence_level":0.95,"lower_bound":-0.012435797849762786,"upper_bound":-0.00849957662088463},"point_estimate":-0.011132658569546927,"standard_error":0.0011365135064634222}}