{"mean":{"confidence_interval":{"confidence_level":0.95,"lower_bound":-0.004593849213129366,"upper_bound":-0.0011658737668516416},"point_estimate":-0.003214715588987116,"standard_error":0.0008450873962158737},"median":{"confidence_interval":{"confidence_level":0.95,"lower_bound":-0.004861564757638326,"upper_bound":-0.0034670975508951374},"point_estimate":-0.004303613706029608,"standard_error":0.00035555676749824745}}