{"mean":{"confidence_interval":{"confidence_level":0.95,"lower_bound":-0.047463738611517335,"upper_bound":-0.04577502471606721},"point_estimate":-0.046589453767502564,"standard_error":0.00043117301404877926},"median":{"confidence_interval":{"confidence_level":0.95,"lower_bound":-0.04752176395093455,"upper_bound":-0.04597708403568013},"point_estimate":-0.04697226870240678,"standard_error":0.0003930157445438625}}