{"mean":{"confidence_interval":{"confidence_level":0.95,"lower_bound":-0.11421596032731306,"upper_bound":-0.11315822434344783},"point_estimate":-0.11368311957884658,"standard_error":0.0002697036489021469},"median":{"confidence_interval":{"confidence_level":0.95,"lower_bound":-0.11396186998978175,"upper_bound":-0.11317818114157241},"point_estimate":-0.11344923628557713,"standard_error":0.00020973157045432739}}