{"mean":{"confidence_interval":{"confidence_level":0.95,"lower_bound":-0.015516007819579954,"upper_bound":-0.013589539490051289},"point_estimate":-0.014543879068553589,"standard_error":0.0004910770599061241},"median":{"confidence_interval":{"confidence_level":0.95,"lower_bound":-0.015332089427525397,"upper_bound":-0.013411110598085085},"point_estimate":-0.014468601654838542,"standard_error":0.0004926330373298841}}