{"mean":{"confidence_interval":{"confidence_level":0.95,"lower_bound":-0.1383883242325036,"upper_bound":-0.13040048277105104},"point_estimate":-0.13440646342898388,"standard_error":0.0020086031478931702},"median":{"confidence_interval":{"confidence_level":0.95,"lower_bound":-0.13529760674826274,"upper_bound":-0.13441949399075703},"point_estimate":-0.1348295318338405,"standard_error":0.0002314262894112327}}