{"mean":{"confidence_interval":{"confidence_level":0.95,"lower_bound":-0.1321845155082169,"upper_bound":-0.12335755431620005},"point_estimate":-0.1281492405456527,"standard_error":0.0021635395154291867},"median":{"confidence_interval":{"confidence_level":0.95,"lower_bound":-0.12741233808462826,"upper_bound":-0.12668289580801645},"point_estimate":-0.1269402564313704,"standard_error":0.0001927977362166622}}