{"mean":{"confidence_interval":{"confidence_level":0.95,"lower_bound":-0.13913269015071625,"upper_bound":-0.13122524749417278},"point_estimate":-0.13529645290500614,"standard_error":0.0019298284242039966},"median":{"confidence_interval":{"confidence_level":0.95,"lower_bound":-0.1358181615054973,"upper_bound":-0.13497730135506247},"point_estimate":-0.1353121558068019,"standard_error":0.00022333069691576513}}