{"mean":{"confidence_interval":{"confidence_level":0.95,"lower_bound":-0.11143767378422738,"upper_bound":-0.10450585441186598},"point_estimate":-0.10772234126309743,"standard_error":0.001742765410352651},"median":{"confidence_interval":{"confidence_level":0.95,"lower_bound":-0.1077936974178243,"upper_bound":-0.10700540524598734},"point_estimate":-0.1073585933015494,"standard_error":0.0002004337760152826}}