{"mean":{"confidence_interval":{"confidence_level":0.95,"lower_bound":-0.017526348377745932,"upper_bound":-0.007672811940434415},"point_estimate":-0.013039236993434788,"standard_error":0.0025755955752276155},"median":{"confidence_interval":{"confidence_level":0.95,"lower_bound":-0.016941860891285132,"upper_bound":-0.01570635698530563},"point_estimate":-0.01617105778012018,"standard_error":0.0003207801162617169}}