{"mean":{"confidence_interval":{"confidence_level":0.95,"lower_bound":-0.10887487557792577,"upper_bound":-0.10313565795266505},"point_estimate":-0.105501045978456,"standard_error":0.0014945307334142356},"median":{"confidence_interval":{"confidence_level":0.95,"lower_bound":-0.10476630363254125,"upper_bound":-0.10389754535341474},"point_estimate":-0.10435180570817815,"standard_error":0.00021829008205132125}}