{"mean":{"confidence_interval":{"confidence_level":0.95,"lower_bound":-0.1320446293952958,"upper_bound":-0.12632635046411436},"point_estimate":-0.12872497140679218,"standard_error":0.0014827765333828566},"median":{"confidence_interval":{"confidence_level":0.95,"lower_bound":-0.13005988181192019,"upper_bound":-0.12881013916323503},"point_estimate":-0.12962190497039372,"standard_error":0.0003295829152002717}}