{"mean":{"confidence_interval":{"confidence_level":0.95,"lower_bound":-0.12961012477919487,"upper_bound":-0.1241520116886133},"point_estimate":-0.12633871841900846,"standard_error":0.0014350709352821446},"median":{"confidence_interval":{"confidence_level":0.95,"lower_bound":-0.12582741086967852,"upper_bound":-0.12515132778175475},"point_estimate":-0.12543663249108628,"standard_error":0.0001743572641594742}}