{"mean":{"confidence_interval":{"confidence_level":0.95,"lower_bound":-0.10301418170711985,"upper_bound":-0.09701238091612403},"point_estimate":-0.09957605215837162,"standard_error":0.0015458611691169957},"median":{"confidence_interval":{"confidence_level":0.95,"lower_bound":-0.09931119260487253,"upper_bound":-0.09864433749452592},"point_estimate":-0.09892802187443461,"standard_error":0.00016910093594398948}}