{"mean":{"confidence_interval":{"confidence_level":0.95,"lower_bound":-0.13628765193606007,"upper_bound":-0.13060671888678585},"point_estimate":-0.13303000309704338,"standard_error":0.0014597318902129395},"median":{"confidence_interval":{"confidence_level":0.95,"lower_bound":-0.13242040195110905,"upper_bound":-0.13169706112857438},"point_estimate":-0.13201509168998027,"standard_error":0.0001792917679159992}}