{"mean":{"confidence_interval":{"confidence_level":0.95,"lower_bound":-0.13142650081554258,"upper_bound":-0.12505846416534916},"point_estimate":-0.12787348481392558,"standard_error":0.0016152177790232898},"median":{"confidence_interval":{"confidence_level":0.95,"lower_bound":-0.12765343684901917,"upper_bound":-0.12705411324131755},"point_estimate":-0.1272504917161018,"standard_error":0.00016094891740808486}}