{"mean":{"confidence_interval":{"confidence_level":0.95,"lower_bound":-0.12500600425577116,"upper_bound":-0.11741484040792662},"point_estimate":-0.12121221075746358,"standard_error":0.0018850357494887995},"median":{"confidence_interval":{"confidence_level":0.95,"lower_bound":-0.1218024768159427,"upper_bound":-0.12090687341088249},"point_estimate":-0.12132011249419994,"standard_error":0.00022419797637213978}}