{"mean":{"confidence_interval":{"confidence_level":0.95,"lower_bound":0.07996798843601183,"upper_bound":0.08764277963575369},"point_estimate":0.08357088187699824,"standard_error":0.001965472298919513},"median":{"confidence_interval":{"confidence_level":0.95,"lower_bound":0.08037998917646139,"upper_bound":0.08402902512790034},"point_estimate":0.08132824295736119,"standard_error":0.0008321370696392855}}