{"mean":{"confidence_interval":{"confidence_level":0.95,"lower_bound":-0.22354414634357414,"upper_bound":-0.2179264665998895},"point_estimate":-0.22036404100104234,"standard_error":0.0014210839219718325},"median":{"confidence_interval":{"confidence_level":0.95,"lower_bound":-0.22025609283738934,"upper_bound":-0.21964918582557913},"point_estimate":-0.21988614651775695,"standard_error":0.00015653989296903506}}