{"mean":{"confidence_interval":{"confidence_level":0.95,"lower_bound":-0.02406943540739003,"upper_bound":-0.017149756035817632},"point_estimate":-0.02096504975197433,"standard_error":0.001749673134059361},"median":{"confidence_interval":{"confidence_level":0.95,"lower_bound":-0.023516847555098308,"upper_bound":-0.019971712094293048},"point_estimate":-0.020738849354874134,"standard_error":0.0009769230714923836}}