{"mean":{"confidence_interval":{"confidence_level":0.95,"lower_bound":-0.05829946588999716,"upper_bound":-0.049996425835997386},"point_estimate":-0.054174270009169856,"standard_error":0.002070194322705102},"median":{"confidence_interval":{"confidence_level":0.95,"lower_bound":-0.053534199597734644,"upper_bound":-0.05285505307609728},"point_estimate":-0.053086812920944304,"standard_error":0.00017854898985673168}}