{"mean":{"confidence_interval":{"confidence_level":0.95,"lower_bound":-0.12461915636876872,"upper_bound":-0.11744803324167233},"point_estimate":-0.12080546527252867,"standard_error":0.0018348135128645213},"median":{"confidence_interval":{"confidence_level":0.95,"lower_bound":-0.12098295854243707,"upper_bound":-0.11996251235386546},"point_estimate":-0.1204362376319138,"standard_error":0.00026148067873674034}}