{"mean":{"confidence_interval":{"confidence_level":0.95,"lower_bound":-0.11200064493240956,"upper_bound":-0.10474017270604472},"point_estimate":-0.10820368087049648,"standard_error":0.0018447289451934612},"median":{"confidence_interval":{"confidence_level":0.95,"lower_bound":-0.10885519680299227,"upper_bound":-0.10741938869052226},"point_estimate":-0.10809734748957689,"standard_error":0.0003935170661015621}}