{"mean":{"confidence_interval":{"confidence_level":0.95,"lower_bound":-0.13705452033896934,"upper_bound":-0.13001223215196098},"point_estimate":-0.13338042335443379,"standard_error":0.0017840742104352813},"median":{"confidence_interval":{"confidence_level":0.95,"lower_bound":-0.13377984575943724,"upper_bound":-0.1329359949298935},"point_estimate":-0.13335129950567104,"standard_error":0.00021121446738996957}}