{"mean":{"confidence_interval":{"confidence_level":0.95,"lower_bound":-0.13268683022841293,"upper_bound":-0.12535492443773708},"point_estimate":-0.12898106333935244,"standard_error":0.0018163969479243294},"median":{"confidence_interval":{"confidence_level":0.95,"lower_bound":-0.1291765554372154,"upper_bound":-0.12851024037037992},"point_estimate":-0.1287573134033484,"standard_error":0.00017512145879705607}}