{"mean":{"confidence_interval":{"confidence_level":0.95,"lower_bound":22407321.613,"upper_bound":22442595.499083336},"point_estimate":22424784.83,"standard_error":8995.312545378338},"median":{"confidence_interval":{"confidence_level":0.95,"lower_bound":22393359.333333332,"upper_bound":22427620.166666664},"point_estimate":22404849.333333336,"standard_error":8937.175363734978},"median_abs_dev":{"confidence_interval":{"confidence_level":0.95,"lower_bound":44415.235811471015,"upper_bound":110471.73633873647},"point_estimate":73550.79629421326,"standard_error":16371.119122104454},"slope":null,"std_dev":{"confidence_interval":{"confidence_level":0.95,"lower_bound":77114.7302101133,"upper_bound":102489.33771609556},"point_estimate":90381.56940209572,"standard_error":6488.358967349841}}