{"mean":{"confidence_interval":{"confidence_level":0.95,"lower_bound":22310168.97008334,"upper_bound":22390942.45333334},"point_estimate":22349866.526666664,"standard_error":20588.688503585756},"median":{"confidence_interval":{"confidence_level":0.95,"lower_bound":22309972.666666664,"upper_bound":22368960.0},"point_estimate":22346184.166666664,"standard_error":17684.89726532221},"median_abs_dev":{"confidence_interval":{"confidence_level":0.95,"lower_bound":108471.70897424406,"upper_bound":191929.80044506126},"point_estimate":149628.93134355362,"standard_error":21820.309125204887},"slope":null,"std_dev":{"confidence_interval":{"confidence_level":0.95,"lower_bound":163712.530780208,"upper_bound":247867.29335358547},"point_estimate":207163.77585163634,"standard_error":21522.404990234383}}