{"mean":{"confidence_interval":{"confidence_level":0.95,"lower_bound":21986657.790500004,"upper_bound":22147178.608166672},"point_estimate":22057883.840000004,"standard_error":41157.62891221073},"median":{"confidence_interval":{"confidence_level":0.95,"lower_bound":21923460.0,"upper_bound":22044914.0},"point_estimate":21975537.166666664,"standard_error":31702.40280751709},"median_abs_dev":{"confidence_interval":{"confidence_level":0.95,"lower_bound":164580.9520781022,"upper_bound":263064.87922966573},"point_estimate":202362.29430734835,"standard_error":25114.120927567914},"slope":null,"std_dev":{"confidence_interval":{"confidence_level":0.95,"lower_bound":217906.99444670998,"upper_bound":608131.8028068683},"point_estimate":411783.64152339275,"standard_error":110472.63162892275}}