{"mean":{"confidence_interval":{"confidence_level":0.95,"lower_bound":21803861.434666675,"upper_bound":21846284.52216667},"point_estimate":21824789.393333327,"standard_error":10824.922885942986},"median":{"confidence_interval":{"confidence_level":0.95,"lower_bound":21801922.166666664,"upper_bound":21837822.0},"point_estimate":21818444.5,"standard_error":9307.056289854916},"median_abs_dev":{"confidence_interval":{"confidence_level":0.95,"lower_bound":58555.53306043332,"upper_bound":101467.48045109035},"point_estimate":80902.51536369324,"standard_error":11009.24319072535},"slope":null,"std_dev":{"confidence_interval":{"confidence_level":0.95,"lower_bound":84673.97797489517,"upper_bound":132321.23296274547},"point_estimate":108857.94025440581,"standard_error":12198.558201140459}}