{"mean":{"confidence_interval":{"confidence_level":0.95,"lower_bound":22056404.827583343,"upper_bound":22096871.40566667},"point_estimate":22076226.65333334,"standard_error":10334.702192635368},"median":{"confidence_interval":{"confidence_level":0.95,"lower_bound":22045605.0,"upper_bound":22082666.0},"point_estimate":22070244.5,"standard_error":9144.52471422232},"median_abs_dev":{"confidence_interval":{"confidence_level":0.95,"lower_bound":72308.3775162706,"upper_bound":118132.08330273628},"point_estimate":94224.91162717434,"standard_error":11657.73392568006},"slope":null,"std_dev":{"confidence_interval":{"confidence_level":0.95,"lower_bound":87230.45522750425,"upper_bound":118138.00845436665},"point_estimate":103642.93383691461,"standard_error":7906.87301050577}}