{"mean":{"confidence_interval":{"confidence_level":0.95,"lower_bound":21973154.157500003,"upper_bound":22013672.816000003},"point_estimate":21993073.20333333,"standard_error":10299.968317960303},"median":{"confidence_interval":{"confidence_level":0.95,"lower_bound":21969733.666666668,"upper_bound":22012151.166666664},"point_estimate":21993728.333333336,"standard_error":11937.48710673927},"median_abs_dev":{"confidence_interval":{"confidence_level":0.95,"lower_bound":68630.04698157402,"upper_bound":124736.81908547693},"point_estimate":98520.4979509106,"standard_error":14796.344696992566},"slope":null,"std_dev":{"confidence_interval":{"confidence_level":0.95,"lower_bound":83345.56828964593,"upper_bound":123505.13895075796},"point_estimate":103494.59088521512,"standard_error":10365.965498754944}}