{"mean":{"confidence_interval":{"confidence_level":0.95,"lower_bound":21960291.319166668,"upper_bound":22056203.561499998},"point_estimate":22003728.30999999,"standard_error":24518.42962268541},"median":{"confidence_interval":{"confidence_level":0.95,"lower_bound":21931476.833333332,"upper_bound":21957851.0},"point_estimate":21948942.666666664,"standard_error":7492.139287045107},"median_abs_dev":{"confidence_interval":{"confidence_level":0.95,"lower_bound":47232.42286145503,"upper_bound":89787.73700594902},"point_estimate":64214.617159964495,"standard_error":11072.762801186522},"slope":null,"std_dev":{"confidence_interval":{"confidence_level":0.95,"lower_bound":126153.74044094527,"upper_bound":342638.9021569321},"point_estimate":246786.28551811326,"standard_error":55544.01233566031}}