{"mean":{"confidence_interval":{"confidence_level":0.95,"lower_bound":19121927.90716667,"upper_bound":19175796.015000008},"point_estimate":19148416.53000001,"standard_error":13726.52699073485},"median":{"confidence_interval":{"confidence_level":0.95,"lower_bound":19095721.666666668,"upper_bound":19175914.0},"point_estimate":19139641.5,"standard_error":18118.01202845013},"median_abs_dev":{"confidence_interval":{"confidence_level":0.95,"lower_bound":111180.66622614676,"upper_bound":174144.21610832398},"point_estimate":142587.07566857245,"standard_error":16648.87605223582},"slope":null,"std_dev":{"confidence_interval":{"confidence_level":0.95,"lower_bound":117502.68198502375,"upper_bound":156866.18427559585},"point_estimate":138261.52769388573,"standard_error":10074.645041569906}}