{"mean":{"confidence_interval":{"confidence_level":0.95,"lower_bound":21890981.12549999,"upper_bound":22342219.23866667},"point_estimate":22073604.59999999,"standard_error":117803.09919256599},"median":{"confidence_interval":{"confidence_level":0.95,"lower_bound":21867564.0,"upper_bound":21899864.5},"point_estimate":21884612.833333332,"standard_error":9169.788736413091},"median_abs_dev":{"confidence_interval":{"confidence_level":0.95,"lower_bound":63241.61150723707,"upper_bound":111078.3668279657},"point_estimate":87354.29624915308,"standard_error":12038.683669637308},"slope":null,"std_dev":{"confidence_interval":{"confidence_level":0.95,"lower_bound":133568.36850611473,"upper_bound":1921365.1194373951},"point_estimate":1178964.726046317,"standard_error":482514.58147192886}}