{"mean":{"confidence_interval":{"confidence_level":0.95,"lower_bound":22380745.066333335,"upper_bound":22562034.703500014},"point_estimate":22447924.33,"standard_error":50931.63372372121},"median":{"confidence_interval":{"confidence_level":0.95,"lower_bound":22365412.5,"upper_bound":22416844.833333336},"point_estimate":22391001.833333332,"standard_error":11952.721498685634},"median_abs_dev":{"confidence_interval":{"confidence_level":0.95,"lower_bound":83569.21851635164,"upper_bound":134973.1835037433},"point_estimate":108877.20006704515,"standard_error":12342.494575912546},"slope":null,"std_dev":{"confidence_interval":{"confidence_level":0.95,"lower_bound":101443.62428169938,"upper_bound":864328.5604823044},"point_estimate":512036.52245869825,"standard_error":265350.6231978874}}