{"mean":{"confidence_interval":{"confidence_level":0.95,"lower_bound":18954079.07833333,"upper_bound":18999715.079499993},"point_estimate":18976320.99,"standard_error":11685.20296895109},"median":{"confidence_interval":{"confidence_level":0.95,"lower_bound":18922838.5,"upper_bound":18987257.333333332},"point_estimate":18944617.833333332,"standard_error":20091.880093617725},"median_abs_dev":{"confidence_interval":{"confidence_level":0.95,"lower_bound":80759.19736623579,"upper_bound":136233.5788063669},"point_estimate":105736.55912280174,"standard_error":14872.584338872055},"slope":null,"std_dev":{"confidence_interval":{"confidence_level":0.95,"lower_bound":95351.24030983786,"upper_bound":138427.13324315337},"point_estimate":117272.92120698009,"standard_error":11047.225844732235}}