{"mean":{"confidence_interval":{"confidence_level":0.95,"lower_bound":22388885.52441667,"upper_bound":22728050.009499997},"point_estimate":22537228.14666667,"standard_error":86418.93228168807},"median":{"confidence_interval":{"confidence_level":0.95,"lower_bound":22365330.166666664,"upper_bound":22408873.666666668},"point_estimate":22376550.333333336,"standard_error":11853.782671644123},"median_abs_dev":{"confidence_interval":{"confidence_level":0.95,"lower_bound":74329.77903038266,"upper_bound":130912.09507584572},"point_estimate":109955.5444478961,"standard_error":13872.695715957541},"slope":null,"std_dev":{"confidence_interval":{"confidence_level":0.95,"lower_bound":120065.06891604872,"upper_bound":1284741.7062066977},"point_estimate":867866.8249231343,"standard_error":272994.5818665908}}