{"mean":{"confidence_interval":{"confidence_level":0.95,"lower_bound":23142685.452750005,"upper_bound":23202043.714000005},"point_estimate":23169882.4,"standard_error":15133.541798636432},"median":{"confidence_interval":{"confidence_level":0.95,"lower_bound":23138451.0,"upper_bound":23174484.666666664},"point_estimate":23149352.833333336,"standard_error":9536.51331977151},"median_abs_dev":{"confidence_interval":{"confidence_level":0.95,"lower_bound":76253.08184623718,"upper_bound":118111.37632310123},"point_estimate":96902.4871796351,"standard_error":11163.413247636328},"slope":null,"std_dev":{"confidence_interval":{"confidence_level":0.95,"lower_bound":92697.59423059924,"upper_bound":215127.67178336353},"point_estimate":151821.72613889465,"standard_error":33986.194442861924}}