{"mean":{"confidence_interval":{"confidence_level":0.95,"lower_bound":21816614.886250004,"upper_bound":21867988.71116667},"point_estimate":21841411.46666666,"standard_error":13108.259158818348},"median":{"confidence_interval":{"confidence_level":0.95,"lower_bound":21797629.0,"upper_bound":21846415.5},"point_estimate":21820964.0,"standard_error":13157.76307816818},"median_abs_dev":{"confidence_interval":{"confidence_level":0.95,"lower_bound":80730.78086674122,"upper_bound":141885.06458103287},"point_estimate":117944.04020607656,"standard_error":16023.947182270153},"slope":null,"std_dev":{"confidence_interval":{"confidence_level":0.95,"lower_bound":102565.44775657637,"upper_bound":160610.25688048074},"point_estimate":131893.99210175857,"standard_error":14950.840790466233}}