{"mean":{"confidence_interval":{"confidence_level":0.95,"lower_bound":22308380.90466667,"upper_bound":22375106.049333338},"point_estimate":22339256.84666666,"standard_error":17060.351821134136},"median":{"confidence_interval":{"confidence_level":0.95,"lower_bound":22277163.333333336,"upper_bound":22343725.333333332},"point_estimate":22310316.333333336,"standard_error":17268.95309975369},"median_abs_dev":{"confidence_interval":{"confidence_level":0.95,"lower_bound":94537.98732162075,"upper_bound":161633.04913043976},"point_estimate":126649.12595153315,"standard_error":16406.915985281816},"slope":null,"std_dev":{"confidence_interval":{"confidence_level":0.95,"lower_bound":108361.52070251852,"upper_bound":237435.59922607566},"point_estimate":171252.7994864786,"standard_error":34448.54973614126}}