{"mean":{"confidence_interval":{"confidence_level":0.95,"lower_bound":22138629.985249992,"upper_bound":22372607.312500004},"point_estimate":22222854.15666666,"standard_error":69037.0148720385},"median":{"confidence_interval":{"confidence_level":0.95,"lower_bound":22126082.0,"upper_bound":22170515.666666668},"point_estimate":22150584.666666664,"standard_error":12751.042042058469},"median_abs_dev":{"confidence_interval":{"confidence_level":0.95,"lower_bound":60563.961824775666,"upper_bound":111102.33552753649},"point_estimate":76148.5585480956,"standard_error":12988.131796232843},"slope":null,"std_dev":{"confidence_interval":{"confidence_level":0.95,"lower_bound":89202.85522823587,"upper_bound":1179003.9973665832},"point_estimate":691953.618538766,"standard_error":385565.581151159}}