{"mean":{"confidence_interval":{"confidence_level":0.95,"lower_bound":21777349.645833332,"upper_bound":21824824.677749995},"point_estimate":21800564.08666666,"standard_error":12100.189071574518},"median":{"confidence_interval":{"confidence_level":0.95,"lower_bound":21757628.333333336,"upper_bound":21821238.333333332},"point_estimate":21792094.333333332,"standard_error":18136.297461259597},"median_abs_dev":{"confidence_interval":{"confidence_level":0.95,"lower_bound":86473.13766479584,"upper_bound":134196.41849003534},"point_estimate":109110.21536290737,"standard_error":12081.237087067884},"slope":null,"std_dev":{"confidence_interval":{"confidence_level":0.95,"lower_bound":97465.10300143897,"upper_bound":145168.78509318904},"point_estimate":122056.00895274119,"standard_error":12216.922969015603}}