{"mean":{"confidence_interval":{"confidence_level":0.95,"lower_bound":22137036.88908333,"upper_bound":22251952.123583335},"point_estimate":22189173.343333334,"standard_error":29472.416102582163},"median":{"confidence_interval":{"confidence_level":0.95,"lower_bound":22090057.0,"upper_bound":22154099.333333336},"point_estimate":22134579.666666664,"standard_error":20021.57966305159},"median_abs_dev":{"confidence_interval":{"confidence_level":0.95,"lower_bound":92424.78815913385,"upper_bound":154863.00345063393},"point_estimate":123525.04070698938,"standard_error":16080.965962082108},"slope":null,"std_dev":{"confidence_interval":{"confidence_level":0.95,"lower_bound":153267.39482147756,"upper_bound":414742.2321256734},"point_estimate":296526.1902710389,"standard_error":67063.35356952893}}