{"mean":{"confidence_interval":{"confidence_level":0.95,"lower_bound":21744361.435166664,"upper_bound":21785785.688583337},"point_estimate":21764847.74666666,"standard_error":10537.802165670882},"median":{"confidence_interval":{"confidence_level":0.95,"lower_bound":21734204.5,"upper_bound":21776749.666666668},"point_estimate":21752960.0,"standard_error":11443.448735698632},"median_abs_dev":{"confidence_interval":{"confidence_level":0.95,"lower_bound":73492.97489523703,"upper_bound":125981.46176338564},"point_estimate":102358.45508277231,"standard_error":13557.024168631038},"slope":null,"std_dev":{"confidence_interval":{"confidence_level":0.95,"lower_bound":88555.80896494188,"upper_bound":121570.41472692088},"point_estimate":105641.19781017207,"standard_error":8428.478140594276}}