{"mean":{"confidence_interval":{"confidence_level":0.95,"lower_bound":22366674.53783333,"upper_bound":22414099.924583342},"point_estimate":22389969.880000006,"standard_error":12097.712735812353},"median":{"confidence_interval":{"confidence_level":0.95,"lower_bound":22345713.0,"upper_bound":22387521.166666668},"point_estimate":22367465.333333336,"standard_error":12299.466674731239},"median_abs_dev":{"confidence_interval":{"confidence_level":0.95,"lower_bound":70959.21154022308,"upper_bound":143990.35654365647},"point_estimate":119712.04067468828,"standard_error":18284.998667805223},"slope":null,"std_dev":{"confidence_interval":{"confidence_level":0.95,"lower_bound":100960.3805039904,"upper_bound":141545.45209198937},"point_estimate":121722.39005084138,"standard_error":10412.644548193759}}