{"mean":{"confidence_interval":{"confidence_level":0.95,"lower_bound":6945753.789810406,"upper_bound":6982591.877500882},"point_estimate":6963234.1105335085,"standard_error":9458.497870307521},"median":{"confidence_interval":{"confidence_level":0.95,"lower_bound":6938400.200617284,"upper_bound":6985928.864197532},"point_estimate":6955413.444444444,"standard_error":14362.159124073201},"median_abs_dev":{"confidence_interval":{"confidence_level":0.95,"lower_bound":6142.489481689642,"upper_bound":55853.54494358669},"point_estimate":34208.797948228195,"standard_error":12101.137093761368},"slope":{"confidence_interval":{"confidence_level":0.95,"lower_bound":6935579.434024238,"upper_bound":6997061.183358246},"point_estimate":6968793.011928812,"standard_error":15893.053207292722},"std_dev":{"confidence_interval":{"confidence_level":0.95,"lower_bound":17311.097908023883,"upper_bound":40698.17130941964},"point_estimate":31587.46940293505,"standard_error":6291.1200479870695}}