{"mean":{"confidence_interval":{"confidence_level":0.95,"lower_bound":-0.0923722859431065,"upper_bound":-0.08705811347877783},"point_estimate":-0.09016786754965034,"standard_error":0.0013865858806408871},"median":{"confidence_interval":{"confidence_level":0.95,"lower_bound":-0.09153865337239497,"upper_bound":-0.09061189760217803},"point_estimate":-0.0910695129798228,"standard_error":0.000246359502892052}}