{"mean":{"confidence_interval":{"confidence_level":0.95,"lower_bound":-0.07535993800161005,"upper_bound":-0.06759187459812906},"point_estimate":-0.07214344815758211,"standard_error":0.001980391779360994},"median":{"confidence_interval":{"confidence_level":0.95,"lower_bound":-0.07559480447416633,"upper_bound":-0.07439736834588362},"point_estimate":-0.07492857072585868,"standard_error":0.00030689654945702564}}