{"mean":{"confidence_interval":{"confidence_level":0.95,"lower_bound":-0.11512619638092163,"upper_bound":-0.10974076599878535},"point_estimate":-0.1127046982686607,"standard_error":0.0013895677435597944},"median":{"confidence_interval":{"confidence_level":0.95,"lower_bound":-0.119418717941435,"upper_bound":-0.10884245188460917},"point_estimate":-0.11446222417588525,"standard_error":0.003896675496196106}}