{"mean":{"confidence_interval":{"confidence_level":0.95,"lower_bound":-0.008948531622851157,"upper_bound":-0.003074799427819909},"point_estimate":-0.006570438187348149,"standard_error":0.001519799139377019},"median":{"confidence_interval":{"confidence_level":0.95,"lower_bound":-0.00908931104783195,"upper_bound":-0.008048596813243547},"point_estimate":-0.00857116487179499,"standard_error":0.00026897875650171637}}