{"mean":{"confidence_interval":{"confidence_level":0.95,"lower_bound":-0.11476134774463738,"upper_bound":-0.10958441395237459},"point_estimate":-0.11274955252789709,"standard_error":0.0013217449381730214},"median":{"confidence_interval":{"confidence_level":0.95,"lower_bound":-0.11377642824216805,"upper_bound":-0.11280628974906437},"point_estimate":-0.11327128244653761,"standard_error":0.00025467273225419717}}