{"mean":{"confidence_interval":{"confidence_level":0.95,"lower_bound":-0.12443655543437314,"upper_bound":-0.12095176659398556},"point_estimate":-0.12281869270525525,"standard_error":0.000880949887177047},"median":{"confidence_interval":{"confidence_level":0.95,"lower_bound":-0.12369833969419664,"upper_bound":-0.12280078367899366},"point_estimate":-0.12319126711579176,"standard_error":0.0002380994240370119}}