{"mean":{"confidence_interval":{"confidence_level":0.95,"lower_bound":-0.1268802939329977,"upper_bound":-0.1238722101940419},"point_estimate":-0.12544948984091153,"standard_error":0.0007542987754677725},"median":{"confidence_interval":{"confidence_level":0.95,"lower_bound":-0.12644473523627955,"upper_bound":-0.12543415239430677},"point_estimate":-0.12594066465761644,"standard_error":0.00026469585699988204}}