{"mean":{"confidence_interval":{"confidence_level":0.95,"lower_bound":-0.1206461704272965,"upper_bound":-0.1145574016095775},"point_estimate":-0.1179110813458576,"standard_error":0.0016739751259422534},"median":{"confidence_interval":{"confidence_level":0.95,"lower_bound":-0.1206076957051246,"upper_bound":-0.11913740963193098},"point_estimate":-0.12001058226789951,"standard_error":0.00036352074151896254}}