{"mean":{"confidence_interval":{"confidence_level":0.95,"lower_bound":-0.10414333304479144,"upper_bound":-0.09215851302080964},"point_estimate":-0.09967847912040062,"standard_error":0.0034007959485196533},"median":{"confidence_interval":{"confidence_level":0.95,"lower_bound":-0.10431634221815733,"upper_bound":-0.10237111141206412},"point_estimate":-0.10363525226555126,"standard_error":0.00047981874839384323}}