{"mean":{"confidence_interval":{"confidence_level":0.95,"lower_bound":-0.0952405439117441,"upper_bound":-0.0889664498230213},"point_estimate":-0.09240849691389952,"standard_error":0.001675000147754307},"median":{"confidence_interval":{"confidence_level":0.95,"lower_bound":-0.09486859158405414,"upper_bound":-0.09301838651600158},"point_estimate":-0.09385346357975222,"standard_error":0.0004538669707964911}}