{"mean":{"confidence_interval":{"confidence_level":0.95,"lower_bound":-0.10195178643401448,"upper_bound":-0.09662941644004963},"point_estimate":-0.09983054674394087,"standard_error":0.0014175571077389448},"median":{"confidence_interval":{"confidence_level":0.95,"lower_bound":-0.10115261965936984,"upper_bound":-0.10018172788122304},"point_estimate":-0.10062813268018189,"standard_error":0.000252618287940815}}