{"mean":{"confidence_interval":{"confidence_level":0.95,"lower_bound":-0.2142955115138161,"upper_bound":-0.21113954359574516},"point_estimate":-0.21285530418466814,"standard_error":0.00080273420405794},"median":{"confidence_interval":{"confidence_level":0.95,"lower_bound":-0.21410341284865464,"upper_bound":-0.2129125102844568},"point_estimate":-0.21341511606928187,"standard_error":0.00029536739741735856}}