{"mean":{"confidence_interval":{"confidence_level":0.95,"lower_bound":0.10513328022872337,"upper_bound":0.11252065588317459},"point_estimate":0.10813135430457144,"standard_error":0.0018039762530188293},"median":{"confidence_interval":{"confidence_level":0.95,"lower_bound":0.10518695665331301,"upper_bound":0.10692154533631273},"point_estimate":0.10574824455535325,"standard_error":0.00043641395551661497}}