{"mean":{"confidence_interval":{"confidence_level":0.95,"lower_bound":-0.10804630839692489,"upper_bound":-0.10405027359142242},"point_estimate":-0.1062688104247671,"standard_error":0.0010076149997988173},"median":{"confidence_interval":{"confidence_level":0.95,"lower_bound":-0.10818259763617111,"upper_bound":-0.10700118217106536},"point_estimate":-0.10754488358984637,"standard_error":0.0003108287066641732}}