{"mean":{"confidence_interval":{"confidence_level":0.95,"lower_bound":-0.17797891332196472,"upper_bound":-0.1752028755550468},"point_estimate":-0.17659985659805266,"standard_error":0.0007035041046435049},"median":{"confidence_interval":{"confidence_level":0.95,"lower_bound":-0.17697066450569704,"upper_bound":-0.17585971542858403},"point_estimate":-0.1763716943016853,"standard_error":0.00028334676685027254}}