{"mean":{"confidence_interval":{"confidence_level":0.95,"lower_bound":-0.09827489972733307,"upper_bound":-0.09501437121993718},"point_estimate":-0.09662271324971805,"standard_error":0.000831533655295726},"median":{"confidence_interval":{"confidence_level":0.95,"lower_bound":-0.09767915220303036,"upper_bound":-0.09663575161149984},"point_estimate":-0.09708735582321859,"standard_error":0.0002725214242400486}}