{"mean":{"confidence_interval":{"confidence_level":0.95,"lower_bound":-0.11022475100286486,"upper_bound":-0.10745644605634674},"point_estimate":-0.10880528661470223,"standard_error":0.0007001430500284975},"median":{"confidence_interval":{"confidence_level":0.95,"lower_bound":-0.10882724230464624,"upper_bound":-0.10779029345418079},"point_estimate":-0.10829510640293327,"standard_error":0.0002749748019525678}}