{"mean":{"confidence_interval":{"confidence_level":0.95,"lower_bound":-0.08341682767565,"upper_bound":-0.07636902806710605},"point_estimate":-0.08074495300244255,"standard_error":0.0019237565996650758},"median":{"confidence_interval":{"confidence_level":0.95,"lower_bound":-0.0824842245997317,"upper_bound":-0.08140581569848249},"point_estimate":-0.08197480072133345,"standard_error":0.0002851060430579575}}