{"mean":{"confidence_interval":{"confidence_level":0.95,"lower_bound":-0.10322048027469917,"upper_bound":-0.09776089514183857},"point_estimate":-0.10097852314750844,"standard_error":0.0014363337451337346},"median":{"confidence_interval":{"confidence_level":0.95,"lower_bound":-0.10303162752900386,"upper_bound":-0.10203798221904425},"point_estimate":-0.10245353669845869,"standard_error":0.00025606215195271147}}