{"mean":{"confidence_interval":{"confidence_level":0.95,"lower_bound":16996.819367638178,"upper_bound":17082.059008697943},"point_estimate":17030.675828850948,"standard_error":22.538284897456037},"median":{"confidence_interval":{"confidence_level":0.95,"lower_bound":16986.275654125093,"upper_bound":17001.050168715818},"point_estimate":16995.169775505936,"standard_error":4.00680101173763},"median_abs_dev":{"confidence_interval":{"confidence_level":0.95,"lower_bound":23.91727303740054,"upper_bound":39.662105567805014},"point_estimate":31.055854500476798,"standard_error":4.0681659841746445},"slope":{"confidence_interval":{"confidence_level":0.95,"lower_bound":16992.86524517924,"upper_bound":17010.15266734624},"point_estimate":17000.828355403715,"standard_error":4.410243015528595},"std_dev":{"confidence_interval":{"confidence_level":0.95,"lower_bound":59.417360111554714,"upper_bound":368.60440478908515},"point_estimate":225.80857890888092,"standard_error":95.96303942223382}}