{"mean":{"confidence_interval":{"confidence_level":0.95,"lower_bound":17253.344198990777,"upper_bound":17312.11735407426},"point_estimate":17275.053150689535,"standard_error":16.44503727720604},"median":{"confidence_interval":{"confidence_level":0.95,"lower_bound":17246.59318181818,"upper_bound":17259.159701492536},"point_estimate":17253.681728682168,"standard_error":2.778595622722695},"median_abs_dev":{"confidence_interval":{"confidence_level":0.95,"lower_bound":19.845998815375246,"upper_bound":31.895754655184053},"point_estimate":25.448885999911987,"standard_error":3.082530463243768},"slope":{"confidence_interval":{"confidence_level":0.95,"lower_bound":17259.04354516134,"upper_bound":17272.7658983969},"point_estimate":17265.6852398404,"standard_error":3.513631055234752},"std_dev":{"confidence_interval":{"confidence_level":0.95,"lower_bound":30.834526776330158,"upper_bound":279.95958222082345},"point_estimate":165.92475532399195,"standard_error":85.76992146053486}}