{"mean":{"confidence_interval":{"confidence_level":0.95,"lower_bound":16725.42498063174,"upper_bound":16778.44017806088},"point_estimate":16744.96941000022,"standard_error":14.961847267559683},"median":{"confidence_interval":{"confidence_level":0.95,"lower_bound":16719.599324324325,"upper_bound":16735.88488372093},"point_estimate":16725.060312499998,"standard_error":3.4505105073059217},"median_abs_dev":{"confidence_interval":{"confidence_level":0.95,"lower_bound":22.146069202339145,"upper_bound":34.51335278195047},"point_estimate":27.801605196194895,"standard_error":3.1317403764037},"slope":{"confidence_interval":{"confidence_level":0.95,"lower_bound":16718.353275494934,"upper_bound":16739.596427722616},"point_estimate":16727.560506378995,"standard_error":5.468342025314329},"std_dev":{"confidence_interval":{"confidence_level":0.95,"lower_bound":27.454982328918305,"upper_bound":253.64879718198046},"point_estimate":150.1621354753078,"standard_error":78.3276266526063}}