{"mean":{"confidence_interval":{"confidence_level":0.95,"lower_bound":0.0610458326189542,"upper_bound":0.06275427288951044},"point_estimate":0.061928995821599164,"standard_error":0.00043412535013140184},"median":{"confidence_interval":{"confidence_level":0.95,"lower_bound":0.060843839029603775,"upper_bound":0.06289671950681286},"point_estimate":0.062231974373650356,"standard_error":0.0005201446979999165}}