{"mean":{"confidence_interval":{"confidence_level":0.95,"lower_bound":0.00532583121443937,"upper_bound":0.011259803074425916},"point_estimate":0.008571790496795906,"standard_error":0.0015107062669697873},"median":{"confidence_interval":{"confidence_level":0.95,"lower_bound":0.010584705733471145,"upper_bound":0.011612102735045315},"point_estimate":0.01138767354487924,"standard_error":0.0002810575167732223}}