{"mean":{"confidence_interval":{"confidence_level":0.95,"lower_bound":0.009386485746299484,"upper_bound":0.015758968251136377},"point_estimate":0.012077057003517133,"standard_error":0.0015747680728646388},"median":{"confidence_interval":{"confidence_level":0.95,"lower_bound":0.011675320675383682,"upper_bound":0.014322142399760152},"point_estimate":0.013368793797719158,"standard_error":0.0006634710315144971}}