{"mean":{"confidence_interval":{"confidence_level":0.95,"lower_bound":0.0006889835542841563,"upper_bound":0.013770089986317149},"point_estimate":0.007050767170553751,"standard_error":0.003411655805917943},"median":{"confidence_interval":{"confidence_level":0.95,"lower_bound":0.0006354190967143847,"upper_bound":0.0033054080699805866},"point_estimate":0.0023571945796154736,"standard_error":0.000697052266311516}}