{"mean":{"confidence_interval":{"confidence_level":0.95,"lower_bound":0.057734224376626564,"upper_bound":0.06269461663149595},"point_estimate":0.06013244543457863,"standard_error":0.001243720379639693},"median":{"confidence_interval":{"confidence_level":0.95,"lower_bound":0.05925601262389857,"upper_bound":0.06144587748586727},"point_estimate":0.06059725262172311,"standard_error":0.0005427937437277841}}