{"mean":{"confidence_interval":{"confidence_level":0.95,"lower_bound":-0.03167973457532469,"upper_bound":-0.027139280661422717},"point_estimate":-0.029361178625297524,"standard_error":0.0011528134505434163},"median":{"confidence_interval":{"confidence_level":0.95,"lower_bound":-0.03319416933565811,"upper_bound":-0.0299149608979683},"point_estimate":-0.031806717152683794,"standard_error":0.0008283933060865305}}