{"mean":{"confidence_interval":{"confidence_level":0.95,"lower_bound":-0.009895381103799611,"upper_bound":-0.0052629771880819695},"point_estimate":-0.007731768975682174,"standard_error":0.001170330558876019},"median":{"confidence_interval":{"confidence_level":0.95,"lower_bound":-0.009041623180355285,"upper_bound":-0.006213811932497149},"point_estimate":-0.007577425810651683,"standard_error":0.0007092384923901353}}