{"mean":{"confidence_interval":{"confidence_level":0.95,"lower_bound":0.049421819555516826,"upper_bound":0.054810498280891205},"point_estimate":0.052082190785273985,"standard_error":0.0013825824284380542},"median":{"confidence_interval":{"confidence_level":0.95,"lower_bound":0.049125093552878155,"upper_bound":0.05137072210285668},"point_estimate":0.05042183105314946,"standard_error":0.0005592580757543786}}