{"mean":{"confidence_interval":{"confidence_level":0.95,"lower_bound":-0.03211955867700894,"upper_bound":-0.019559839457009454},"point_estimate":-0.026860265088019086,"standard_error":0.0032108240763726362},"median":{"confidence_interval":{"confidence_level":0.95,"lower_bound":-0.03278431163887552,"upper_bound":-0.03076382047418058},"point_estimate":-0.031568966258512576,"standard_error":0.0005029403518889318}}