{"mean":{"confidence_interval":{"confidence_level":0.95,"lower_bound":-0.03370363437671615,"upper_bound":-0.028476262944800917},"point_estimate":-0.03127443663143603,"standard_error":0.0013223529074587047},"median":{"confidence_interval":{"confidence_level":0.95,"lower_bound":-0.032648180085396605,"upper_bound":-0.030571609350454443},"point_estimate":-0.031413753803517186,"standard_error":0.0005176845919221238}}