{"mean":{"confidence_interval":{"confidence_level":0.95,"lower_bound":0.006685757642900414,"upper_bound":0.013661452846841858},"point_estimate":0.009809912738433457,"standard_error":0.0018383938712563726},"median":{"confidence_interval":{"confidence_level":0.95,"lower_bound":0.007601947098715352,"upper_bound":0.01273742653121035},"point_estimate":0.010719416115612335,"standard_error":0.0015331391297514416}}