{"mean":{"confidence_interval":{"confidence_level":0.95,"lower_bound":-0.015277482823471088,"upper_bound":-0.007994409641678753},"point_estimate":-0.011822884273001821,"standard_error":0.0017807551312010775},"median":{"confidence_interval":{"confidence_level":0.95,"lower_bound":-0.01265829338901836,"upper_bound":-0.010866761715580986},"point_estimate":-0.011938869576519018,"standard_error":0.00044569337176836093}}