{"mean":{"confidence_interval":{"confidence_level":0.95,"lower_bound":-0.022969868971283294,"upper_bound":-0.017555120090797845},"point_estimate":-0.020489169570622523,"standard_error":0.001391471999258428},"median":{"confidence_interval":{"confidence_level":0.95,"lower_bound":-0.02155739922518618,"upper_bound":-0.019483457477891153},"point_estimate":-0.02029449149277862,"standard_error":0.0005150811410353844}}