{"mean":{"confidence_interval":{"confidence_level":0.95,"lower_bound":0.036133072434145576,"upper_bound":0.04002643065394966},"point_estimate":0.03822552413998248,"standard_error":0.000988833832297895},"median":{"confidence_interval":{"confidence_level":0.95,"lower_bound":0.03779350959507233,"upper_bound":0.040035480264399625},"point_estimate":0.039148158760788254,"standard_error":0.000555434704007182}}