{"mean":{"confidence_interval":{"confidence_level":0.95,"lower_bound":-0.036472715600348884,"upper_bound":-0.0325878784590348},"point_estimate":-0.034530742932247005,"standard_error":0.0009855592579012184},"median":{"confidence_interval":{"confidence_level":0.95,"lower_bound":-0.03511081850200759,"upper_bound":-0.03296989334529388},"point_estimate":-0.03381541239164387,"standard_error":0.000541353623577105}}