{"mean":{"confidence_interval":{"confidence_level":0.95,"lower_bound":-0.02676146659068675,"upper_bound":-0.022135277186065658},"point_estimate":-0.024494923169224525,"standard_error":0.0011910882326080458},"median":{"confidence_interval":{"confidence_level":0.95,"lower_bound":-0.025167111735506762,"upper_bound":-0.022910976476485656},"point_estimate":-0.023798037924482318,"standard_error":0.0005720312273943706}}