{"mean":{"confidence_interval":{"confidence_level":0.95,"lower_bound":0.00519241365968799,"upper_bound":0.008912184390426967},"point_estimate":0.007177132968623212,"standard_error":0.0009506506481942199},"median":{"confidence_interval":{"confidence_level":0.95,"lower_bound":0.006243028866577349,"upper_bound":0.009187255912928016},"point_estimate":0.008083917624232884,"standard_error":0.0007550498813282819}}