{"mean":{"confidence_interval":{"confidence_level":0.95,"lower_bound":-0.004575944835155629,"upper_bound":-0.0006161494487990637},"point_estimate":-0.0025008870234297653,"standard_error":0.0010003984411540109},"median":{"confidence_interval":{"confidence_level":0.95,"lower_bound":-0.0031732350067553705,"upper_bound":-0.0007956219023527167},"point_estimate":-0.0017891907000088247,"standard_error":0.0005934593948770909}}