{"mean":{"confidence_interval":{"confidence_level":0.95,"lower_bound":-0.01812988688478025,"upper_bound":-0.01305926143479635},"point_estimate":-0.015706332595236572,"standard_error":0.0012753832588096377},"median":{"confidence_interval":{"confidence_level":0.95,"lower_bound":-0.01693325903274956,"upper_bound":-0.014441562554576293},"point_estimate":-0.01547087457887486,"standard_error":0.0006300333355102925}}