{"mean":{"confidence_interval":{"confidence_level":0.95,"lower_bound":-0.007826301489510844,"upper_bound":-0.0029472090164302475},"point_estimate":-0.005324968128683327,"standard_error":0.001250100240725529},"median":{"confidence_interval":{"confidence_level":0.95,"lower_bound":-0.0064120699976534246,"upper_bound":-0.0040183447896642325},"point_estimate":-0.005060734365488595,"standard_error":0.000598206893252907}}