{"mean":{"confidence_interval":{"confidence_level":0.95,"lower_bound":-0.015867382097323787,"upper_bound":-0.009064882689959246},"point_estimate":-0.012165443021091571,"standard_error":0.0017486615050557746},"median":{"confidence_interval":{"confidence_level":0.95,"lower_bound":-0.012863445011755625,"upper_bound":-0.009679809986412158},"point_estimate":-0.011833090489706488,"standard_error":0.0007560480989778472}}