{"mean":{"confidence_interval":{"confidence_level":0.95,"lower_bound":-0.03486722410629243,"upper_bound":-0.028207266568509443},"point_estimate":-0.0312234565171865,"standard_error":0.0017070754503225444},"median":{"confidence_interval":{"confidence_level":0.95,"lower_bound":-0.0314168621907287,"upper_bound":-0.028879817024046073},"point_estimate":-0.030204221339012682,"standard_error":0.0006486401700692327}}