{"mean":{"confidence_interval":{"confidence_level":0.95,"lower_bound":-0.030786382869844683,"upper_bound":-0.023197813154318472},"point_estimate":-0.02681825954738004,"standard_error":0.0019219292346264814},"median":{"confidence_interval":{"confidence_level":0.95,"lower_bound":-0.024796970421538722,"upper_bound":-0.021997385651793266},"point_estimate":-0.02349726416152642,"standard_error":0.0007436584411509864}}