{"mean":{"confidence_interval":{"confidence_level":0.95,"lower_bound":-0.02309550976604194,"upper_bound":-0.015523291247737879},"point_estimate":-0.019016836735931575,"standard_error":0.0019047323616751786},"median":{"confidence_interval":{"confidence_level":0.95,"lower_bound":-0.01851784401950618,"upper_bound":-0.01579008968582052},"point_estimate":-0.01750737097544597,"standard_error":0.0007030243313232429}}