{"mean":{"confidence_interval":{"confidence_level":0.95,"lower_bound":-0.1369225980928157,"upper_bound":-0.13047442043172183},"point_estimate":-0.13373258407236988,"standard_error":0.0016346053770243724},"median":{"confidence_interval":{"confidence_level":0.95,"lower_bound":-0.1337697664039843,"upper_bound":-0.13233166735795143},"point_estimate":-0.13311888668351002,"standard_error":0.00035709304677197687}}