{"mean":{"confidence_interval":{"confidence_level":0.95,"lower_bound":-0.06307663835065123,"upper_bound":-0.05463489718845799},"point_estimate":-0.058901479443773885,"standard_error":0.0021372089871512373},"median":{"confidence_interval":{"confidence_level":0.95,"lower_bound":-0.058297216251076645,"upper_bound":-0.05653866766191997},"point_estimate":-0.05744890774162914,"standard_error":0.0004592099461608022}}