{"mean":{"confidence_interval":{"confidence_level":0.95,"lower_bound":-0.01406661662365744,"upper_bound":-0.0052134229659874685},"point_estimate":-0.009777677516024541,"standard_error":0.0022304463625726027},"median":{"confidence_interval":{"confidence_level":0.95,"lower_bound":-0.009186625884173072,"upper_bound":-0.0072027981810818265},"point_estimate":-0.008085048731354294,"standard_error":0.0005145668602909789}}