{"mean":{"confidence_interval":{"confidence_level":0.95,"lower_bound":-0.005117805913203617,"upper_bound":0.0035198778299297007},"point_estimate":-0.0008688044411262474,"standard_error":0.0021758403907093105},"median":{"confidence_interval":{"confidence_level":0.95,"lower_bound":-0.00028549447196835054,"upper_bound":0.0022618046728155594},"point_estimate":0.0009124376720295313,"standard_error":0.0006438752034201698}}