{"mean":{"confidence_interval":{"confidence_level":0.95,"lower_bound":0.0023117312966024653,"upper_bound":0.010194486193814077},"point_estimate":0.006394097647645092,"standard_error":0.002001373251741247},"median":{"confidence_interval":{"confidence_level":0.95,"lower_bound":0.007083605621509559,"upper_bound":0.009253309327903018},"point_estimate":0.00812826655282417,"standard_error":0.0005630301901800461}}