{"mean":{"confidence_interval":{"confidence_level":0.95,"lower_bound":-0.01416929875592515,"upper_bound":0.05777767056086892},"point_estimate":0.015922784462570228,"standard_error":0.01810120301095691},"median":{"confidence_interval":{"confidence_level":0.95,"lower_bound":-0.012218716984876199,"upper_bound":-0.008313178816026445},"point_estimate":-0.010165313798531361,"standard_error":0.0010720494809716649}}