{"mean":{"confidence_interval":{"confidence_level":0.95,"lower_bound":-0.014930644967078709,"upper_bound":-0.005446532308220024},"point_estimate":-0.010412007787768407,"standard_error":0.0024130150239654656},"median":{"confidence_interval":{"confidence_level":0.95,"lower_bound":-0.011130075644786963,"upper_bound":-0.009066286875916707},"point_estimate":-0.010124970087641016,"standard_error":0.0005372383720704907}}