{"mean":{"confidence_interval":{"confidence_level":0.95,"lower_bound":-0.009974960401035127,"upper_bound":-0.0029747050688187296},"point_estimate":-0.006191775669404209,"standard_error":0.0017869255437439073},"median":{"confidence_interval":{"confidence_level":0.95,"lower_bound":-0.005312246787960298,"upper_bound":-0.002699532830772955},"point_estimate":-0.00401245805285122,"standard_error":0.0006654637969147124}}