{"mean":{"confidence_interval":{"confidence_level":0.95,"lower_bound":-0.001727759112518748,"upper_bound":0.005817640271486252},"point_estimate":0.002280009050604326,"standard_error":0.0019069194363070807},"median":{"confidence_interval":{"confidence_level":0.95,"lower_bound":0.0025918817832024654,"upper_bound":0.00477674769389914},"point_estimate":0.0036144717575838925,"standard_error":0.000569146913944078}}