{"mean":{"confidence_interval":{"confidence_level":0.95,"lower_bound":-0.030534447679312328,"upper_bound":-0.023087840779792316},"point_estimate":-0.026530720749405656,"standard_error":0.0018775509101573418},"median":{"confidence_interval":{"confidence_level":0.95,"lower_bound":-0.026144822932180345,"upper_bound":-0.024398564282098634},"point_estimate":-0.025256930356141294,"standard_error":0.000467861168669042}}