{"mean":{"confidence_interval":{"confidence_level":0.95,"lower_bound":-0.031835398187007535,"upper_bound":-0.023661344774725666},"point_estimate":-0.027776569477106938,"standard_error":0.002081133808821979},"median":{"confidence_interval":{"confidence_level":0.95,"lower_bound":-0.027962608045043802,"upper_bound":-0.02570973346019112},"point_estimate":-0.026747060441893677,"standard_error":0.0005755020600255}}