{"mean":{"confidence_interval":{"confidence_level":0.95,"lower_bound":-0.007202520860922988,"upper_bound":-0.0006345190811700666},"point_estimate":-0.00345993246306453,"standard_error":0.0016883713376755264},"median":{"confidence_interval":{"confidence_level":0.95,"lower_bound":-0.001945865507148814,"upper_bound":0.00008773217261238105},"point_estimate":-0.0008663503652844851,"standard_error":0.0005250725898434664}}