{"mean":{"confidence_interval":{"confidence_level":0.95,"lower_bound":-0.020980582754668495,"upper_bound":-0.014177849897327788},"point_estimate":-0.017188539828392302,"standard_error":0.0017335564648775555},"median":{"confidence_interval":{"confidence_level":0.95,"lower_bound":-0.016127613995666756,"upper_bound":-0.014211675636429999},"point_estimate":-0.015170777263845747,"standard_error":0.0005032886891169708}}