{"mean":{"confidence_interval":{"confidence_level":0.95,"lower_bound":-0.05961199114677759,"upper_bound":-0.05283392861976802},"point_estimate":-0.0559704449154762,"standard_error":0.0017249520796758183},"median":{"confidence_interval":{"confidence_level":0.95,"lower_bound":-0.0544751999457872,"upper_bound":-0.05281764167077441},"point_estimate":-0.05366188675333172,"standard_error":0.00044782584054186067}}