{"mean":{"confidence_interval":{"confidence_level":0.95,"lower_bound":9051837.278958332,"upper_bound":9138330.705083335},"point_estimate":9089161.01333333,"standard_error":22298.081371152322},"median":{"confidence_interval":{"confidence_level":0.95,"lower_bound":9023768.833333332,"upper_bound":9051749.75},"point_estimate":9036762.75,"standard_error":7267.082202039973},"median_abs_dev":{"confidence_interval":{"confidence_level":0.95,"lower_bound":50296.33925706194,"upper_bound":95180.44731021019},"point_estimate":65775.79493224667,"standard_error":12350.488886006267},"slope":null,"std_dev":{"confidence_interval":{"confidence_level":0.95,"lower_bound":102957.04841557969,"upper_bound":345315.4289913111},"point_estimate":224939.18034056178,"standard_error":73013.98672081374}}