{"mean":{"confidence_interval":{"confidence_level":0.95,"lower_bound":7404904.117714289,"upper_bound":7436050.985678571},"point_estimate":7418542.512857144,"standard_error":8040.620988583144},"median":{"confidence_interval":{"confidence_level":0.95,"lower_bound":7399771.285714285,"upper_bound":7411008.0},"point_estimate":7404530.285714285,"standard_error":3210.4014616143704},"median_abs_dev":{"confidence_interval":{"confidence_level":0.95,"lower_bound":21838.16811229551,"upper_bound":34492.68838763237},"point_estimate":28276.252597996066,"standard_error":3233.149055181628},"slope":null,"std_dev":{"confidence_interval":{"confidence_level":0.95,"lower_bound":28040.64919509911,"upper_bound":121715.83833108238},"point_estimate":81262.94784060972,"standard_error":23863.798605555563}}