{"mean":{"confidence_interval":{"confidence_level":0.95,"lower_bound":7433648.608250001,"upper_bound":7453436.279035715},"point_estimate":7442841.0785714295,"standard_error":5062.483287505113},"median":{"confidence_interval":{"confidence_level":0.95,"lower_bound":7429017.714285715,"upper_bound":7437927.142857143},"point_estimate":7433416.714285715,"standard_error":2272.30279147402},"median_abs_dev":{"confidence_interval":{"confidence_level":0.95,"lower_bound":16589.976005469347,"upper_bound":30568.458057301188},"point_estimate":24136.19807149663,"standard_error":3422.3238295580372},"slope":null,"std_dev":{"confidence_interval":{"confidence_level":0.95,"lower_bound":31133.699873722853,"upper_bound":69118.71629207477},"point_estimate":50901.62692639615,"standard_error":9829.592120290416}}