{"mean":{"confidence_interval":{"confidence_level":0.95,"lower_bound":7342752.776285715,"upper_bound":7363126.908821431},"point_estimate":7352583.4642857155,"standard_error":5190.249570536088},"median":{"confidence_interval":{"confidence_level":0.95,"lower_bound":7342453.857142857,"upper_bound":7363623.285714285},"point_estimate":7352668.571428571,"standard_error":6024.477835406939},"median_abs_dev":{"confidence_interval":{"confidence_level":0.95,"lower_bound":33065.68591296604,"upper_bound":54789.37612729423},"point_estimate":41981.08905468757,"standard_error":5473.415717228846},"slope":null,"std_dev":{"confidence_interval":{"confidence_level":0.95,"lower_bound":40018.759648602165,"upper_bound":66564.04008005247},"point_estimate":52380.055059088554,"standard_error":7115.379201740389}}