{"mean":{"confidence_interval":{"confidence_level":0.95,"lower_bound":7202981.8455714295,"upper_bound":7212193.581392858},"point_estimate":7207317.871428571,"standard_error":2351.5682508003906},"median":{"confidence_interval":{"confidence_level":0.95,"lower_bound":7198720.214285715,"upper_bound":7207697.714285715},"point_estimate":7201598.5,"standard_error":2337.784109796529},"median_abs_dev":{"confidence_interval":{"confidence_level":0.95,"lower_bound":12885.56759623572,"upper_bound":22124.73350720687},"point_estimate":17468.098789879154,"standard_error":2311.5844936461017},"slope":null,"std_dev":{"confidence_interval":{"confidence_level":0.95,"lower_bound":16484.56375671186,"upper_bound":31271.51923817963},"point_estimate":23586.888279974813,"standard_error":3932.017324613343}}