{"mean":{"confidence_interval":{"confidence_level":0.95,"lower_bound":7386293.591714286,"upper_bound":7404910.043464287},"point_estimate":7395231.868571427,"standard_error":4753.607135398309},"median":{"confidence_interval":{"confidence_level":0.95,"lower_bound":7372044.285714285,"upper_bound":7402353.857142857},"point_estimate":7383530.571428571,"standard_error":7745.2553372321645},"median_abs_dev":{"confidence_interval":{"confidence_level":0.95,"lower_bound":31307.137019188653,"upper_bound":53848.03104400635},"point_estimate":43917.04692031636,"standard_error":5481.764772305269},"slope":null,"std_dev":{"confidence_interval":{"confidence_level":0.95,"lower_bound":36122.173616201886,"upper_bound":60116.37574449608},"point_estimate":47822.721742454,"standard_error":6270.3221705231535}}