{"mean":{"confidence_interval":{"confidence_level":0.95,"lower_bound":7480883.28060714,"upper_bound":7500919.506142858},"point_estimate":7490439.698571428,"standard_error":5113.39910017943},"median":{"confidence_interval":{"confidence_level":0.95,"lower_bound":7477407.714285715,"upper_bound":7493022.714285715},"point_estimate":7489804.857142857,"standard_error":3777.472224703351},"median_abs_dev":{"confidence_interval":{"confidence_level":0.95,"lower_bound":27284.28731560707,"upper_bound":47881.41334993558},"point_estimate":36201.49075729497,"standard_error":5444.849475385086},"slope":null,"std_dev":{"confidence_interval":{"confidence_level":0.95,"lower_bound":35942.98819181867,"upper_bound":66905.70416403635},"point_estimate":51441.2851309739,"standard_error":8112.22295705415}}