{"mean":{"confidence_interval":{"confidence_level":0.95,"lower_bound":7247555.377142855,"upper_bound":7260118.275499999},"point_estimate":7253927.849999998,"standard_error":3196.623891142109},"median":{"confidence_interval":{"confidence_level":0.95,"lower_bound":7254852.642857143,"upper_bound":7267884.857142857},"point_estimate":7263470.214285715,"standard_error":3797.5106418982314},"median_abs_dev":{"confidence_interval":{"confidence_level":0.95,"lower_bound":20210.802841186523,"upper_bound":41606.626661334325},"point_estimate":28872.681387406945,"standard_error":5741.3214008559935},"slope":null,"std_dev":{"confidence_interval":{"confidence_level":0.95,"lower_bound":28255.669965573103,"upper_bound":35424.34028914524},"point_estimate":32125.765529507375,"standard_error":1826.612292723054}}