{"mean":{"confidence_interval":{"confidence_level":0.95,"lower_bound":7896601.418214286,"upper_bound":7911998.510892854},"point_estimate":7904206.537142855,"standard_error":3922.4644626935783},"median":{"confidence_interval":{"confidence_level":0.95,"lower_bound":7888030.142857143,"upper_bound":7911013.285714285},"point_estimate":7899063.214285715,"standard_error":5548.81539886102},"median_abs_dev":{"confidence_interval":{"confidence_level":0.95,"lower_bound":31665.3702378273,"upper_bound":51204.76709093346},"point_estimate":41119.38076998486,"standard_error":5024.761763020082},"slope":null,"std_dev":{"confidence_interval":{"confidence_level":0.95,"lower_bound":33666.445621211446,"upper_bound":44726.5374584864},"point_estimate":39299.159632977215,"standard_error":2833.6768961554258}}