{"mean":{"confidence_interval":{"confidence_level":0.95,"lower_bound":7302172.632535716,"upper_bound":7319590.965464285},"point_estimate":7310134.0071428595,"standard_error":4460.920614470449},"median":{"confidence_interval":{"confidence_level":0.95,"lower_bound":7291119.0,"upper_bound":7306280.5},"point_estimate":7297340.928571429,"standard_error":3745.5091469188033},"median_abs_dev":{"confidence_interval":{"confidence_level":0.95,"lower_bound":19249.019058262584,"upper_bound":31976.417064804893},"point_estimate":25525.500146831488,"standard_error":3202.71906793747},"slope":null,"std_dev":{"confidence_interval":{"confidence_level":0.95,"lower_bound":28158.92806559944,"upper_bound":63386.01109327312},"point_estimate":44889.4981893053,"standard_error":10373.649617432631}}