{"mean":{"confidence_interval":{"confidence_level":0.95,"lower_bound":7379112.955642855,"upper_bound":7421164.034535714},"point_estimate":7394766.992857141,"standard_error":11681.95211496167},"median":{"confidence_interval":{"confidence_level":0.95,"lower_bound":7372062.571428571,"upper_bound":7380633.571428572},"point_estimate":7376388.428571428,"standard_error":2230.8012036064442},"median_abs_dev":{"confidence_interval":{"confidence_level":0.95,"lower_bound":12873.945071441984,"upper_bound":26926.451221959735},"point_estimate":18880.06346481128,"standard_error":3786.4051290095254},"slope":null,"std_dev":{"confidence_interval":{"confidence_level":0.95,"lower_bound":22680.668353708657,"upper_bound":197868.76399766214},"point_estimate":117638.52930466314,"standard_error":59571.74892613549}}