{"mean":{"confidence_interval":{"confidence_level":0.95,"lower_bound":84882.8120351648,"upper_bound":85261.18261133968},"point_estimate":85029.06663357401,"standard_error":101.28190328305622},"median":{"confidence_interval":{"confidence_level":0.95,"lower_bound":84862.44097222222,"upper_bound":84999.53571428571},"point_estimate":84908.46961805556,"standard_error":31.528764676885856},"median_abs_dev":{"confidence_interval":{"confidence_level":0.95,"lower_bound":180.42902522812068,"upper_bound":353.0829739458129},"point_estimate":271.04572755976307,"standard_error":47.613437143441566},"slope":{"confidence_interval":{"confidence_level":0.95,"lower_bound":84891.01610021284,"upper_bound":85058.3352834562},"point_estimate":84981.71422516133,"standard_error":42.58861398359065},"std_dev":{"confidence_interval":{"confidence_level":0.95,"lower_bound":288.7088857011011,"upper_bound":1693.1257852008196},"point_estimate":1019.829439961075,"standard_error":473.7241737167725}}