{"mean":{"confidence_interval":{"confidence_level":0.95,"lower_bound":28342888.965,"upper_bound":28392922.895},"point_estimate":28367888.75,"standard_error":12767.76251895763},"median":{"confidence_interval":{"confidence_level":0.95,"lower_bound":28334854.0,"upper_bound":28389541.0},"point_estimate":28362072.0,"standard_error":11735.219365050576},"median_abs_dev":{"confidence_interval":{"confidence_level":0.95,"lower_bound":103902.79299035679,"upper_bound":169169.47544664145},"point_estimate":135266.1205485463,"standard_error":16666.651954305693},"slope":null,"std_dev":{"confidence_interval":{"confidence_level":0.95,"lower_bound":112384.60667068251,"upper_bound":142921.17281408192},"point_estimate":128552.75617362648,"standard_error":7767.613896941871}}