{"mean":{"confidence_interval":{"confidence_level":0.95,"lower_bound":29067145.74575,"upper_bound":29116001.4105},"point_estimate":29091341.01,"standard_error":12488.491935947228},"median":{"confidence_interval":{"confidence_level":0.95,"lower_bound":29048076.0,"upper_bound":29102913.25},"point_estimate":29079868.25,"standard_error":15416.714900492463},"median_abs_dev":{"confidence_interval":{"confidence_level":0.95,"lower_bound":99992.10197478533,"upper_bound":159502.1823182702},"point_estimate":128271.21387273073,"standard_error":15634.289334477477},"slope":null,"std_dev":{"confidence_interval":{"confidence_level":0.95,"lower_bound":108956.80314230204,"upper_bound":139858.02963180037},"point_estimate":125552.46110432656,"standard_error":7879.098686270089}}