{"mean":{"confidence_interval":{"confidence_level":0.95,"lower_bound":32351710.052125,"upper_bound":32418524.098875},"point_estimate":32384378.6,"standard_error":17003.99205952509},"median":{"confidence_interval":{"confidence_level":0.95,"lower_bound":32315524.0,"upper_bound":32414473.0},"point_estimate":32365076.25,"standard_error":28059.394561853365},"median_abs_dev":{"confidence_interval":{"confidence_level":0.95,"lower_bound":125308.97912532091,"upper_bound":197693.21634024382},"point_estimate":150344.53293085098,"standard_error":19039.44720525011},"slope":null,"std_dev":{"confidence_interval":{"confidence_level":0.95,"lower_bound":137682.13154361382,"upper_bound":203680.64976069398},"point_estimate":170752.718556231,"standard_error":16991.713175068693}}