{"mean":{"confidence_interval":{"confidence_level":0.95,"lower_bound":33129553.7145,"upper_bound":33206062.52025},"point_estimate":33166381.365,"standard_error":19520.103686017235},"median":{"confidence_interval":{"confidence_level":0.95,"lower_bound":33091340.5,"upper_bound":33163613.25},"point_estimate":33120740.5,"standard_error":16784.132766465973},"median_abs_dev":{"confidence_interval":{"confidence_level":0.95,"lower_bound":114214.98004227877,"upper_bound":199977.5322496891},"point_estimate":158112.24484294653,"standard_error":21241.256515214},"slope":null,"std_dev":{"confidence_interval":{"confidence_level":0.95,"lower_bound":153604.22698169085,"upper_bound":236288.0510767881},"point_estimate":196394.89434720745,"standard_error":21132.955604970182}}