{"mean":{"confidence_interval":{"confidence_level":0.95,"lower_bound":33443715.321125,"upper_bound":33824086.76625},"point_estimate":33612764.815,"standard_error":97957.19266899372},"median":{"confidence_interval":{"confidence_level":0.95,"lower_bound":33291698.0,"upper_bound":33591531.0},"point_estimate":33398986.5,"standard_error":81997.57846960239},"median_abs_dev":{"confidence_interval":{"confidence_level":0.95,"lower_bound":375264.5858377218,"upper_bound":555125.460344553},"point_estimate":514422.90196716785,"standard_error":45460.41978426443},"slope":null,"std_dev":{"confidence_interval":{"confidence_level":0.95,"lower_bound":402493.38500339864,"upper_bound":1437061.8256610641},"point_estimate":985078.8455880285,"standard_error":259096.1752955831}}