{"mean":{"confidence_interval":{"confidence_level":0.95,"lower_bound":32113256.570499998,"upper_bound":32183609.6455},"point_estimate":32147694.135,"standard_error":17962.673466814285},"median":{"confidence_interval":{"confidence_level":0.95,"lower_bound":32091374.75,"upper_bound":32129748.5},"point_estimate":32111282.0,"standard_error":10650.036546441905},"median_abs_dev":{"confidence_interval":{"confidence_level":0.95,"lower_bound":92148.68480153383,"upper_bound":159372.82547056675},"point_estimate":118201.76550149918,"standard_error":17177.181071367315},"slope":null,"std_dev":{"confidence_interval":{"confidence_level":0.95,"lower_bound":146128.2520767828,"upper_bound":210590.53134073838},"point_estimate":180302.3723764892,"standard_error":16514.340241281916}}