{"mean":{"confidence_interval":{"confidence_level":0.95,"lower_bound":28043989.672625,"upper_bound":28158034.644625},"point_estimate":28096486.815,"standard_error":29124.697076092787},"median":{"confidence_interval":{"confidence_level":0.95,"lower_bound":27971942.5,"upper_bound":28043597.5},"point_estimate":28007933.0,"standard_error":18806.787726688483},"median_abs_dev":{"confidence_interval":{"confidence_level":0.95,"lower_bound":90430.81474453211,"upper_bound":192529.6912819147},"point_estimate":129704.88804727793,"standard_error":26874.65204262169},"slope":null,"std_dev":{"confidence_interval":{"confidence_level":0.95,"lower_bound":186237.44141685663,"upper_bound":398786.2726538853},"point_estimate":292523.1578662857,"standard_error":55755.80154682573}}