{"mean":{"confidence_interval":{"confidence_level":0.95,"lower_bound":33554577.135375,"upper_bound":33620913.806875005},"point_estimate":33587451.14,"standard_error":16935.473750816844},"median":{"confidence_interval":{"confidence_level":0.95,"lower_bound":33512747.5,"upper_bound":33631069.25},"point_estimate":33554012.25,"standard_error":28226.61814691432},"median_abs_dev":{"confidence_interval":{"confidence_level":0.95,"lower_bound":155824.9637335539,"upper_bound":247400.71630775928},"point_estimate":206805.64642846584,"standard_error":22771.829703534666},"slope":null,"std_dev":{"confidence_interval":{"confidence_level":0.95,"lower_bound":152093.01496446837,"upper_bound":186907.75304068753},"point_estimate":170505.9179497127,"standard_error":8876.123120089658}}