{"mean":{"confidence_interval":{"confidence_level":0.95,"lower_bound":33042416.9085,"upper_bound":33136160.163999997},"point_estimate":33084526.015,"standard_error":23974.720183661764},"median":{"confidence_interval":{"confidence_level":0.95,"lower_bound":33014318.25,"upper_bound":33070739.0},"point_estimate":33045085.5,"standard_error":13025.573366047822},"median_abs_dev":{"confidence_interval":{"confidence_level":0.95,"lower_bound":92321.12971097231,"upper_bound":153932.42486715317},"point_estimate":109190.89351147413,"standard_error":17339.329389028717},"slope":null,"std_dev":{"confidence_interval":{"confidence_level":0.95,"lower_bound":134528.06313175455,"upper_bound":351921.1243461274},"point_estimate":240620.64894443625,"standard_error":63031.96481322524}}