{"mean":{"confidence_interval":{"confidence_level":0.95,"lower_bound":32733504.473249998,"upper_bound":32766816.271250002},"point_estimate":32749765.485,"standard_error":8518.338589749193},"median":{"confidence_interval":{"confidence_level":0.95,"lower_bound":32718187.75,"upper_bound":32754476.25},"point_estimate":32738756.25,"standard_error":7679.893868534963},"median_abs_dev":{"confidence_interval":{"confidence_level":0.95,"lower_bound":52092.26202517748,"upper_bound":89678.76590788364},"point_estimate":70456.1159491539,"standard_error":9157.267135139373},"slope":null,"std_dev":{"confidence_interval":{"confidence_level":0.95,"lower_bound":68716.16911750547,"upper_bound":100632.919938578},"point_estimate":85775.20794914733,"standard_error":8150.027428784888}}