{"mean":{"confidence_interval":{"confidence_level":0.95,"lower_bound":28380392.95175,"upper_bound":28437506.758875},"point_estimate":28405424.965,"standard_error":14648.768058828246},"median":{"confidence_interval":{"confidence_level":0.95,"lower_bound":28357826.5,"upper_bound":28398331.5},"point_estimate":28372243.5,"standard_error":9942.604291635187},"median_abs_dev":{"confidence_interval":{"confidence_level":0.95,"lower_bound":60955.6153178215,"upper_bound":105802.95798037197},"point_estimate":83470.00786811113,"standard_error":11918.676818552609},"slope":null,"std_dev":{"confidence_interval":{"confidence_level":0.95,"lower_bound":78213.6553929276,"upper_bound":221438.48579751773},"point_estimate":147313.0999685353,"standard_error":44028.42079925456}}