{"mean":{"confidence_interval":{"confidence_level":0.95,"lower_bound":27877577.518999998,"upper_bound":27920641.641375},"point_estimate":27898572.2,"standard_error":10970.343421492918},"median":{"confidence_interval":{"confidence_level":0.95,"lower_bound":27840233.75,"upper_bound":27886322.25},"point_estimate":27862229.25,"standard_error":9562.067521442252},"median_abs_dev":{"confidence_interval":{"confidence_level":0.95,"lower_bound":57874.401922523975,"upper_bound":120759.99175608158},"point_estimate":81510.01070290804,"standard_error":15967.515063378365},"slope":null,"std_dev":{"confidence_interval":{"confidence_level":0.95,"lower_bound":93185.71183283023,"upper_bound":125703.4850014891},"point_estimate":110040.91227008404,"standard_error":8327.66610524106}}