{"mean":{"confidence_interval":{"confidence_level":0.95,"lower_bound":32650211.445125002,"upper_bound":32693461.402125},"point_estimate":32670880.835,"standard_error":11024.250791860357},"median":{"confidence_interval":{"confidence_level":0.95,"lower_bound":32620806.5,"upper_bound":32667538.5},"point_estimate":32643959.75,"standard_error":11889.106929780271},"median_abs_dev":{"confidence_interval":{"confidence_level":0.95,"lower_bound":63479.732506759465,"upper_bound":112291.01005643606},"point_estimate":87707.64924287796,"standard_error":12776.167501966389},"slope":null,"std_dev":{"confidence_interval":{"confidence_level":0.95,"lower_bound":84630.18112771846,"upper_bound":140061.36715943247},"point_estimate":110946.84194842391,"standard_error":14712.410314837769}}