{"mean":{"confidence_interval":{"confidence_level":0.95,"lower_bound":31854786.603375,"upper_bound":31890798.081625},"point_estimate":31872204.81,"standard_error":9196.153222340223},"median":{"confidence_interval":{"confidence_level":0.95,"lower_bound":31842542.5,"upper_bound":31868213.25},"point_estimate":31857593.25,"standard_error":7294.79567418571},"median_abs_dev":{"confidence_interval":{"confidence_level":0.95,"lower_bound":55848.058408498764,"upper_bound":96695.17028331757},"point_estimate":79284.9987924099,"standard_error":10807.095954006056},"slope":null,"std_dev":{"confidence_interval":{"confidence_level":0.95,"lower_bound":73660.11968801168,"upper_bound":110086.27025269088},"point_estimate":92333.66218981422,"standard_error":9349.618028916098}}