{"mean":{"confidence_interval":{"confidence_level":0.95,"lower_bound":26124205.7205,"upper_bound":26160073.065750003},"point_estimate":26141469.365,"standard_error":9122.963020643532},"median":{"confidence_interval":{"confidence_level":0.95,"lower_bound":26112613.0,"upper_bound":26145818.0},"point_estimate":26120652.5,"standard_error":7745.056771849401},"median_abs_dev":{"confidence_interval":{"confidence_level":0.95,"lower_bound":66382.67252147198,"upper_bound":98941.30924344063},"point_estimate":80143.05352717638,"standard_error":8558.68692757391},"slope":null,"std_dev":{"confidence_interval":{"confidence_level":0.95,"lower_bound":71474.25190593296,"upper_bound":112372.61106097297},"point_estimate":91317.04187957266,"standard_error":10646.327057886461}}