{"mean":{"confidence_interval":{"confidence_level":0.95,"lower_bound":34865933.925625,"upper_bound":34975386.713375},"point_estimate":34919261.245,"standard_error":27924.938032164664},"median":{"confidence_interval":{"confidence_level":0.95,"lower_bound":34770584.0,"upper_bound":34888969.75},"point_estimate":34840652.0,"standard_error":34871.96072588924},"median_abs_dev":{"confidence_interval":{"confidence_level":0.95,"lower_bound":157276.79975777864,"upper_bound":309634.2030753934},"point_estimate":232622.53042012453,"standard_error":40381.43972949551},"slope":null,"std_dev":{"confidence_interval":{"confidence_level":0.95,"lower_bound":239662.0496794245,"upper_bound":316165.39176708745},"point_estimate":281237.94200896303,"standard_error":19604.671768690798}}