{"mean":{"confidence_interval":{"confidence_level":0.95,"lower_bound":31098345.956625,"upper_bound":31327509.299875},"point_estimate":31201624.58,"standard_error":58442.304726466806},"median":{"confidence_interval":{"confidence_level":0.95,"lower_bound":30953120.5,"upper_bound":31145605.5},"point_estimate":31062188.0,"standard_error":44497.330882716786},"median_abs_dev":{"confidence_interval":{"confidence_level":0.95,"lower_bound":216037.425814569,"upper_bound":383478.1896919012},"point_estimate":295398.77850562334,"standard_error":44753.94368938701},"slope":null,"std_dev":{"confidence_interval":{"confidence_level":0.95,"lower_bound":346943.2881713079,"upper_bound":834621.9104610289},"point_estimate":586957.8049195302,"standard_error":134941.56035810226}}