{"mean":{"confidence_interval":{"confidence_level":0.95,"lower_bound":33891615.07075,"upper_bound":34002672.5385},"point_estimate":33942296.1,"standard_error":28461.177080689242},"median":{"confidence_interval":{"confidence_level":0.95,"lower_bound":33850071.25,"upper_bound":33933534.5},"point_estimate":33874824.75,"standard_error":21429.19688025037},"median_abs_dev":{"confidence_interval":{"confidence_level":0.95,"lower_bound":123033.5588157177,"upper_bound":198519.76582556963},"point_estimate":157994.7487950325,"standard_error":19748.45605249204},"slope":null,"std_dev":{"confidence_interval":{"confidence_level":0.95,"lower_bound":172411.6474900054,"upper_bound":407797.2152789225},"point_estimate":285676.51338135457,"standard_error":67827.23039335129}}