{"mean":{"confidence_interval":{"confidence_level":0.95,"lower_bound":33816245.743625,"upper_bound":34408048.149124995},"point_estimate":34061154.86,"standard_error":156338.68523508697},"median":{"confidence_interval":{"confidence_level":0.95,"lower_bound":33767908.0,"upper_bound":33838834.5},"point_estimate":33813141.5,"standard_error":18546.213168242408},"median_abs_dev":{"confidence_interval":{"confidence_level":0.95,"lower_bound":131732.71416127682,"upper_bound":211601.11604332924},"point_estimate":178374.19738322496,"standard_error":18639.686536637877},"slope":null,"std_dev":{"confidence_interval":{"confidence_level":0.95,"lower_bound":187557.99518214553,"upper_bound":2448355.3838960095},"point_estimate":1568862.7103842008,"standard_error":601082.2717642628}}