{"mean":{"confidence_interval":{"confidence_level":0.95,"lower_bound":32415499.41675,"upper_bound":32462240.300249998},"point_estimate":32438300.225,"standard_error":11967.230366768094},"median":{"confidence_interval":{"confidence_level":0.95,"lower_bound":32386743.0,"upper_bound":32423827.25},"point_estimate":32404228.0,"standard_error":10082.504279935136},"median_abs_dev":{"confidence_interval":{"confidence_level":0.95,"lower_bound":59392.58429557085,"upper_bound":115687.74852488187},"point_estimate":89159.85591709614,"standard_error":14899.464218150095},"slope":null,"std_dev":{"confidence_interval":{"confidence_level":0.95,"lower_bound":97514.85320119496,"upper_bound":140066.5140094657},"point_estimate":119992.23186570457,"standard_error":10868.069772105866}}