{"mean":{"confidence_interval":{"confidence_level":0.95,"lower_bound":32517178.106999997,"upper_bound":32582526.250125},"point_estimate":32549387.575,"standard_error":16677.358373181734},"median":{"confidence_interval":{"confidence_level":0.95,"lower_bound":32497026.25,"upper_bound":32591706.5},"point_estimate":32562857.5,"standard_error":21125.73997263001},"median_abs_dev":{"confidence_interval":{"confidence_level":0.95,"lower_bound":141565.94729170203,"upper_bound":204579.15191799402},"point_estimate":179891.26780629158,"standard_error":16387.44503095975},"slope":null,"std_dev":{"confidence_interval":{"confidence_level":0.95,"lower_bound":138762.8424266756,"upper_bound":196154.9258473162},"point_estimate":167068.8417833504,"standard_error":14781.434394611253}}