{"mean":{"confidence_interval":{"confidence_level":0.95,"lower_bound":32542463.4045,"upper_bound":32631084.8935},"point_estimate":32584560.56,"standard_error":22561.295602531267},"median":{"confidence_interval":{"confidence_level":0.95,"lower_bound":32498816.0,"upper_bound":32564894.0},"point_estimate":32529860.25,"standard_error":17924.95829893836},"median_abs_dev":{"confidence_interval":{"confidence_level":0.95,"lower_bound":106667.8790062666,"upper_bound":193132.54422996182},"point_estimate":136862.51007020473,"standard_error":21812.04357722428},"slope":null,"std_dev":{"confidence_interval":{"confidence_level":0.95,"lower_bound":169719.24700016205,"upper_bound":284320.76482650253},"point_estimate":227282.43579254943,"standard_error":29574.956242478893}}