{"mean":{"confidence_interval":{"confidence_level":0.95,"lower_bound":26129019.169375,"upper_bound":26154389.60275},"point_estimate":26140957.93,"standard_error":6496.471886684574},"median":{"confidence_interval":{"confidence_level":0.95,"lower_bound":26122022.5,"upper_bound":26144714.75},"point_estimate":26130180.0,"standard_error":6094.92134924263},"median_abs_dev":{"confidence_interval":{"confidence_level":0.95,"lower_bound":33757.68945068121,"upper_bound":54623.80148023367},"point_estimate":44652.57535725832,"standard_error":5304.9204518131155},"slope":null,"std_dev":{"confidence_interval":{"confidence_level":0.95,"lower_bound":44943.50154409822,"upper_bound":85445.39909785317},"point_estimate":65359.23495330953,"standard_error":10518.750378232457}}