{"mean":{"confidence_interval":{"confidence_level":0.95,"lower_bound":27884877.228125,"upper_bound":28110340.671749998},"point_estimate":27967558.92,"standard_error":64298.35274239554},"median":{"confidence_interval":{"confidence_level":0.95,"lower_bound":27869576.0,"upper_bound":27910557.5},"point_estimate":27885019.75,"standard_error":8667.691768524934},"median_abs_dev":{"confidence_interval":{"confidence_level":0.95,"lower_bound":58381.91442601385,"upper_bound":104826.11918896437},"point_estimate":84836.59439384937,"standard_error":11950.058830033164},"slope":null,"std_dev":{"confidence_interval":{"confidence_level":0.95,"lower_bound":84321.49278027816,"upper_bound":1096142.1930946375},"point_estimate":647177.4432695508,"standard_error":343686.0741889055}}