{"mean":{"confidence_interval":{"confidence_level":0.95,"lower_bound":33285584.61675,"upper_bound":33350022.251375},"point_estimate":33317773.075,"standard_error":16437.637068806605},"median":{"confidence_interval":{"confidence_level":0.95,"lower_bound":33280157.0,"upper_bound":33369100.25},"point_estimate":33319061.75,"standard_error":27060.347620661265},"median_abs_dev":{"confidence_interval":{"confidence_level":0.95,"lower_bound":130200.07643848658,"upper_bound":211283.28367397177},"point_estimate":164716.4864256978,"standard_error":20391.48328124633},"slope":null,"std_dev":{"confidence_interval":{"confidence_level":0.95,"lower_bound":144234.22175871968,"upper_bound":184503.4274447523},"point_estimate":165515.21121183046,"standard_error":10257.71692342783}}