{"mean":{"confidence_interval":{"confidence_level":0.95,"lower_bound":74981.50319441165,"upper_bound":75312.73699866193},"point_estimate":75139.92595508657,"standard_error":85.24158517793266},"median":{"confidence_interval":{"confidence_level":0.95,"lower_bound":74908.92892561984,"upper_bound":75424.84354338843},"point_estimate":75007.8791046832,"standard_error":147.5768471181354},"median_abs_dev":{"confidence_interval":{"confidence_level":0.95,"lower_bound":15.329169866270256,"upper_bound":452.78223356479566},"point_estimate":210.06663790695274,"standard_error":128.20556980996835},"slope":{"confidence_interval":{"confidence_level":0.95,"lower_bound":74930.69182781033,"upper_bound":75404.22594740202},"point_estimate":75155.1348051948,"standard_error":131.56634969628834},"std_dev":{"confidence_interval":{"confidence_level":0.95,"lower_bound":147.07333255867056,"upper_bound":336.60349746902057},"point_estimate":283.58307616520415,"standard_error":46.85520445924762}}