{"mean":{"confidence_interval":{"confidence_level":0.95,"lower_bound":30034219.241375,"upper_bound":30072379.813},"point_estimate":30053068.635,"standard_error":9697.818545168742},"median":{"confidence_interval":{"confidence_level":0.95,"lower_bound":30016300.0,"upper_bound":30080484.0},"point_estimate":30044951.0,"standard_error":18151.40165058438},"median_abs_dev":{"confidence_interval":{"confidence_level":0.95,"lower_bound":81509.64005291462,"upper_bound":122846.7512190342},"point_estimate":105274.97633099556,"standard_error":10515.45426191723},"slope":null,"std_dev":{"confidence_interval":{"confidence_level":0.95,"lower_bound":83753.12058205661,"upper_bound":110185.73051877061},"point_estimate":97527.29689132454,"standard_error":6732.8774831228875}}