{"mean":{"confidence_interval":{"confidence_level":0.95,"lower_bound":29537721.5825,"upper_bound":29619483.93775},"point_estimate":29573535.215,"standard_error":21068.172340179757},"median":{"confidence_interval":{"confidence_level":0.95,"lower_bound":29516686.5,"upper_bound":29546747.0},"point_estimate":29532376.0,"standard_error":7617.991501133997},"median_abs_dev":{"confidence_interval":{"confidence_level":0.95,"lower_bound":58984.49865281582,"upper_bound":97344.91972178221},"point_estimate":78725.68795233965,"standard_error":9341.239707637214},"slope":null,"std_dev":{"confidence_interval":{"confidence_level":0.95,"lower_bound":83640.49879568786,"upper_bound":312823.4463603668},"point_estimate":211741.7899987745,"standard_error":59312.69680100945}}