{"mean":{"confidence_interval":{"confidence_level":0.95,"lower_bound":30276985.217375,"upper_bound":30308796.106000002},"point_estimate":30292332.995,"standard_error":8117.818398595063},"median":{"confidence_interval":{"confidence_level":0.95,"lower_bound":30270493.0,"upper_bound":30302142.0},"point_estimate":30290688.0,"standard_error":8149.502143774858},"median_abs_dev":{"confidence_interval":{"confidence_level":0.95,"lower_bound":49350.93467384577,"upper_bound":80436.60832196474},"point_estimate":62370.756992697716,"standard_error":8038.831595022615},"slope":null,"std_dev":{"confidence_interval":{"confidence_level":0.95,"lower_bound":61247.20314979611,"upper_bound":105108.37416515002},"point_estimate":81526.8150626843,"standard_error":11814.425172694388}}