{"mean":{"confidence_interval":{"confidence_level":0.95,"lower_bound":30334220.843125,"upper_bound":30377376.2445},"point_estimate":30355042.86,"standard_error":11023.747916974144},"median":{"confidence_interval":{"confidence_level":0.95,"lower_bound":30314237.5,"upper_bound":30368128.0},"point_estimate":30331306.0,"standard_error":12786.092825394624},"median_abs_dev":{"confidence_interval":{"confidence_level":0.95,"lower_bound":74625.92837512493,"upper_bound":114829.81425136322},"point_estimate":96022.4405452609,"standard_error":10136.92982613256},"slope":null,"std_dev":{"confidence_interval":{"confidence_level":0.95,"lower_bound":86334.43744601448,"upper_bound":133010.7681479424},"point_estimate":110669.89655199235,"standard_error":11964.133080447351}}