{"mean":{"confidence_interval":{"confidence_level":0.95,"lower_bound":31222935.840749998,"upper_bound":31297405.25825},"point_estimate":31254935.87,"standard_error":19203.346193102614},"median":{"confidence_interval":{"confidence_level":0.95,"lower_bound":31202859.25,"upper_bound":31252649.5},"point_estimate":31227802.5,"standard_error":13501.186603303446},"median_abs_dev":{"confidence_interval":{"confidence_level":0.95,"lower_bound":82545.15273828064,"upper_bound":139939.3775943293},"point_estimate":106653.42365652323,"standard_error":14651.349159985983},"slope":null,"std_dev":{"confidence_interval":{"confidence_level":0.95,"lower_bound":90340.13489786896,"upper_bound":298838.61809230404},"point_estimate":193065.0618030833,"standard_error":64628.19263513171}}