{"mean":{"confidence_interval":{"confidence_level":0.95,"lower_bound":29970511.997874998,"upper_bound":29999357.57825},"point_estimate":29984744.245,"standard_error":7360.171195758155},"median":{"confidence_interval":{"confidence_level":0.95,"lower_bound":29965436.0,"upper_bound":29996103.0},"point_estimate":29981145.25,"standard_error":7557.871029242115},"median_abs_dev":{"confidence_interval":{"confidence_level":0.95,"lower_bound":54101.296184510014,"upper_bound":85918.52172464132},"point_estimate":69721.11701220274,"standard_error":7785.873749925683},"slope":null,"std_dev":{"confidence_interval":{"confidence_level":0.95,"lower_bound":61746.708872830655,"upper_bound":85586.62876921143},"point_estimate":74110.75995531294,"standard_error":6098.3684845397365}}