{"mean":{"confidence_interval":{"confidence_level":0.95,"lower_bound":29933199.1055,"upper_bound":29993680.60875},"point_estimate":29959987.76,"standard_error":15509.126905209285},"median":{"confidence_interval":{"confidence_level":0.95,"lower_bound":29913882.0,"upper_bound":29951217.75},"point_estimate":29924905.75,"standard_error":9064.31274192789},"median_abs_dev":{"confidence_interval":{"confidence_level":0.95,"lower_bound":66778.51744819432,"upper_bound":115140.09462710455},"point_estimate":90477.8872936964,"standard_error":12243.412247659986},"slope":null,"std_dev":{"confidence_interval":{"confidence_level":0.95,"lower_bound":87600.7701162842,"upper_bound":232114.84166906227},"point_estimate":156480.40060874764,"standard_error":44202.76628723878}}