{"mean":{"confidence_interval":{"confidence_level":0.95,"lower_bound":29668674.747875,"upper_bound":29944817.788375},"point_estimate":29780270.49,"standard_error":72767.83888613535},"median":{"confidence_interval":{"confidence_level":0.95,"lower_bound":29645889.5,"upper_bound":29675036.0},"point_estimate":29654670.75,"standard_error":6973.370533430965},"median_abs_dev":{"confidence_interval":{"confidence_level":0.95,"lower_bound":50667.99309421333,"upper_bound":89059.039118886},"point_estimate":64807.03939944506,"standard_error":9548.675115472626},"slope":null,"std_dev":{"confidence_interval":{"confidence_level":0.95,"lower_bound":94768.15246978293,"upper_bound":1187236.74762335},"point_estimate":734485.5739441004,"standard_error":299957.73804154183}}