{"mean":{"confidence_interval":{"confidence_level":0.95,"lower_bound":30670933.304375,"upper_bound":30756933.52175},"point_estimate":30713360.135,"standard_error":21944.21171941609},"median":{"confidence_interval":{"confidence_level":0.95,"lower_bound":30670880.5,"upper_bound":30766129.75},"point_estimate":30716098.75,"standard_error":24610.254285501596},"median_abs_dev":{"confidence_interval":{"confidence_level":0.95,"lower_bound":136649.38632398844,"upper_bound":247678.70380282376},"point_estimate":199833.72005224228,"standard_error":27980.853948273627},"slope":null,"std_dev":{"confidence_interval":{"confidence_level":0.95,"lower_bound":184496.835099715,"upper_bound":252818.83810169646},"point_estimate":220025.9701874843,"standard_error":17504.15906323589}}