{"mean":{"confidence_interval":{"confidence_level":0.95,"lower_bound":29883325.728375003,"upper_bound":29936413.073375},"point_estimate":29907859.75,"standard_error":13554.185593698885},"median":{"confidence_interval":{"confidence_level":0.95,"lower_bound":29872874.25,"upper_bound":29920713.5},"point_estimate":29885667.75,"standard_error":13612.306497049489},"median_abs_dev":{"confidence_interval":{"confidence_level":0.95,"lower_bound":77116.26081716269,"upper_bound":120470.88476121426},"point_estimate":97276.72012299299,"standard_error":10736.41671394371},"slope":null,"std_dev":{"confidence_interval":{"confidence_level":0.95,"lower_bound":83478.4804783045,"upper_bound":188715.11386142313},"point_estimate":135462.45477136588,"standard_error":28303.411621666262}}