{"mean":{"confidence_interval":{"confidence_level":0.95,"lower_bound":29152609.955125,"upper_bound":29181252.550125003},"point_estimate":29166821.52,"standard_error":7315.578364486085},"median":{"confidence_interval":{"confidence_level":0.95,"lower_bound":29140652.25,"upper_bound":29183164.25},"point_estimate":29165869.75,"standard_error":11473.8563091602},"median_abs_dev":{"confidence_interval":{"confidence_level":0.95,"lower_bound":58290.27121514082,"upper_bound":92024.4985212385},"point_estimate":73255.6353494525,"standard_error":8715.204114330574},"slope":null,"std_dev":{"confidence_interval":{"confidence_level":0.95,"lower_bound":62477.810040972785,"upper_bound":84414.84207774095},"point_estimate":73675.8181017299,"standard_error":5600.917185424381}}