{"mean":{"confidence_interval":{"confidence_level":0.95,"lower_bound":29101826.435125,"upper_bound":29397368.622875},"point_estimate":29236526.625,"standard_error":75760.14830886712},"median":{"confidence_interval":{"confidence_level":0.95,"lower_bound":28970155.75,"upper_bound":29133861.75},"point_estimate":29047864.75,"standard_error":43839.01622730018},"median_abs_dev":{"confidence_interval":{"confidence_level":0.95,"lower_bound":229376.00712776184,"upper_bound":378878.67346230865},"point_estimate":278609.07510370016,"standard_error":36824.80580155127},"slope":null,"std_dev":{"confidence_interval":{"confidence_level":0.95,"lower_bound":402228.77337839414,"upper_bound":1036043.7986012008},"point_estimate":761341.5832825192,"standard_error":157867.94510788293}}