{"mean":{"confidence_interval":{"confidence_level":0.95,"lower_bound":30032889.691125,"upper_bound":30163520.540625002},"point_estimate":30088854.435,"standard_error":33755.658497637836},"median":{"confidence_interval":{"confidence_level":0.95,"lower_bound":30003047.0,"upper_bound":30043301.5},"point_estimate":30022435.75,"standard_error":10816.339155426987},"median_abs_dev":{"confidence_interval":{"confidence_level":0.95,"lower_bound":67082.83035904169,"upper_bound":112044.62973956016},"point_estimate":89961.94250285625,"standard_error":10991.868170600601},"slope":null,"std_dev":{"confidence_interval":{"confidence_level":0.95,"lower_bound":89706.69350009045,"upper_bound":517836.6183523399},"point_estimate":339358.84204102075,"standard_error":110100.11963647454}}