{"mean":{"confidence_interval":{"confidence_level":0.95,"lower_bound":7169826.450107141,"upper_bound":7183755.4846071405},"point_estimate":7176050.731428571,"standard_error":3565.302592851906},"median":{"confidence_interval":{"confidence_level":0.95,"lower_bound":7163932.071428572,"upper_bound":7174735.785714285},"point_estimate":7168441.142857143,"standard_error":2847.280915622444},"median_abs_dev":{"confidence_interval":{"confidence_level":0.95,"lower_bound":15693.000373893177,"upper_bound":25560.235346214915},"point_estimate":18982.045163001036,"standard_error":2578.5175736276983},"slope":null,"std_dev":{"confidence_interval":{"confidence_level":0.95,"lower_bound":20376.39953400922,"upper_bound":52549.16014992525},"point_estimate":35854.844977550296,"standard_error":9540.62952559115}}