{"mean":{"confidence_interval":{"confidence_level":0.95,"lower_bound":7087425.98471875,"upper_bound":7095746.60465625},"point_estimate":7091419.76625,"standard_error":2119.730975886906},"median":{"confidence_interval":{"confidence_level":0.95,"lower_bound":7085796.0625,"upper_bound":7092694.625},"point_estimate":7088646.3125,"standard_error":1646.5800733711874},"median_abs_dev":{"confidence_interval":{"confidence_level":0.95,"lower_bound":12371.27749286592,"upper_bound":21089.521313086152},"point_estimate":16134.857526049018,"standard_error":2146.5287308551838},"slope":null,"std_dev":{"confidence_interval":{"confidence_level":0.95,"lower_bound":16042.245410420268,"upper_bound":26381.315450216924},"point_estimate":21316.988833064155,"standard_error":2664.2153729124966}}