{"mean":{"confidence_interval":{"confidence_level":0.95,"lower_bound":7268250.179571429,"upper_bound":7288390.762892859},"point_estimate":7277271.927142861,"standard_error":5168.898615580338},"median":{"confidence_interval":{"confidence_level":0.95,"lower_bound":7262556.071428571,"upper_bound":7272790.0},"point_estimate":7266761.0,"standard_error":2958.2675549532923},"median_abs_dev":{"confidence_interval":{"confidence_level":0.95,"lower_bound":17187.78149485588,"upper_bound":30208.08036370065},"point_estimate":22666.729697585106,"standard_error":3413.3464500115583},"slope":null,"std_dev":{"confidence_interval":{"confidence_level":0.95,"lower_bound":25604.577266235512,"upper_bound":75444.85748939581},"point_estimate":52037.238186666415,"standard_error":13231.16520562975}}