{"mean":{"confidence_interval":{"confidence_level":0.95,"lower_bound":7194460.77285714,"upper_bound":7208769.796285716},"point_estimate":7201508.227142854,"standard_error":3655.890936425239},"median":{"confidence_interval":{"confidence_level":0.95,"lower_bound":7188258.571428572,"upper_bound":7205110.571428571},"point_estimate":7197451.928571429,"standard_error":4423.207049316404},"median_abs_dev":{"confidence_interval":{"confidence_level":0.95,"lower_bound":27745.693607415866,"upper_bound":44706.955006293676},"point_estimate":38475.79911691792,"standard_error":4231.000520540722},"slope":null,"std_dev":{"confidence_interval":{"confidence_level":0.95,"lower_bound":31350.72542018717,"upper_bound":41218.27986812707},"point_estimate":36612.4236413301,"standard_error":2513.688769343473}}