{"mean":{"confidence_interval":{"confidence_level":0.95,"lower_bound":7247340.620035717,"upper_bound":7270045.967249999},"point_estimate":7257014.345714283,"standard_error":5902.505322958685},"median":{"confidence_interval":{"confidence_level":0.95,"lower_bound":7243099.285714285,"upper_bound":7248699.785714285},"point_estimate":7245481.642857143,"standard_error":1346.8126516452537},"median_abs_dev":{"confidence_interval":{"confidence_level":0.95,"lower_bound":8090.018556373263,"upper_bound":14854.8045362746},"point_estimate":11701.632092254995,"standard_error":1760.3020654064708},"slope":null,"std_dev":{"confidence_interval":{"confidence_level":0.95,"lower_bound":15172.078967329358,"upper_bound":90955.48890288064},"point_estimate":59343.11148583044,"standard_error":20022.971938029874}}