{"mean":{"confidence_interval":{"confidence_level":0.95,"lower_bound":7056325.318714288,"upper_bound":7067131.815499999},"point_estimate":7061115.494285716,"standard_error":2778.756121137614},"median":{"confidence_interval":{"confidence_level":0.95,"lower_bound":7053886.142857143,"upper_bound":7059710.642857144},"point_estimate":7057603.785714285,"standard_error":1694.29977200027},"median_abs_dev":{"confidence_interval":{"confidence_level":0.95,"lower_bound":9404.555233036755,"upper_bound":15581.808023367215},"point_estimate":12236.42708276019,"standard_error":1609.82619916095},"slope":null,"std_dev":{"confidence_interval":{"confidence_level":0.95,"lower_bound":13290.172653324644,"upper_bound":41812.26399105531},"point_estimate":27800.814904007922,"standard_error":7871.75724448797}}