{"mean":{"confidence_interval":{"confidence_level":0.95,"lower_bound":6776842.44103125,"upper_bound":6830388.454125},"point_estimate":6800265.43,"standard_error":13795.378159458896},"median":{"confidence_interval":{"confidence_level":0.95,"lower_bound":6756603.3125,"upper_bound":6775537.875},"point_estimate":6767509.1875,"standard_error":3931.5445613722254},"median_abs_dev":{"confidence_interval":{"confidence_level":0.95,"lower_bound":27460.531387478113,"upper_bound":49065.256191417575},"point_estimate":36825.837433710694,"standard_error":5279.108740459366},"slope":null,"std_dev":{"confidence_interval":{"confidence_level":0.95,"lower_bound":54197.80533589073,"upper_bound":205149.4794213339},"point_estimate":138776.6527383475,"standard_error":40020.339957760145}}