{"mean":{"confidence_interval":{"confidence_level":0.95,"lower_bound":6858214.796250001,"upper_bound":7019047.0878125},"point_estimate":6927968.1525,"standard_error":41582.872136657854},"median":{"confidence_interval":{"confidence_level":0.95,"lower_bound":6818496.0,"upper_bound":6828198.0},"point_estimate":6822292.375,"standard_error":2438.7995066265617},"median_abs_dev":{"confidence_interval":{"confidence_level":0.95,"lower_bound":15731.405008211732,"upper_bound":27449.041237682104},"point_estimate":19934.57593359053,"standard_error":2849.662515626},"slope":null,"std_dev":{"confidence_interval":{"confidence_level":0.95,"lower_bound":149558.0323186543,"upper_bound":618504.9452275666},"point_estimate":415931.11948971584,"standard_error":120899.90830794424}}