{"mean":{"confidence_interval":{"confidence_level":0.95,"lower_bound":7048985.596,"upper_bound":7058824.48846875},"point_estimate":7053307.81375,"standard_error":2526.7902755078717},"median":{"confidence_interval":{"confidence_level":0.95,"lower_bound":7045893.375,"upper_bound":7051114.5},"point_estimate":7047453.8125,"standard_error":1198.9105482484472},"median_abs_dev":{"confidence_interval":{"confidence_level":0.95,"lower_bound":9175.162599608302,"upper_bound":15717.134983465075},"point_estimate":11955.408200249076,"standard_error":1664.253698019254},"slope":null,"std_dev":{"confidence_interval":{"confidence_level":0.95,"lower_bound":13540.011523090794,"upper_bound":38055.11851740489},"point_estimate":25445.92781493427,"standard_error":7381.1561085062485}}