{"mean":{"confidence_interval":{"confidence_level":0.95,"lower_bound":7222755.087499996,"upper_bound":7237260.260857142},"point_estimate":7229153.005714286,"standard_error":3731.9955808220557},"median":{"confidence_interval":{"confidence_level":0.95,"lower_bound":7218552.357142857,"upper_bound":7227512.714285715},"point_estimate":7222733.785714285,"standard_error":2422.333060953952},"median_abs_dev":{"confidence_interval":{"confidence_level":0.95,"lower_bound":15425.499626142146,"upper_bound":24622.194342869432},"point_estimate":20495.88563612559,"standard_error":2337.9444659385554},"slope":null,"std_dev":{"confidence_interval":{"confidence_level":0.95,"lower_bound":18739.98807286068,"upper_bound":56446.353938417684},"point_estimate":37514.44962266424,"standard_error":11038.722991793338}}