{"mean":{"confidence_interval":{"confidence_level":0.95,"lower_bound":7763172.178142857,"upper_bound":7783264.480928567},"point_estimate":7772461.935714286,"standard_error":5136.892129118008},"median":{"confidence_interval":{"confidence_level":0.95,"lower_bound":7750154.714285715,"upper_bound":7765394.857142857},"point_estimate":7758036.5,"standard_error":3955.441751295254},"median_abs_dev":{"confidence_interval":{"confidence_level":0.95,"lower_bound":18923.588364038755,"upper_bound":35996.15066093979},"point_estimate":26345.060232281685,"standard_error":4538.715111563377},"slope":null,"std_dev":{"confidence_interval":{"confidence_level":0.95,"lower_bound":32057.94145266274,"upper_bound":68884.13408735146},"point_estimate":51582.222677789934,"standard_error":9387.827362276548}}