{"mean":{"confidence_interval":{"confidence_level":0.95,"lower_bound":-0.05288273327052001,"upper_bound":-0.047289920368134127},"point_estimate":-0.05028878321792951,"standard_error":0.0013954331262758248},"median":{"confidence_interval":{"confidence_level":0.95,"lower_bound":-0.0497327440770472,"upper_bound":-0.048914979048296225},"point_estimate":-0.04948678005599583,"standard_error":0.00021720468802963777}}