{"mean":{"confidence_interval":{"confidence_level":0.95,"lower_bound":0.06312731627513293,"upper_bound":0.0691049405569143},"point_estimate":0.06605063264058364,"standard_error":0.0014947966069018266},"median":{"confidence_interval":{"confidence_level":0.95,"lower_bound":0.06637922975897781,"upper_bound":0.06737544093913428},"point_estimate":0.06681237058189593,"standard_error":0.00025589993111535894}}