{"mean":{"confidence_interval":{"confidence_level":0.95,"lower_bound":0.07494525920406327,"upper_bound":0.08063355313560192},"point_estimate":0.07778088188084609,"standard_error":0.001443815783191856},"median":{"confidence_interval":{"confidence_level":0.95,"lower_bound":0.07753679145143319,"upper_bound":0.07915434772721741},"point_estimate":0.07831444346533312,"standard_error":0.00042907157465275295}}