{"mean":{"confidence_interval":{"confidence_level":0.95,"lower_bound":0.04513703825311525,"upper_bound":0.05115492160856006},"point_estimate":0.04810465909315553,"standard_error":0.0015152807893358568},"median":{"confidence_interval":{"confidence_level":0.95,"lower_bound":0.04809990632803397,"upper_bound":0.0490552330866012},"point_estimate":0.048413239507020034,"standard_error":0.0002507101371634379}}