{"mean":{"confidence_interval":{"confidence_level":0.95,"lower_bound":-0.015561489547111345,"upper_bound":-0.011379651227945375},"point_estimate":-0.013221138994083725,"standard_error":0.0010746136778220538},"median":{"confidence_interval":{"confidence_level":0.95,"lower_bound":-0.01242241648793263,"upper_bound":-0.011261198171479747},"point_estimate":-0.01198907563858187,"standard_error":0.0002976436093498362}}