{"mean":{"confidence_interval":{"confidence_level":0.95,"lower_bound":0.08022548166537517,"upper_bound":0.08554665399416393},"point_estimate":0.08301570703428096,"standard_error":0.001347732372586704},"median":{"confidence_interval":{"confidence_level":0.95,"lower_bound":0.08322399603468611,"upper_bound":0.0843133341597535},"point_estimate":0.08375564842660732,"standard_error":0.000275274256215575}}