{"mean":{"confidence_interval":{"confidence_level":0.95,"lower_bound":0.08418502416710283,"upper_bound":0.08952871110076804},"point_estimate":0.08702515224162344,"standard_error":0.0013558336952788283},"median":{"confidence_interval":{"confidence_level":0.95,"lower_bound":0.08705393495993485,"upper_bound":0.08838355638139128},"point_estimate":0.08767835491702258,"standard_error":0.0003260600977335467}}