{"mean":{"confidence_interval":{"confidence_level":0.95,"lower_bound":0.0672796031281424,"upper_bound":0.07263945732289355},"point_estimate":0.0701238651375693,"standard_error":0.0013566936027615119},"median":{"confidence_interval":{"confidence_level":0.95,"lower_bound":0.07021257516927881,"upper_bound":0.07143222039347608},"point_estimate":0.07068287306763099,"standard_error":0.00032110300966830163}}