{"mean":{"confidence_interval":{"confidence_level":0.95,"lower_bound":0.042920657954112415,"upper_bound":0.04829135204071777},"point_estimate":0.045745168952305404,"standard_error":0.0013575950016221185},"median":{"confidence_interval":{"confidence_level":0.95,"lower_bound":0.0453990328804994,"upper_bound":0.046717285741658676},"point_estimate":0.04604406310632658,"standard_error":0.000342171330605754}}