{"mean":{"confidence_interval":{"confidence_level":0.95,"lower_bound":0.07584840759471716,"upper_bound":0.08078086957249667},"point_estimate":0.07848601789031617,"standard_error":0.0012598662288207205},"median":{"confidence_interval":{"confidence_level":0.95,"lower_bound":0.07842425012778809,"upper_bound":0.0813087767708005},"point_estimate":0.08036705621347306,"standard_error":0.0007118852247119203}}