{"mean":{"confidence_interval":{"confidence_level":0.95,"lower_bound":-0.02050410718730995,"upper_bound":-0.017041674591841152},"point_estimate":-0.018633050105734683,"standard_error":0.0008829564195043664},"median":{"confidence_interval":{"confidence_level":0.95,"lower_bound":-0.018819626727285134,"upper_bound":-0.016464118293778585},"point_estimate":-0.017156634168822738,"standard_error":0.000626976330634783}}