{"mean":{"confidence_interval":{"confidence_level":0.95,"lower_bound":0.04596169208459521,"upper_bound":0.051176826705827204},"point_estimate":0.048645923063394436,"standard_error":0.001324515501723848},"median":{"confidence_interval":{"confidence_level":0.95,"lower_bound":0.0492311525776703,"upper_bound":0.05013002412562417},"point_estimate":0.04954287961893056,"standard_error":0.00023017576466205874}}