{"mean":{"confidence_interval":{"confidence_level":0.95,"lower_bound":0.05024899467173,"upper_bound":0.055171046614504275},"point_estimate":0.0528199960084077,"standard_error":0.0012453992471118107},"median":{"confidence_interval":{"confidence_level":0.95,"lower_bound":0.053931684963407056,"upper_bound":0.054943667579408606},"point_estimate":0.0543123402738217,"standard_error":0.0002541523062570785}}