{"mean":{"confidence_interval":{"confidence_level":0.95,"lower_bound":-0.01823079672401234,"upper_bound":-0.014051623726113715},"point_estimate":-0.015915239340578036,"standard_error":0.0010762195737231593},"median":{"confidence_interval":{"confidence_level":0.95,"lower_bound":-0.014762570642618073,"upper_bound":-0.013838472257210022},"point_estimate":-0.014387057623102328,"standard_error":0.00023595498917492982}}