{"mean":{"confidence_interval":{"confidence_level":0.95,"lower_bound":0.053530189381799494,"upper_bound":0.06262345324716857},"point_estimate":0.05742167970261325,"standard_error":0.002323531878910456},"median":{"confidence_interval":{"confidence_level":0.95,"lower_bound":0.05632595148106567,"upper_bound":0.05767937162742376},"point_estimate":0.05694868463182945,"standard_error":0.0003564278733570748}}