{"mean":{"confidence_interval":{"confidence_level":0.95,"lower_bound":0.08709448426455911,"upper_bound":0.09088695721621043},"point_estimate":0.08917587053698206,"standard_error":0.0009707175441770962},"median":{"confidence_interval":{"confidence_level":0.95,"lower_bound":0.08942034846194447,"upper_bound":0.09202768600586153},"point_estimate":0.09125559336311295,"standard_error":0.0006993927237126527}}