{"mean":{"confidence_interval":{"confidence_level":0.95,"lower_bound":-0.1387134421182857,"upper_bound":-0.13245190695751352},"point_estimate":-0.13591908481224724,"standard_error":0.0015584058547541632},"median":{"confidence_interval":{"confidence_level":0.95,"lower_bound":-0.13624833388086877,"upper_bound":-0.13505211051811783},"point_estimate":-0.13573845321346112,"standard_error":0.0003248261477397698}}