{"mean":{"confidence_interval":{"confidence_level":0.95,"lower_bound":0.0647071892072224,"upper_bound":0.07464770121081665},"point_estimate":0.06903840197345867,"standard_error":0.002540027758837776},"median":{"confidence_interval":{"confidence_level":0.95,"lower_bound":0.06868126071168246,"upper_bound":0.0703448661788455},"point_estimate":0.06954042192035215,"standard_error":0.0004385960969449792}}