{"mean":{"confidence_interval":{"confidence_level":0.95,"lower_bound":0.11989857619686878,"upper_bound":0.13521749768009975},"point_estimate":0.1273181382920554,"standard_error":0.003905351307515498},"median":{"confidence_interval":{"confidence_level":0.95,"lower_bound":0.11613490996138531,"upper_bound":0.11869472149369398},"point_estimate":0.11735041470929297,"standard_error":0.0006642859198460506}}