{"mean":{"confidence_interval":{"confidence_level":0.95,"lower_bound":0.05050769352658182,"upper_bound":0.05948188772216873},"point_estimate":0.05444935519260685,"standard_error":0.002358871991606839},"median":{"confidence_interval":{"confidence_level":0.95,"lower_bound":0.05301477046262382,"upper_bound":0.05449498454614999},"point_estimate":0.05358849807094779,"standard_error":0.0003919052684403539}}