{"mean":{"confidence_interval":{"confidence_level":0.95,"lower_bound":0.04889245217114865,"upper_bound":0.05939311275818274},"point_estimate":0.05306874434798381,"standard_error":0.00271260373194509},"median":{"confidence_interval":{"confidence_level":0.95,"lower_bound":0.05128435899023742,"upper_bound":0.05291612059248152},"point_estimate":0.052016140277946654,"standard_error":0.0004266418154405071}}