{"mean":{"confidence_interval":{"confidence_level":0.95,"lower_bound":0.055698418760869436,"upper_bound":0.06483203260384839},"point_estimate":0.059864590203204227,"standard_error":0.0023978124477373065},"median":{"confidence_interval":{"confidence_level":0.95,"lower_bound":0.05838388466375899,"upper_bound":0.05951408108005227},"point_estimate":0.05878062274807738,"standard_error":0.00028344974215083576}}