{"mean":{"confidence_interval":{"confidence_level":0.95,"lower_bound":0.08110525553498729,"upper_bound":0.08625542875534124},"point_estimate":0.08386458549064746,"standard_error":0.0013111441530278926},"median":{"confidence_interval":{"confidence_level":0.95,"lower_bound":0.08421685082785402,"upper_bound":0.08524985941631114},"point_estimate":0.08464196334482033,"standard_error":0.0002604880553371776}}