{"mean":{"confidence_interval":{"confidence_level":0.95,"lower_bound":-0.011635130022695471,"upper_bound":-0.006874343002117456},"point_estimate":-0.00885771041100647,"standard_error":0.0012286502926747037},"median":{"confidence_interval":{"confidence_level":0.95,"lower_bound":-0.010168902621185194,"upper_bound":-0.006354759612521853},"point_estimate":-0.008087570028805113,"standard_error":0.0009431102676272863}}