{"mean":{"confidence_interval":{"confidence_level":0.95,"lower_bound":0.07710582491507637,"upper_bound":0.08546305254942196},"point_estimate":0.08118170040978989,"standard_error":0.002128449254158504},"median":{"confidence_interval":{"confidence_level":0.95,"lower_bound":0.07770266374204989,"upper_bound":0.08185530804674894},"point_estimate":0.07993192790465842,"standard_error":0.0010261535421860154}}