{"mean":{"confidence_interval":{"confidence_level":0.95,"lower_bound":-0.039400067756605095,"upper_bound":-0.031145305891951497},"point_estimate":-0.03519935448410061,"standard_error":0.0020982329724714174},"median":{"confidence_interval":{"confidence_level":0.95,"lower_bound":-0.03347184012769288,"upper_bound":-0.03184668964883142},"point_estimate":-0.03241546376571891,"standard_error":0.00041520596613366556}}