{"mean":{"confidence_interval":{"confidence_level":0.95,"lower_bound":-0.008372026402116197,"upper_bound":-0.0016483116982326132},"point_estimate":-0.004925215301270547,"standard_error":0.0016951140507517244},"median":{"confidence_interval":{"confidence_level":0.95,"lower_bound":-0.006582671612978763,"upper_bound":-0.0020038014900756185},"point_estimate":-0.004249938371414408,"standard_error":0.0011446283532111198}}