{"mean":{"confidence_interval":{"confidence_level":0.95,"lower_bound":-0.005999310275990302,"upper_bound":0.0010710730634033046},"point_estimate":-0.0025402808834219526,"standard_error":0.0018078875427053572},"median":{"confidence_interval":{"confidence_level":0.95,"lower_bound":-0.006354170841254891,"upper_bound":-0.0021861797322807464},"point_estimate":-0.004318136405554118,"standard_error":0.001015554182166307}}