{"mean":{"confidence_interval":{"confidence_level":0.95,"lower_bound":-0.02381830649239132,"upper_bound":-0.01722344114001403},"point_estimate":-0.020574764871390427,"standard_error":0.0016526790740630523},"median":{"confidence_interval":{"confidence_level":0.95,"lower_bound":-0.023013069269794073,"upper_bound":-0.01922250604149474},"point_estimate":-0.021011275068263946,"standard_error":0.0009292461942881796}}