{"mean":{"confidence_interval":{"confidence_level":0.95,"lower_bound":-0.007733261973112804,"upper_bound":-0.0009692155593946652},"point_estimate":-0.004464970491094289,"standard_error":0.00167494022207281},"median":{"confidence_interval":{"confidence_level":0.95,"lower_bound":-0.006465855272369869,"upper_bound":-0.002683416945804971},"point_estimate":-0.004478208752641599,"standard_error":0.0009321191375064728}}