{"mean":{"confidence_interval":{"confidence_level":0.95,"lower_bound":-0.011927423321902927,"upper_bound":-0.005226963018314893},"point_estimate":-0.008600344189905629,"standard_error":0.001702466863698903},"median":{"confidence_interval":{"confidence_level":0.95,"lower_bound":-0.011438943459308515,"upper_bound":-0.007539482884155735},"point_estimate":-0.009365762980988901,"standard_error":0.0009593443501727145}}