{"mean":{"confidence_interval":{"confidence_level":0.95,"lower_bound":-0.043008336696535594,"upper_bound":-0.03646621645016734},"point_estimate":-0.039850889944365364,"standard_error":0.0016467880024118235},"median":{"confidence_interval":{"confidence_level":0.95,"lower_bound":-0.04276408642858398,"upper_bound":-0.03893981965016424},"point_estimate":-0.04081664208553781,"standard_error":0.0009277287469369709}}