{"mean":{"confidence_interval":{"confidence_level":0.95,"lower_bound":-0.011218121679473192,"upper_bound":-0.0062277435240028},"point_estimate":-0.008452548242281699,"standard_error":0.0012790653632211342},"median":{"confidence_interval":{"confidence_level":0.95,"lower_bound":-0.0099182139859052,"upper_bound":-0.006067556287057352},"point_estimate":-0.007896807813698614,"standard_error":0.0009439344350446178}}