{"mean":{"confidence_interval":{"confidence_level":0.95,"lower_bound":-0.016354435788339658,"upper_bound":-0.009497102406481979},"point_estimate":-0.013031386860218541,"standard_error":0.0017335283134642977},"median":{"confidence_interval":{"confidence_level":0.95,"lower_bound":-0.01628544495678219,"upper_bound":-0.01204826899783995},"point_estimate":-0.01399813754260959,"standard_error":0.0010437017723036513}}