{"mean":{"confidence_interval":{"confidence_level":0.95,"lower_bound":0.0008211233007402456,"upper_bound":0.007335127815114322},"point_estimate":0.0040514464213547985,"standard_error":0.001621810173250394},"median":{"confidence_interval":{"confidence_level":0.95,"lower_bound":0.0023312374125976643,"upper_bound":0.006243337647406863},"point_estimate":0.004373981588825959,"standard_error":0.0009648934273981336}}