{"mean":{"confidence_interval":{"confidence_level":0.95,"lower_bound":-0.030882712904504544,"upper_bound":-0.023557185351398436},"point_estimate":-0.02692796372343753,"standard_error":0.0018575069956256302},"median":{"confidence_interval":{"confidence_level":0.95,"lower_bound":-0.02865404431423857,"upper_bound":-0.021399093885675402},"point_estimate":-0.0267719975344598,"standard_error":0.001954506860199857}}