{"mean":{"confidence_interval":{"confidence_level":0.95,"lower_bound":0.047690303275507814,"upper_bound":0.0604242379035695},"point_estimate":0.053303994645840236,"standard_error":0.003232486461998768},"median":{"confidence_interval":{"confidence_level":0.95,"lower_bound":0.04715787482342937,"upper_bound":0.051662814765671694},"point_estimate":0.04935463395198836,"standard_error":0.00110722032465152}}