{"mean":{"confidence_interval":{"confidence_level":0.95,"lower_bound":0.005436347471886538,"upper_bound":0.011082289367771524},"point_estimate":0.008451818621032947,"standard_error":0.0014307584300831942},"median":{"confidence_interval":{"confidence_level":0.95,"lower_bound":0.0063840816015627855,"upper_bound":0.010398354662983111},"point_estimate":0.008423956136467403,"standard_error":0.0009842598486405835}}