{"mean":{"confidence_interval":{"confidence_level":0.95,"lower_bound":0.06851046428432878,"upper_bound":0.07533682628010402},"point_estimate":0.07201835380907684,"standard_error":0.0017211185626044188},"median":{"confidence_interval":{"confidence_level":0.95,"lower_bound":0.06880049263987376,"upper_bound":0.07286182752604375},"point_estimate":0.07099116690031781,"standard_error":0.0010059431483178546}}