{"mean":{"confidence_interval":{"confidence_level":0.95,"lower_bound":-0.0036617105263441,"upper_bound":0.0020408083518693764},"point_estimate":-0.0006227350772238793,"standard_error":0.0014520202644166913},"median":{"confidence_interval":{"confidence_level":0.95,"lower_bound":-0.0020061860831696327,"upper_bound":0.002397030106383813},"point_estimate":0.00028683764736370243,"standard_error":0.0010875214022899222}}