{"mean":{"confidence_interval":{"confidence_level":0.95,"lower_bound":-0.023297457725644392,"upper_bound":-0.01613171824122633},"point_estimate":-0.019798018724067723,"standard_error":0.0018124431262619995},"median":{"confidence_interval":{"confidence_level":0.95,"lower_bound":-0.019780950268803332,"upper_bound":-0.01573768250599164},"point_estimate":-0.01773720844099791,"standard_error":0.0009725139462877948}}