{"mean":{"confidence_interval":{"confidence_level":0.95,"lower_bound":0.000695612491895904,"upper_bound":0.006056724329113976},"point_estimate":0.003656945769824116,"standard_error":0.0013677758621043828},"median":{"confidence_interval":{"confidence_level":0.95,"lower_bound":0.0020089232472013663,"upper_bound":0.0063534809634033795},"point_estimate":0.00413090706074426,"standard_error":0.0010739341496493876}}