{"mean":{"confidence_interval":{"confidence_level":0.95,"lower_bound":-0.00887704249765697,"upper_bound":-0.0021305404061021087},"point_estimate":-0.005667727561419311,"standard_error":0.001714700331139217},"median":{"confidence_interval":{"confidence_level":0.95,"lower_bound":-0.008014712814577675,"upper_bound":-0.003987857869946487},"point_estimate":-0.005912210327233658,"standard_error":0.0010029719651419634}}