{"mean":{"confidence_interval":{"confidence_level":0.95,"lower_bound":-0.015014001917356648,"upper_bound":-0.0013145043909027385},"point_estimate":-0.009461006571773067,"standard_error":0.003605050171647902},"median":{"confidence_interval":{"confidence_level":0.95,"lower_bound":-0.01435436750392527,"upper_bound":-0.010527730036978933},"point_estimate":-0.012322072708795928,"standard_error":0.0009478322721682242}}