{"mean":{"confidence_interval":{"confidence_level":0.95,"lower_bound":-0.01748804384108044,"upper_bound":-0.00922686699553656},"point_estimate":-0.013793770938361538,"standard_error":0.002055509190719409},"median":{"confidence_interval":{"confidence_level":0.95,"lower_bound":-0.017886102826603856,"upper_bound":-0.013433084635409123},"point_estimate":-0.01571175512983447,"standard_error":0.0010992224665367627}}