{"mean":{"confidence_interval":{"confidence_level":0.95,"lower_bound":-0.01985880255902093,"upper_bound":-0.016355465361793897},"point_estimate":-0.018112226514732876,"standard_error":0.0008991234805282101},"median":{"confidence_interval":{"confidence_level":0.95,"lower_bound":-0.0215102842476822,"upper_bound":-0.016880294531953055},"point_estimate":-0.019138766638802096,"standard_error":0.0011106119227654685}}