{"mean":{"confidence_interval":{"confidence_level":0.95,"lower_bound":-0.027757203670138016,"upper_bound":-0.024501473674111332},"point_estimate":-0.026190040871109654,"standard_error":0.0008316557646797661},"median":{"confidence_interval":{"confidence_level":0.95,"lower_bound":-0.030047278242290365,"upper_bound":-0.02558295512525255},"point_estimate":-0.028213389041045533,"standard_error":0.001174581352026884}}