{"mean":{"confidence_interval":{"confidence_level":0.95,"lower_bound":-0.030213738185584735,"upper_bound":-0.027900895014078206},"point_estimate":-0.02904687781006776,"standard_error":0.0005888561224265689},"median":{"confidence_interval":{"confidence_level":0.95,"lower_bound":-0.030775634587564653,"upper_bound":-0.02831513033457933},"point_estimate":-0.029799027204467254,"standard_error":0.0007094777305901035}}