{"mean":{"confidence_interval":{"confidence_level":0.95,"lower_bound":0.25241645379928457,"upper_bound":0.25557661751991},"point_estimate":0.25395356494935584,"standard_error":0.00080534854162941},"median":{"confidence_interval":{"confidence_level":0.95,"lower_bound":0.2513721811472903,"upper_bound":0.2558539849180994},"point_estimate":0.2535616816485484,"standard_error":0.0011440505410988814}}