{"mean":{"confidence_interval":{"confidence_level":0.95,"lower_bound":-0.027541977594937282,"upper_bound":-0.025118351838712805},"point_estimate":-0.026322598870214264,"standard_error":0.0006204099118309339},"median":{"confidence_interval":{"confidence_level":0.95,"lower_bound":-0.02845075957102272,"upper_bound":-0.025710245140160293},"point_estimate":-0.027363007759397595,"standard_error":0.0007624933642766896}}