{"mean":{"confidence_interval":{"confidence_level":0.95,"lower_bound":-0.02566404590362473,"upper_bound":-0.01746184707309553},"point_estimate":-0.02241027796667716,"standard_error":0.0021615293543168785},"median":{"confidence_interval":{"confidence_level":0.95,"lower_bound":-0.02747288615822674,"upper_bound":-0.023473504308953896},"point_estimate":-0.025904846436551776,"standard_error":0.0010281567069878568}}