{"mean":{"confidence_interval":{"confidence_level":0.95,"lower_bound":-0.02087479379375061,"upper_bound":-0.017664308228255366},"point_estimate":-0.019305893187397394,"standard_error":0.0008150840806744651},"median":{"confidence_interval":{"confidence_level":0.95,"lower_bound":-0.019859240723077765,"upper_bound":-0.016361387044339315},"point_estimate":-0.018374435482043094,"standard_error":0.0009248540607475142}}