{"mean":{"confidence_interval":{"confidence_level":0.95,"lower_bound":0.19777455326175888,"upper_bound":0.201953853614242},"point_estimate":0.19982742005447074,"standard_error":0.0010649795320790574},"median":{"confidence_interval":{"confidence_level":0.95,"lower_bound":0.19515364991529527,"upper_bound":0.19978857028318786},"point_estimate":0.1969383581821158,"standard_error":0.0012340366605235419}}