{"mean":{"confidence_interval":{"confidence_level":0.95,"lower_bound":-0.023529733108681956,"upper_bound":-0.016411454904029257},"point_estimate":-0.02007189430766343,"standard_error":0.0018220505352682975},"median":{"confidence_interval":{"confidence_level":0.95,"lower_bound":-0.028457396933991408,"upper_bound":-0.024095179276354073},"point_estimate":-0.026887343239039296,"standard_error":0.0011179410941653985}}