{"mean":{"confidence_interval":{"confidence_level":0.95,"lower_bound":-0.0275143986591252,"upper_bound":-0.025064379584019504},"point_estimate":-0.02625446063578485,"standard_error":0.000623435358813003},"median":{"confidence_interval":{"confidence_level":0.95,"lower_bound":-0.02766160807375362,"upper_bound":-0.024884579365117565},"point_estimate":-0.026466743501809442,"standard_error":0.0007672718797043172}}