{"mean":{"confidence_interval":{"confidence_level":0.95,"lower_bound":-0.036257880051372426,"upper_bound":-0.0340096257271203},"point_estimate":-0.03515251895763727,"standard_error":0.0005739067677564881},"median":{"confidence_interval":{"confidence_level":0.95,"lower_bound":-0.0367932237649482,"upper_bound":-0.03424256405362548},"point_estimate":-0.0358264796935851,"standard_error":0.0007273419337460224}}