{"mean":{"confidence_interval":{"confidence_level":0.95,"lower_bound":0.30912278494300927,"upper_bound":0.32029977092145623},"point_estimate":0.31467519819940515,"standard_error":0.0028173232024583943},"median":{"confidence_interval":{"confidence_level":0.95,"lower_bound":0.3018038402993608,"upper_bound":0.31405785812172016},"point_estimate":0.30963069973142443,"standard_error":0.003491637784067645}}