{"mean":{"confidence_interval":{"confidence_level":0.95,"lower_bound":-0.02504572381585741,"upper_bound":-0.022722519070304193},"point_estimate":-0.02386540281296423,"standard_error":0.0005924014586226157},"median":{"confidence_interval":{"confidence_level":0.95,"lower_bound":-0.025551121374024266,"upper_bound":-0.02297323548691621},"point_estimate":-0.02457306743421983,"standard_error":0.0007356605023250096}}