{"mean":{"confidence_interval":{"confidence_level":0.95,"lower_bound":-0.030399405754206653,"upper_bound":-0.0279968118557988},"point_estimate":-0.029175178483643927,"standard_error":0.0006124834038591703},"median":{"confidence_interval":{"confidence_level":0.95,"lower_bound":-0.03090006366716036,"upper_bound":-0.02838243871938395},"point_estimate":-0.029879735029052723,"standard_error":0.0007207794416627907}}