{"mean":{"confidence_interval":{"confidence_level":0.95,"lower_bound":-0.02611044246811033,"upper_bound":-0.011103442068983678},"point_estimate":-0.019477357928779915,"standard_error":0.003856898203419758},"median":{"confidence_interval":{"confidence_level":0.95,"lower_bound":-0.02782724861608321,"upper_bound":-0.02503274595804339},"point_estimate":-0.026754515411492652,"standard_error":0.0007614877820077961}}