{"mean":{"confidence_interval":{"confidence_level":0.95,"lower_bound":-0.026510952186825046,"upper_bound":-0.02342026767280082},"point_estimate":-0.02497239641976401,"standard_error":0.0007894157491131276},"median":{"confidence_interval":{"confidence_level":0.95,"lower_bound":-0.027833438184922416,"upper_bound":-0.025102517130671465},"point_estimate":-0.026764009938698763,"standard_error":0.0007615768488406107}}