{"mean":{"confidence_interval":{"confidence_level":0.95,"lower_bound":-0.029010481010125135,"upper_bound":-0.026564505420830418},"point_estimate":-0.027795330798508155,"standard_error":0.0006230763099268751},"median":{"confidence_interval":{"confidence_level":0.95,"lower_bound":-0.029591195212620103,"upper_bound":-0.026845389117284624},"point_estimate":-0.02848125110959754,"standard_error":0.0007655968457585215}}