{"mean":{"confidence_interval":{"confidence_level":0.95,"lower_bound":-0.03304268778911027,"upper_bound":-0.030310855493651218},"point_estimate":-0.0317008297288649,"standard_error":0.0006984472420058676},"median":{"confidence_interval":{"confidence_level":0.95,"lower_bound":-0.03346450598333339,"upper_bound":-0.030330701753723432},"point_estimate":-0.03223952028312449,"standard_error":0.0008407846753571192}}