{"mean":{"confidence_interval":{"confidence_level":0.95,"lower_bound":-0.002937873607491487,"upper_bound":-0.0001254895632556518},"point_estimate":-0.0015656549714511137,"standard_error":0.0007144960860644869},"median":{"confidence_interval":{"confidence_level":0.95,"lower_bound":-0.0037895467282650364,"upper_bound":-0.0007746252832713241},"point_estimate":-0.0025325456905538335,"standard_error":0.0008249530808149965}}