{"mean":{"confidence_interval":{"confidence_level":0.95,"lower_bound":0.0018654344411126178,"upper_bound":0.004016537307985712},"point_estimate":0.0029292493379280415,"standard_error":0.0005472690902130203},"median":{"confidence_interval":{"confidence_level":0.95,"lower_bound":0.001979241313216251,"upper_bound":0.004552867825357909},"point_estimate":0.003359335815538378,"standard_error":0.0006685427282433621}}