{"mean":{"confidence_interval":{"confidence_level":0.95,"lower_bound":-0.0068998445073022415,"upper_bound":-0.003973796708625988},"point_estimate":-0.005424575889716232,"standard_error":0.0007592058237158262},"median":{"confidence_interval":{"confidence_level":0.95,"lower_bound":-0.007598025492462357,"upper_bound":-0.005035413382454168},"point_estimate":-0.006067285316030291,"standard_error":0.0006620405392402962}}