{"mean":{"confidence_interval":{"confidence_level":0.95,"lower_bound":-0.014915052963979814,"upper_bound":-0.01281866457573486},"point_estimate":-0.013902852886707007,"standard_error":0.0005352594954284033},"median":{"confidence_interval":{"confidence_level":0.95,"lower_bound":-0.015090015467549733,"upper_bound":-0.01290970038301531},"point_estimate":-0.014085476571667366,"standard_error":0.0005779244384484136}}