{"mean":{"confidence_interval":{"confidence_level":0.95,"lower_bound":-0.011418857411453065,"upper_bound":-0.002209513738989211},"point_estimate":-0.007926617713017836,"standard_error":0.002574128907610581},"median":{"confidence_interval":{"confidence_level":0.95,"lower_bound":-0.01188832201261203,"upper_bound":-0.0096112271626424},"point_estimate":-0.010617183766171379,"standard_error":0.0005999176572021676}}