{"mean":{"confidence_interval":{"confidence_level":0.95,"lower_bound":0.0001926095295546494,"upper_bound":0.0022718638435394564},"point_estimate":0.001238126947644913,"standard_error":0.0005330912054995475},"median":{"confidence_interval":{"confidence_level":0.95,"lower_bound":0.00021856259999264438,"upper_bound":0.0026479372217023123},"point_estimate":0.0013900896550755881,"standard_error":0.0006287403891126368}}