{"mean":{"confidence_interval":{"confidence_level":0.95,"lower_bound":-0.013423838699752388,"upper_bound":-0.01133133274967433},"point_estimate":-0.012376053711632307,"standard_error":0.0005327926338512339},"median":{"confidence_interval":{"confidence_level":0.95,"lower_bound":-0.013088216394106178,"upper_bound":-0.011277016288071696},"point_estimate":-0.012102218183343894,"standard_error":0.0004944926548630327}}