{"mean":{"confidence_interval":{"confidence_level":0.95,"lower_bound":-0.007173916778728719,"upper_bound":-0.00417066184625817},"point_estimate":-0.005740338071343221,"standard_error":0.0007639370551848524},"median":{"confidence_interval":{"confidence_level":0.95,"lower_bound":-0.007405298008481442,"upper_bound":-0.005064270382588609},"point_estimate":-0.006388276571876683,"standard_error":0.000615101094768764}}