{"mean":{"confidence_interval":{"confidence_level":0.95,"lower_bound":-0.10550239432316286,"upper_bound":-0.1033729539729251},"point_estimate":-0.10449517025150423,"standard_error":0.0005456494151847998},"median":{"confidence_interval":{"confidence_level":0.95,"lower_bound":-0.10502016507794687,"upper_bound":-0.10318101443291983},"point_estimate":-0.10396817664357327,"standard_error":0.0004888584632965572}}