{"mean":{"confidence_interval":{"confidence_level":0.95,"lower_bound":-0.015044025865565688,"upper_bound":-0.013195645890071602},"point_estimate":-0.014061897935496948,"standard_error":0.0004716025101138431},"median":{"confidence_interval":{"confidence_level":0.95,"lower_bound":-0.014522491068194254,"upper_bound":-0.012407546017001078},"point_estimate":-0.013299034440654056,"standard_error":0.0005665011602552929}}