{"mean":{"confidence_interval":{"confidence_level":0.95,"lower_bound":0.014374195477729801,"upper_bound":0.01770003897515156},"point_estimate":0.015940422604362015,"standard_error":0.0008570846249044946},"median":{"confidence_interval":{"confidence_level":0.95,"lower_bound":0.014234898579140287,"upper_bound":0.016129928888661604},"point_estimate":0.01527421640144433,"standard_error":0.0005178386848774329}}