{"mean":{"confidence_interval":{"confidence_level":0.95,"lower_bound":-0.01414153186696566,"upper_bound":-0.012131791676583228},"point_estimate":-0.013164026357720626,"standard_error":0.0005125780311219774},"median":{"confidence_interval":{"confidence_level":0.95,"lower_bound":-0.013628895993266332,"upper_bound":-0.011204582637548754},"point_estimate":-0.01240327075871861,"standard_error":0.0006160206425154827}}