{"mean":{"confidence_interval":{"confidence_level":0.95,"lower_bound":-0.00850301007228366,"upper_bound":-0.0066917178937803004},"point_estimate":-0.007561631505703215,"standard_error":0.00046312457945237864},"median":{"confidence_interval":{"confidence_level":0.95,"lower_bound":-0.008756099326045375,"upper_bound":-0.006668999808745914},"point_estimate":-0.007635355503775143,"standard_error":0.0005433913873915733}}