{"mean":{"confidence_interval":{"confidence_level":0.95,"lower_bound":-0.005166649919106211,"upper_bound":-0.0029154038635107434},"point_estimate":-0.00406655510511178,"standard_error":0.0005721456043871195},"median":{"confidence_interval":{"confidence_level":0.95,"lower_bound":-0.005545770372965886,"upper_bound":-0.003395433025306094},"point_estimate":-0.004490736748919533,"standard_error":0.0005576518897054474}}