{"mean":{"confidence_interval":{"confidence_level":0.95,"lower_bound":-0.010701174410205915,"upper_bound":-0.008853422494444717},"point_estimate":-0.009762699018606935,"standard_error":0.0004708738233827586},"median":{"confidence_interval":{"confidence_level":0.95,"lower_bound":-0.010448242298813248,"upper_bound":-0.008273521134874088},"point_estimate":-0.009256464638072504,"standard_error":0.0005685159222115176}}