{"mean":{"confidence_interval":{"confidence_level":0.95,"lower_bound":-0.014995763379835502,"upper_bound":-0.013019908301556258},"point_estimate":-0.014018283888325156,"standard_error":0.0005022737199829726},"median":{"confidence_interval":{"confidence_level":0.95,"lower_bound":-0.01555368532793966,"upper_bound":-0.013099010421775414},"point_estimate":-0.014413656221926585,"standard_error":0.0006379225650771994}}