{"mean":{"confidence_interval":{"confidence_level":0.95,"lower_bound":-0.01860718994851308,"upper_bound":-0.016163063445581934},"point_estimate":-0.017424279577029078,"standard_error":0.0006286438244376089},"median":{"confidence_interval":{"confidence_level":0.95,"lower_bound":-0.018708336240962575,"upper_bound":-0.016519634384124626},"point_estimate":-0.0176071635369639,"standard_error":0.000572222865266382}}