{"mean":{"confidence_interval":{"confidence_level":0.95,"lower_bound":-0.015609766768905154,"upper_bound":-0.013569779864385392},"point_estimate":-0.014530541233082395,"standard_error":0.0005208445851991749},"median":{"confidence_interval":{"confidence_level":0.95,"lower_bound":-0.015473446213884684,"upper_bound":-0.013332219191480088},"point_estimate":-0.014362785945729928,"standard_error":0.0005602927696293333}}