{"mean":{"confidence_interval":{"confidence_level":0.95,"lower_bound":-0.008476424684980347,"upper_bound":-0.005093276638671901},"point_estimate":-0.006812103047425078,"standard_error":0.000863625893793805},"median":{"confidence_interval":{"confidence_level":0.95,"lower_bound":-0.009161122197233973,"upper_bound":-0.005913957272684844},"point_estimate":-0.007645644697370169,"standard_error":0.0008305348788165606}}