{"mean":{"confidence_interval":{"confidence_level":0.95,"lower_bound":0.0010793023478793576,"upper_bound":0.005299473139738025},"point_estimate":0.003074119067549619,"standard_error":0.0010684994936250858},"median":{"confidence_interval":{"confidence_level":0.95,"lower_bound":0.0008511430766742212,"upper_bound":0.0035065081625669237},"point_estimate":0.0019304357268428163,"standard_error":0.0006930647539408049}}