{"mean":{"confidence_interval":{"confidence_level":0.95,"lower_bound":0.014648438956846232,"upper_bound":0.017190562395766208},"point_estimate":0.015863821278190304,"standard_error":0.0006552840096592956},"median":{"confidence_interval":{"confidence_level":0.95,"lower_bound":0.014540742737775947,"upper_bound":0.01690522841314812},"point_estimate":0.015592637035101609,"standard_error":0.0006188138651060836}}