{"mean":{"confidence_interval":{"confidence_level":0.95,"lower_bound":0.0007595636977989265,"upper_bound":0.002675593263100634},"point_estimate":0.0016772339241413192,"standard_error":0.0004868230933804802},"median":{"confidence_interval":{"confidence_level":0.95,"lower_bound":0.001135618909269498,"upper_bound":0.0030373047140028753},"point_estimate":0.0021716055392029254,"standard_error":0.0005106768354329477}}