{"mean":{"confidence_interval":{"confidence_level":0.95,"lower_bound":-0.007734597671490195,"upper_bound":-0.005554858884463257},"point_estimate":-0.006678602167016989,"standard_error":0.0005562552488373583},"median":{"confidence_interval":{"confidence_level":0.95,"lower_bound":-0.007655447558916573,"upper_bound":-0.005159084600918629},"point_estimate":-0.006185870454551101,"standard_error":0.000654590861073605}}