{"mean":{"confidence_interval":{"confidence_level":0.95,"lower_bound":-0.012024178026159148,"upper_bound":0.0016034203288544876},"point_estimate":-0.005912484840362442,"standard_error":0.003502256410554209},"median":{"confidence_interval":{"confidence_level":0.95,"lower_bound":-0.014597806255581955,"upper_bound":-0.011577322746266883},"point_estimate":-0.013005581559242807,"standard_error":0.0007655353368163747}}