{"mean":{"confidence_interval":{"confidence_level":0.95,"lower_bound":-0.00034945829228184817,"upper_bound":0.0017763805254900177},"point_estimate":0.0007277653784225624,"standard_error":0.0005432950424736322},"median":{"confidence_interval":{"confidence_level":0.95,"lower_bound":-0.0004607509607139626,"upper_bound":0.002123848179707677},"point_estimate":0.0009496813138911708,"standard_error":0.0006488645113918544}}