{"mean":{"confidence_interval":{"confidence_level":0.95,"lower_bound":-0.024652515288434027,"upper_bound":-0.02255602773800173},"point_estimate":-0.023604832159841882,"standard_error":0.0005326256093781858},"median":{"confidence_interval":{"confidence_level":0.95,"lower_bound":-0.024856367782925326,"upper_bound":-0.02251283316497865},"point_estimate":-0.023894129551431664,"standard_error":0.0005977004755023286}}