{"mean":{"confidence_interval":{"confidence_level":0.95,"lower_bound":49905.69997721871,"upper_bound":50164.807691355294},"point_estimate":50000.468096331606,"standard_error":71.28593746002991},"median":{"confidence_interval":{"confidence_level":0.95,"lower_bound":49881.994,"upper_bound":49920.807971014496},"point_estimate":49900.48652777778,"standard_error":10.754924061232705},"median_abs_dev":{"confidence_interval":{"confidence_level":0.95,"lower_bound":58.464795714092084,"upper_bound":105.19100772975067},"point_estimate":78.98362881984934,"standard_error":12.318552247694821},"slope":{"confidence_interval":{"confidence_level":0.95,"lower_bound":49900.37199084827,"upper_bound":49992.118074549646},"point_estimate":49937.20729880301,"standard_error":23.91882833903914},"std_dev":{"confidence_interval":{"confidence_level":0.95,"lower_bound":86.5757594593182,"upper_bound":1198.9758366820001},"point_estimate":711.3301990470713,"standard_error":360.69008984297017}}