{"mean":{"confidence_interval":{"confidence_level":0.95,"lower_bound":0.035410434847872305,"upper_bound":0.05018408550324801},"point_estimate":0.041262711435863464,"standard_error":0.003966235934359617},"median":{"confidence_interval":{"confidence_level":0.95,"lower_bound":0.03490817552014036,"upper_bound":0.04182704841313556},"point_estimate":0.03703686822604557,"standard_error":0.0016393503627041965}}