{"mean":{"confidence_interval":{"confidence_level":0.95,"lower_bound":8199.624973027052,"upper_bound":8223.00962465911},"point_estimate":8209.872276295959,"standard_error":6.016700976246936},"median":{"confidence_interval":{"confidence_level":0.95,"lower_bound":8204.79162412899,"upper_bound":8213.609980928162},"point_estimate":8209.469381445546,"standard_error":2.300828182933711},"median_abs_dev":{"confidence_interval":{"confidence_level":0.95,"lower_bound":12.887180068048457,"upper_bound":24.921068050414227},"point_estimate":17.939959491980666,"standard_error":3.1076409055386116},"slope":{"confidence_interval":{"confidence_level":0.95,"lower_bound":8178.642560203004,"upper_bound":8209.315198192078},"point_estimate":8191.742024579663,"standard_error":7.890975066627705},"std_dev":{"confidence_interval":{"confidence_level":0.95,"lower_bound":29.39232981134108,"upper_bound":91.84559605174486},"point_estimate":60.464405754958754,"standard_error":18.11968788810311}}