{"mean":{"confidence_interval":{"confidence_level":0.95,"lower_bound":-0.009051230613144065,"upper_bound":-0.0065357930817771855},"point_estimate":-0.007679737476567916,"standard_error":0.0006381844239603736},"median":{"confidence_interval":{"confidence_level":0.95,"lower_bound":-0.007459506657623183,"upper_bound":-0.005961653695550684},"point_estimate":-0.006681832098543894,"standard_error":0.00038279142875787903}}