{"mean":{"confidence_interval":{"confidence_level":0.95,"lower_bound":-0.004592464123129275,"upper_bound":-0.001755719890348301},"point_estimate":-0.0031075258181557652,"standard_error":0.00072274576950712},"median":{"confidence_interval":{"confidence_level":0.95,"lower_bound":-0.0033784045035070154,"upper_bound":-0.001049053789370924},"point_estimate":-0.0021727290012703016,"standard_error":0.0006028359369347077}}