{"mean":{"confidence_interval":{"confidence_level":0.95,"lower_bound":-0.020928004352546666,"upper_bound":-0.017843665435734384},"point_estimate":-0.019365907016163253,"standard_error":0.0007798260093304273},"median":{"confidence_interval":{"confidence_level":0.95,"lower_bound":-0.02010176400703101,"upper_bound":-0.01805138997575994},"point_estimate":-0.018706516162170006,"standard_error":0.0005309208221476989}}