{"mean":{"confidence_interval":{"confidence_level":0.95,"lower_bound":-0.011505452768644616,"upper_bound":-0.008333379743101511},"point_estimate":-0.00986765980939397,"standard_error":0.000807279386219638},"median":{"confidence_interval":{"confidence_level":0.95,"lower_bound":-0.01089510058024623,"upper_bound":-0.008991139451221875},"point_estimate":-0.009847077685799066,"standard_error":0.0004721182840443886}}