{"mean":{"confidence_interval":{"confidence_level":0.95,"lower_bound":0.028260257520940323,"upper_bound":0.037102454312577304},"point_estimate":0.03245589205273203,"standard_error":0.0023967456479902683},"median":{"confidence_interval":{"confidence_level":0.95,"lower_bound":0.026954631714115777,"upper_bound":0.029743913223399865},"point_estimate":0.02888534286282818,"standard_error":0.0007446596429042175}}