{"mean":{"confidence_interval":{"confidence_level":0.95,"lower_bound":-0.007492023567426109,"upper_bound":-0.004072926803492155},"point_estimate":-0.005831538583749074,"standard_error":0.0008664222368130085},"median":{"confidence_interval":{"confidence_level":0.95,"lower_bound":-0.006653248380644516,"upper_bound":-0.004568876667173871},"point_estimate":-0.005240535796622314,"standard_error":0.0005418990613961392}}