{"mean":{"confidence_interval":{"confidence_level":0.95,"lower_bound":-0.007524293654837551,"upper_bound":-0.004268153571747468},"point_estimate":-0.00593198516109994,"standard_error":0.0008225503734657267},"median":{"confidence_interval":{"confidence_level":0.95,"lower_bound":-0.00631751995286689,"upper_bound":-0.003673526114912784},"point_estimate":-0.004955658872500157,"standard_error":0.0006720683370726657}}