{"mean":{"confidence_interval":{"confidence_level":0.95,"lower_bound":-0.06643736444824848,"upper_bound":-0.0631565054041148},"point_estimate":-0.06489560321378196,"standard_error":0.0008221797790760201},"median":{"confidence_interval":{"confidence_level":0.95,"lower_bound":-0.06578942663534733,"upper_bound":-0.06457038938756166},"point_estimate":-0.06512120021485857,"standard_error":0.0003131292123233277}}