{"mean":{"confidence_interval":{"confidence_level":0.95,"lower_bound":0.006734575795302694,"upper_bound":0.008777666413084546},"point_estimate":0.007735549964796862,"standard_error":0.0005197308521389414},"median":{"confidence_interval":{"confidence_level":0.95,"lower_bound":0.0066160920481257435,"upper_bound":0.008735217899437764},"point_estimate":0.00723270728341685,"standard_error":0.0005634110611858935}}