{"mean":{"confidence_interval":{"confidence_level":0.95,"lower_bound":-0.01273902000918364,"upper_bound":-0.009844369037245138},"point_estimate":-0.011207239865628549,"standard_error":0.0007333112819196331},"median":{"confidence_interval":{"confidence_level":0.95,"lower_bound":-0.011433009335642785,"upper_bound":-0.009537101239690315},"point_estimate":-0.010531816071175704,"standard_error":0.00045004188687601207}}