{"mean":{"confidence_interval":{"confidence_level":0.95,"lower_bound":-0.005691793257940528,"upper_bound":-0.0030487796339123243},"point_estimate":-0.004268785934513186,"standard_error":0.0006727778952777939},"median":{"confidence_interval":{"confidence_level":0.95,"lower_bound":-0.004689079351231529,"upper_bound":-0.002491497784171237},"point_estimate":-0.0036280869242940605,"standard_error":0.0005870674758660895}}