{"mean":{"confidence_interval":{"confidence_level":0.95,"lower_bound":-0.008725003963882594,"upper_bound":-0.005550117682386961},"point_estimate":-0.0071173077765992465,"standard_error":0.000808371150542883},"median":{"confidence_interval":{"confidence_level":0.95,"lower_bound":-0.007726292640946042,"upper_bound":-0.005900747563407557},"point_estimate":-0.006933253089408176,"standard_error":0.0004277629773137951}}