{"mean":{"confidence_interval":{"confidence_level":0.95,"lower_bound":-0.012564621242198122,"upper_bound":-0.009946581766117641},"point_estimate":-0.011145253753035766,"standard_error":0.0006673472532065578},"median":{"confidence_interval":{"confidence_level":0.95,"lower_bound":-0.011169664705882692,"upper_bound":-0.009589312132935457},"point_estimate":-0.010301428425350534,"standard_error":0.000404998600001892}}