{"mean":{"confidence_interval":{"confidence_level":0.95,"lower_bound":-0.06614349602128732,"upper_bound":-0.06385491250694417},"point_estimate":-0.06490475197072076,"standard_error":0.0005847412996298675},"median":{"confidence_interval":{"confidence_level":0.95,"lower_bound":-0.0649316146339678,"upper_bound":-0.0635303575334335},"point_estimate":-0.06420988506929093,"standard_error":0.0003613340745984053}}