{"mean":{"confidence_interval":{"confidence_level":0.95,"lower_bound":-0.011218098451083774,"upper_bound":-0.00809308547606613},"point_estimate":-0.009600286257193114,"standard_error":0.0007926358288344832},"median":{"confidence_interval":{"confidence_level":0.95,"lower_bound":-0.010587054744919389,"upper_bound":-0.00836667870483132},"point_estimate":-0.00939479299163637,"standard_error":0.0005322271530182537}}