{"mean":{"confidence_interval":{"confidence_level":0.95,"lower_bound":-0.01270686778433921,"upper_bound":-0.009361466731115698},"point_estimate":-0.011003654718215627,"standard_error":0.0008474332114553839},"median":{"confidence_interval":{"confidence_level":0.95,"lower_bound":-0.012045384996135944,"upper_bound":-0.009836964095241596},"point_estimate":-0.01089054381502319,"standard_error":0.0005573380733016168}}