{"mean":{"confidence_interval":{"confidence_level":0.95,"lower_bound":-0.016048561410626605,"upper_bound":-0.013489494092115249},"point_estimate":-0.014693296219059904,"standard_error":0.0006548446680107469},"median":{"confidence_interval":{"confidence_level":0.95,"lower_bound":-0.01479202666566173,"upper_bound":-0.01333969514519917},"point_estimate":-0.013993460968827698,"standard_error":0.00036535062129582817}}