{"mean":{"confidence_interval":{"confidence_level":0.95,"lower_bound":-0.01617381692779284,"upper_bound":-0.013433579156851498},"point_estimate":-0.014777573354388895,"standard_error":0.000697455936152217},"median":{"confidence_interval":{"confidence_level":0.95,"lower_bound":-0.015334623844925455,"upper_bound":-0.013087522084200498},"point_estimate":-0.01442824559816891,"standard_error":0.0005809825942598644}}