{"mean":{"confidence_interval":{"confidence_level":0.95,"lower_bound":-0.007211870951307592,"upper_bound":-0.004354524029397353},"point_estimate":-0.005724857150138374,"standard_error":0.0007287609602266834},"median":{"confidence_interval":{"confidence_level":0.95,"lower_bound":-0.006207963476905887,"upper_bound":-0.0044371216871555985},"point_estimate":-0.005386919655620992,"standard_error":0.00042738085593641624}}