{"mean":{"confidence_interval":{"confidence_level":0.95,"lower_bound":2627379.290612499,"upper_bound":2630879.9233499994},"point_estimate":2629091.8614999987,"standard_error":893.8231753149298},"median":{"confidence_interval":{"confidence_level":0.95,"lower_bound":2626233.35,"upper_bound":2630260.825},"point_estimate":2627709.5250000004,"standard_error":1063.2988456413432},"median_abs_dev":{"confidence_interval":{"confidence_level":0.95,"lower_bound":5680.025824159384,"upper_bound":10145.851381000672},"point_estimate":7448.76759275725,"standard_error":1155.6909393291494},"slope":null,"std_dev":{"confidence_interval":{"confidence_level":0.95,"lower_bound":7412.786474171065,"upper_bound":10425.375243781591},"point_estimate":8984.985979887815,"standard_error":770.0810733645056}}