{"mean":{"confidence_interval":{"confidence_level":0.95,"lower_bound":2635088.3072368423,"upper_bound":2640469.212105264},"point_estimate":2637548.595263158,"standard_error":1374.2544801361655},"median":{"confidence_interval":{"confidence_level":0.95,"lower_bound":2633771.6842105263,"upper_bound":2640024.4210526315},"point_estimate":2636857.736842105,"standard_error":1572.1376771055493},"median_abs_dev":{"confidence_interval":{"confidence_level":0.95,"lower_bound":7643.817274821396,"upper_bound":11329.092619921305},"point_estimate":9206.984852332764,"standard_error":920.2702141592551},"slope":null,"std_dev":{"confidence_interval":{"confidence_level":0.95,"lower_bound":8319.46785676154,"upper_bound":20239.157369849338},"point_estimate":13850.37699494417,"standard_error":3585.4532389311526}}