{"mean":{"confidence_interval":{"confidence_level":0.95,"lower_bound":2479978.239369047,"upper_bound":2482298.984761904},"point_estimate":2481076.8690476185,"standard_error":591.0230037801028},"median":{"confidence_interval":{"confidence_level":0.95,"lower_bound":2479008.8095238097,"upper_bound":2480944.9523809524},"point_estimate":2479834.6190476194,"standard_error":564.0063517698011},"median_abs_dev":{"confidence_interval":{"confidence_level":0.95,"lower_bound":3739.7878336055596,"upper_bound":6024.446153044773},"point_estimate":5106.745009337564,"standard_error":567.1053214195971},"slope":null,"std_dev":{"confidence_interval":{"confidence_level":0.95,"lower_bound":4199.407409099146,"upper_bound":7863.407570050068},"point_estimate":5933.088430823171,"standard_error":985.2254082813075}}