{"mean":{"confidence_interval":{"confidence_level":0.95,"lower_bound":2657932.1424078955,"upper_bound":2661964.3822236843},"point_estimate":2659903.0742105264,"standard_error":1027.544932858451},"median":{"confidence_interval":{"confidence_level":0.95,"lower_bound":2657534.421052632,"upper_bound":2661159.4736842103},"point_estimate":2659528.7105263155,"standard_error":890.7574481479072},"median_abs_dev":{"confidence_interval":{"confidence_level":0.95,"lower_bound":6681.492844537812,"upper_bound":10803.790867536458},"point_estimate":8863.99705315853,"standard_error":1048.3179058070307},"slope":null,"std_dev":{"confidence_interval":{"confidence_level":0.95,"lower_bound":8189.0258484793885,"upper_bound":12459.688467853512},"point_estimate":10354.405598078589,"standard_error":1098.4817731460241}}