{"mean":{"confidence_interval":{"confidence_level":0.95,"lower_bound":2599421.4503250006,"upper_bound":2605084.9619750003},"point_estimate":2601904.5335000004,"standard_error":1454.7980057551408},"median":{"confidence_interval":{"confidence_level":0.95,"lower_bound":2597296.6,"upper_bound":2601747.9},"point_estimate":2600418.1,"standard_error":1072.7013886394734},"median_abs_dev":{"confidence_interval":{"confidence_level":0.95,"lower_bound":6469.880960136652,"upper_bound":10613.673756569555},"point_estimate":8808.978938609638,"standard_error":1060.31904301986},"slope":null,"std_dev":{"confidence_interval":{"confidence_level":0.95,"lower_bound":7351.493592145021,"upper_bound":21964.313980893585},"point_estimate":14576.840594474525,"standard_error":4307.231539961427}}