{"mean":{"confidence_interval":{"confidence_level":0.95,"lower_bound":2653700.6773421047,"upper_bound":2658051.035394738},"point_estimate":2655852.5089473687,"standard_error":1111.9245638563955},"median":{"confidence_interval":{"confidence_level":0.95,"lower_bound":2653497.4736842103,"upper_bound":2657964.789473684},"point_estimate":2655905.1052631577,"standard_error":1365.7074990658675},"median_abs_dev":{"confidence_interval":{"confidence_level":0.95,"lower_bound":7788.058645944556,"upper_bound":12212.01992003494},"point_estimate":10278.787585936203,"standard_error":1109.3368931887865},"slope":null,"std_dev":{"confidence_interval":{"confidence_level":0.95,"lower_bound":9169.271802105606,"upper_bound":13001.433997271464},"point_estimate":11178.911330574167,"standard_error":980.1557231497615}}