{"mean":{"confidence_interval":{"confidence_level":0.95,"lower_bound":2708377.4929210525,"upper_bound":2711928.166644736},"point_estimate":2710100.372631579,"standard_error":906.7351589183172},"median":{"confidence_interval":{"confidence_level":0.95,"lower_bound":2706817.1052631577,"upper_bound":2710223.736842105},"point_estimate":2708773.1315789474,"standard_error":789.8315255318508},"median_abs_dev":{"confidence_interval":{"confidence_level":0.95,"lower_bound":5278.836222071687,"upper_bound":9701.900133020326},"point_estimate":7517.718245481263,"standard_error":1202.6342791490388},"slope":null,"std_dev":{"confidence_interval":{"confidence_level":0.95,"lower_bound":7264.417716686271,"upper_bound":10725.835850840342},"point_estimate":9094.522703608536,"standard_error":885.2799224711976}}