{"mean":{"confidence_interval":{"confidence_level":0.95,"lower_bound":2621973.9224625,"upper_bound":2625652.3402749994},"point_estimate":2623716.292999999,"standard_error":942.9524907055571},"median":{"confidence_interval":{"confidence_level":0.95,"lower_bound":2620872.25,"upper_bound":2624278.625},"point_estimate":2622691.5,"standard_error":748.437609570637},"median_abs_dev":{"confidence_interval":{"confidence_level":0.95,"lower_bound":5167.231558263302,"upper_bound":8944.245800457604},"point_estimate":6751.982670128207,"standard_error":998.940474685773},"slope":null,"std_dev":{"confidence_interval":{"confidence_level":0.95,"lower_bound":6659.7693558253495,"upper_bound":12699.282042781519},"point_estimate":9480.381547302053,"standard_error":1644.0660255924192}}