{"mean":{"confidence_interval":{"confidence_level":0.95,"lower_bound":2478417.354083334,"upper_bound":2484521.204000002},"point_estimate":2481101.1433333335,"standard_error":1574.0777972177334},"median":{"confidence_interval":{"confidence_level":0.95,"lower_bound":2477030.8571428573,"upper_bound":2478200.238095238},"point_estimate":2477419.6428571427,"standard_error":291.3129623046857},"median_abs_dev":{"confidence_interval":{"confidence_level":0.95,"lower_bound":2408.589557238889,"upper_bound":4491.366297762466},"point_estimate":3279.158141783289,"standard_error":575.1124227135122},"slope":null,"std_dev":{"confidence_interval":{"confidence_level":0.95,"lower_bound":5399.197645859906,"upper_bound":23090.68480801355},"point_estimate":15847.569637437533,"standard_error":4421.423771647702}}