{"mean":{"confidence_interval":{"confidence_level":0.95,"lower_bound":2612017.9179625004,"upper_bound":2616291.5883250004},"point_estimate":2614078.7035000008,"standard_error":1091.291866389346},"median":{"confidence_interval":{"confidence_level":0.95,"lower_bound":2609939.85,"upper_bound":2614851.45},"point_estimate":2611755.475,"standard_error":1264.0804827865609},"median_abs_dev":{"confidence_interval":{"confidence_level":0.95,"lower_bound":7070.676800720278,"upper_bound":10955.05166675923},"point_estimate":9605.172189474244,"standard_error":978.4426588086768},"slope":null,"std_dev":{"confidence_interval":{"confidence_level":0.95,"lower_bound":8511.448691266009,"upper_bound":13194.543450714129},"point_estimate":10948.702801448992,"standard_error":1196.0129753273916}}