{"mean":{"confidence_interval":{"confidence_level":0.95,"lower_bound":2621278.148137501,"upper_bound":2625880.0620250003},"point_estimate":2623551.826000001,"standard_error":1178.0668703464034},"median":{"confidence_interval":{"confidence_level":0.95,"lower_bound":2620784.0,"upper_bound":2624715.4},"point_estimate":2622080.975,"standard_error":901.9216016533084},"median_abs_dev":{"confidence_interval":{"confidence_level":0.95,"lower_bound":9219.77032631691,"upper_bound":13581.579448878627},"point_estimate":11875.32926917083,"standard_error":1160.4778240367448},"slope":null,"std_dev":{"confidence_interval":{"confidence_level":0.95,"lower_bound":9929.38988953851,"upper_bound":13403.29720477204},"point_estimate":11770.918790013156,"standard_error":884.8952555796623}}