{"mean":{"confidence_interval":{"confidence_level":0.95,"lower_bound":2612748.384962501,"upper_bound":2616083.849999999},"point_estimate":2614302.3150000004,"standard_error":854.7708747238095},"median":{"confidence_interval":{"confidence_level":0.95,"lower_bound":2611559.825,"upper_bound":2614036.9},"point_estimate":2612907.65,"standard_error":554.0605704869945},"median_abs_dev":{"confidence_interval":{"confidence_level":0.95,"lower_bound":3904.241705685854,"upper_bound":6797.35022932291},"point_estimate":5355.44762492173,"standard_error":730.7804549992604},"slope":null,"std_dev":{"confidence_interval":{"confidence_level":0.95,"lower_bound":5499.39188429691,"upper_bound":11925.129345229972},"point_estimate":8584.228222830609,"standard_error":1745.4154217001228}}