{"mean":{"confidence_interval":{"confidence_level":0.95,"lower_bound":2642785.564539474,"upper_bound":2647498.4674736853},"point_estimate":2645042.6989473687,"standard_error":1199.2820640620394},"median":{"confidence_interval":{"confidence_level":0.95,"lower_bound":2641997.5263157897,"upper_bound":2646751.8947368423},"point_estimate":2644232.4736842103,"standard_error":1297.4043172529093},"median_abs_dev":{"confidence_interval":{"confidence_level":0.95,"lower_bound":6805.289942339974,"upper_bound":12087.676601190607},"point_estimate":9645.05412876606,"standard_error":1314.8378104908916},"slope":null,"std_dev":{"confidence_interval":{"confidence_level":0.95,"lower_bound":8900.041598058444,"upper_bound":15574.476572200461},"point_estimate":12023.973953237852,"standard_error":1795.9280306030655}}