{"mean":{"confidence_interval":{"confidence_level":0.95,"lower_bound":2634218.3843157897,"upper_bound":2638190.813605264},"point_estimate":2636108.9442105265,"standard_error":1018.1611220305264},"median":{"confidence_interval":{"confidence_level":0.95,"lower_bound":2632409.947368421,"upper_bound":2635300.7894736845},"point_estimate":2634044.8157894737,"standard_error":798.8847368420153},"median_abs_dev":{"confidence_interval":{"confidence_level":0.95,"lower_bound":4260.758229619905,"upper_bound":7225.607034877854},"point_estimate":5645.233494513931,"standard_error":764.8179350106294},"slope":null,"std_dev":{"confidence_interval":{"confidence_level":0.95,"lower_bound":7378.851139909317,"upper_bound":12573.022144993061},"point_estimate":10225.06735977439,"standard_error":1327.893143312132}}