{"mean":{"confidence_interval":{"confidence_level":0.95,"lower_bound":2787249.851052632,"upper_bound":2790774.4811447375},"point_estimate":2788941.381052632,"standard_error":903.2937942936295},"median":{"confidence_interval":{"confidence_level":0.95,"lower_bound":2786330.5789473685,"upper_bound":2789599.0789473685},"point_estimate":2787875.5789473685,"standard_error":882.5059949883877},"median_abs_dev":{"confidence_interval":{"confidence_level":0.95,"lower_bound":5497.55873397766,"upper_bound":8436.657118640213},"point_estimate":6897.328188074226,"standard_error":771.7123772299306},"slope":null,"std_dev":{"confidence_interval":{"confidence_level":0.95,"lower_bound":6639.018002719414,"upper_bound":11589.579410730923},"point_estimate":9087.950984253996,"standard_error":1289.205721998793}}