{"mean":{"confidence_interval":{"confidence_level":0.95,"lower_bound":2728951.5483289473,"upper_bound":2733311.609368421},"point_estimate":2731064.489473685,"standard_error":1107.5205242012985},"median":{"confidence_interval":{"confidence_level":0.95,"lower_bound":2727011.263157895,"upper_bound":2731706.736842105},"point_estimate":2728364.8947368423,"standard_error":1297.267259127082},"median_abs_dev":{"confidence_interval":{"confidence_level":0.95,"lower_bound":6407.300610326585,"upper_bound":10793.835013634261},"point_estimate":8416.915129517327,"standard_error":1119.9821158444763},"slope":null,"std_dev":{"confidence_interval":{"confidence_level":0.95,"lower_bound":8719.116081616678,"upper_bound":13324.442500211911},"point_estimate":11147.74781330122,"standard_error":1177.5721515099196}}