{"mean":{"confidence_interval":{"confidence_level":0.95,"lower_bound":2625140.411775,"upper_bound":2630880.8138750005},"point_estimate":2627815.5365,"standard_error":1462.1530978400046},"median":{"confidence_interval":{"confidence_level":0.95,"lower_bound":2622467.9,"upper_bound":2627689.15},"point_estimate":2625094.075,"standard_error":1247.1069781842082},"median_abs_dev":{"confidence_interval":{"confidence_level":0.95,"lower_bound":8539.775848388672,"upper_bound":14195.709422975779},"point_estimate":12155.911314189503,"standard_error":1442.3956259004246},"slope":null,"std_dev":{"confidence_interval":{"confidence_level":0.95,"lower_bound":10158.910711572333,"upper_bound":20047.851293226886},"point_estimate":14666.954182963294,"standard_error":2888.877466413134}}