{"mean":{"confidence_interval":{"confidence_level":0.95,"lower_bound":2787247.2321388894,"upper_bound":2811889.801097222},"point_estimate":2798059.0977777783,"standard_error":6364.196349212958},"median":{"confidence_interval":{"confidence_level":0.95,"lower_bound":2782039.194444444,"upper_bound":2788344.5555555555},"point_estimate":2787016.972222222,"standard_error":1977.2130431251524},"median_abs_dev":{"confidence_interval":{"confidence_level":0.95,"lower_bound":8572.846064468147,"upper_bound":13222.92924899577},"point_estimate":10724.304542938946,"standard_error":1213.999845060124},"slope":null,"std_dev":{"confidence_interval":{"confidence_level":0.95,"lower_bound":21489.85520652325,"upper_bound":94276.9072905162},"point_estimate":64219.41888031355,"standard_error":18229.504296222964}}