{"mean":{"confidence_interval":{"confidence_level":0.95,"lower_bound":2635082.1807894744,"upper_bound":2641372.5832763147},"point_estimate":2637815.108947369,"standard_error":1617.4801325189362},"median":{"confidence_interval":{"confidence_level":0.95,"lower_bound":2632957.4736842103,"upper_bound":2637276.3157894737},"point_estimate":2636102.8157894732,"standard_error":1162.5026092157775},"median_abs_dev":{"confidence_interval":{"confidence_level":0.95,"lower_bound":7146.951204694746,"upper_bound":12378.188164453812},"point_estimate":10087.571205120392,"standard_error":1426.962539570112},"slope":null,"std_dev":{"confidence_interval":{"confidence_level":0.95,"lower_bound":8493.358148293608,"upper_bound":24566.331311507918},"point_estimate":16189.355077120983,"standard_error":5036.87637270622}}