{"mean":{"confidence_interval":{"confidence_level":0.95,"lower_bound":2660781.743934211,"upper_bound":2668959.613157895},"point_estimate":2664536.296842105,"standard_error":2093.832439882672},"median":{"confidence_interval":{"confidence_level":0.95,"lower_bound":2658815.8684210526,"upper_bound":2663082.263157895},"point_estimate":2661127.0,"standard_error":1182.097064333948},"median_abs_dev":{"confidence_interval":{"confidence_level":0.95,"lower_bound":6250.25133114132,"upper_bound":10382.647615670467},"point_estimate":7941.624790586814,"standard_error":1097.9149946715934},"slope":null,"std_dev":{"confidence_interval":{"confidence_level":0.95,"lower_bound":11486.593896943077,"upper_bound":28915.48435889639},"point_estimate":21037.29053240248,"standard_error":4470.352559460621}}