{"mean":{"confidence_interval":{"confidence_level":0.95,"lower_bound":0.006737058802126223,"upper_bound":0.009289322272461709},"point_estimate":0.008034225824161911,"standard_error":0.000652079881362192},"median":{"confidence_interval":{"confidence_level":0.95,"lower_bound":0.006398828195213646,"upper_bound":0.009802507850920295},"point_estimate":0.008050502322336284,"standard_error":0.0008149253243709439}}