{"mean":{"confidence_interval":{"confidence_level":0.95,"lower_bound":89248.2046850443,"upper_bound":89393.43489428212},"point_estimate":89326.72306950706,"standard_error":37.43674868134167},"median":{"confidence_interval":{"confidence_level":0.95,"lower_bound":89249.19773175543,"upper_bound":89416.84655448719},"point_estimate":89348.70960442691,"standard_error":33.96333758821292},"median_abs_dev":{"confidence_interval":{"confidence_level":0.95,"lower_bound":11.291064529984649,"upper_bound":179.79011215941293},"point_estimate":94.2367556124638,"standard_error":52.11198832507935},"slope":{"confidence_interval":{"confidence_level":0.95,"lower_bound":89206.76329074967,"upper_bound":89363.83111162149},"point_estimate":89306.94720279721,"standard_error":41.51404743234501},"std_dev":{"confidence_interval":{"confidence_level":0.95,"lower_bound":51.55793898366295,"upper_bound":172.19959271753723},"point_estimate":124.90638199819782,"standard_error":34.08177412974491}}