{"mean":{"confidence_interval":{"confidence_level":0.95,"lower_bound":0.04682474053332393,"upper_bound":0.05080495823498009},"point_estimate":0.0489585515009181,"standard_error":0.0010115513520052724},"median":{"confidence_interval":{"confidence_level":0.95,"lower_bound":0.04836504731717861,"upper_bound":0.04975636742026168},"point_estimate":0.04912615408728116,"standard_error":0.00036295810479828044}}