{"mean":{"confidence_interval":{"confidence_level":0.95,"lower_bound":-0.0361106933159635,"upper_bound":-0.03036345706016573},"point_estimate":-0.03352682465248691,"standard_error":0.0014611361094792718},"median":{"confidence_interval":{"confidence_level":0.95,"lower_bound":-0.03509192674838413,"upper_bound":-0.03372062447003088},"point_estimate":-0.03435562023109118,"standard_error":0.00034510571961244283}}