{"mean":{"confidence_interval":{"confidence_level":0.95,"lower_bound":0.0544334710674199,"upper_bound":0.058379219978240464},"point_estimate":0.056601963934255206,"standard_error":0.001000159081540745},"median":{"confidence_interval":{"confidence_level":0.95,"lower_bound":0.056530753184903304,"upper_bound":0.05816559536181032},"point_estimate":0.05736489704037062,"standard_error":0.0004002462797202958}}