{"mean":{"confidence_interval":{"confidence_level":0.95,"lower_bound":-0.11889911594485543,"upper_bound":-0.10847651797162641},"point_estimate":-0.11469348123289069,"standard_error":0.0028105384327159946},"median":{"confidence_interval":{"confidence_level":0.95,"lower_bound":-0.11818085002399159,"upper_bound":-0.11547117564812748},"point_estimate":-0.11608425870879246,"standard_error":0.0007462142084770929}}