{"mean":{"confidence_interval":{"confidence_level":0.95,"lower_bound":-0.11048877730705511,"upper_bound":-0.08395793608191776},"point_estimate":-0.09988929939045699,"standard_error":0.0069151171954687785},"median":{"confidence_interval":{"confidence_level":0.95,"lower_bound":-0.11385889815113379,"upper_bound":-0.11268251618081382},"point_estimate":-0.11311344025817194,"standard_error":0.000306551017348489}}