{"mean":{"confidence_interval":{"confidence_level":0.95,"lower_bound":-0.07067414540712341,"upper_bound":-0.06654267250270013},"point_estimate":-0.06859240005074874,"standard_error":0.0010471136218770023},"median":{"confidence_interval":{"confidence_level":0.95,"lower_bound":-0.07222163485210908,"upper_bound":-0.07098801261405885},"point_estimate":-0.0715352714486236,"standard_error":0.00031985786115414506}}