{"mean":{"confidence_interval":{"confidence_level":0.95,"lower_bound":0.11805168812401969,"upper_bound":0.12195583017815427},"point_estimate":0.12020372508728472,"standard_error":0.0009889569946409796},"median":{"confidence_interval":{"confidence_level":0.95,"lower_bound":0.12028296188003873,"upper_bound":0.12156514980446352},"point_estimate":0.12102138332693424,"standard_error":0.00032778302875549956}}