{"mean":{"confidence_interval":{"confidence_level":0.95,"lower_bound":0.03645644340500836,"upper_bound":0.041010891488144366},"point_estimate":0.03882110671874739,"standard_error":0.0011525845503253364},"median":{"confidence_interval":{"confidence_level":0.95,"lower_bound":0.03722700998717343,"upper_bound":0.03912956254365401},"point_estimate":0.03823493996750216,"standard_error":0.0004951681358670442}}