{"mean":{"confidence_interval":{"confidence_level":0.95,"lower_bound":-0.0679684461212084,"upper_bound":-0.06318864058174456},"point_estimate":-0.06558147446235019,"standard_error":0.0012026091867436315},"median":{"confidence_interval":{"confidence_level":0.95,"lower_bound":-0.06691351942956059,"upper_bound":-0.06524137493759807},"point_estimate":-0.06612067334132565,"standard_error":0.00044633769612099694}}