{"mean":{"confidence_interval":{"confidence_level":0.95,"lower_bound":-0.11417235363249735,"upper_bound":-0.11054330309405952},"point_estimate":-0.1123176454094803,"standard_error":0.0009131049333691768},"median":{"confidence_interval":{"confidence_level":0.95,"lower_bound":-0.11317064233714869,"upper_bound":-0.11187855132223246},"point_estimate":-0.11244701790483702,"standard_error":0.0003234601478011658}}