{"mean":{"confidence_interval":{"confidence_level":0.95,"lower_bound":-0.12157606174759503,"upper_bound":-0.11809004160173514},"point_estimate":-0.11974487139995693,"standard_error":0.0008668506368433015},"median":{"confidence_interval":{"confidence_level":0.95,"lower_bound":-0.11989770133921296,"upper_bound":-0.11817106270904776},"point_estimate":-0.1188208062764794,"standard_error":0.0004470946228870845}}