{"mean":{"confidence_interval":{"confidence_level":0.95,"lower_bound":-0.028926912492598333,"upper_bound":-0.023263628285620293},"point_estimate":-0.026345135682289023,"standard_error":0.0014141462750001234},"median":{"confidence_interval":{"confidence_level":0.95,"lower_bound":-0.027339950605202112,"upper_bound":-0.025640532903933755},"point_estimate":-0.026280999199094546,"standard_error":0.0004180327200720995}}