{"mean":{"confidence_interval":{"confidence_level":0.95,"lower_bound":0.04411784875947184,"upper_bound":0.04859586068891545},"point_estimate":0.04639400871752741,"standard_error":0.0011253215222998753},"median":{"confidence_interval":{"confidence_level":0.95,"lower_bound":0.04553077614210732,"upper_bound":0.047371952346665136},"point_estimate":0.04675825370296294,"standard_error":0.00047145788971360243}}