{"mean":{"confidence_interval":{"confidence_level":0.95,"lower_bound":-0.03032328459658275,"upper_bound":-0.024987683853065202},"point_estimate":-0.027681354196884,"standard_error":0.0013484816195261388},"median":{"confidence_interval":{"confidence_level":0.95,"lower_bound":-0.02916773305302578,"upper_bound":-0.02799581271892826},"point_estimate":-0.028423264674617754,"standard_error":0.0003039898193997037}}