{"mean":{"confidence_interval":{"confidence_level":0.95,"lower_bound":-0.1181459807131028,"upper_bound":-0.11186485209764696},"point_estimate":-0.1150703540537038,"standard_error":0.0016612361809564087},"median":{"confidence_interval":{"confidence_level":0.95,"lower_bound":-0.11829180732951483,"upper_bound":-0.11711263642936527},"point_estimate":-0.11763946197861652,"standard_error":0.0003026497835558695}}