{"mean":{"confidence_interval":{"confidence_level":0.95,"lower_bound":-0.036581174042743775,"upper_bound":-0.02994001510403734},"point_estimate":-0.033725092904666965,"standard_error":0.0016880987658912457},"median":{"confidence_interval":{"confidence_level":0.95,"lower_bound":-0.036425597769889184,"upper_bound":-0.03508595934553682},"point_estimate":-0.03567936268515104,"standard_error":0.0003576035535834275}}