{"mean":{"confidence_interval":{"confidence_level":0.95,"lower_bound":-0.1153919762796713,"upper_bound":-0.11231721443857112},"point_estimate":-0.11361927892705548,"standard_error":0.0007847726483547503},"median":{"confidence_interval":{"confidence_level":0.95,"lower_bound":-0.11415178868693977,"upper_bound":-0.11284834329673232},"point_estimate":-0.11337158739233655,"standard_error":0.00032287312645998246}}