{"mean":{"confidence_interval":{"confidence_level":0.95,"lower_bound":0.03550770742172279,"upper_bound":0.04211841738971489},"point_estimate":0.038768134304367985,"standard_error":0.0016620299189636914},"median":{"confidence_interval":{"confidence_level":0.95,"lower_bound":0.03689262892710188,"upper_bound":0.038535114423130956},"point_estimate":0.03769885552102248,"standard_error":0.00040706625780084614}}