{"mean":{"confidence_interval":{"confidence_level":0.95,"lower_bound":0.15292827995134503,"upper_bound":0.156940946117884},"point_estimate":0.15514298717984265,"standard_error":0.001025529961157105},"median":{"confidence_interval":{"confidence_level":0.95,"lower_bound":0.15515186963892846,"upper_bound":0.15648146041696598},"point_estimate":0.15597169943712563,"standard_error":0.0003457358452817314}}