{"mean":{"confidence_interval":{"confidence_level":0.95,"lower_bound":-0.11323104463755579,"upper_bound":-0.10848710831774172},"point_estimate":-0.11101038344760572,"standard_error":0.0011929079490950773},"median":{"confidence_interval":{"confidence_level":0.95,"lower_bound":-0.11287103266939424,"upper_bound":-0.11087611377117923},"point_estimate":-0.11197597787093727,"standard_error":0.0005072247872958261}}