{"mean":{"confidence_interval":{"confidence_level":0.95,"lower_bound":-0.12057072915274288,"upper_bound":-0.1153449023434642},"point_estimate":-0.11827921842778588,"standard_error":0.00134212437141488},"median":{"confidence_interval":{"confidence_level":0.95,"lower_bound":-0.1191877646538706,"upper_bound":-0.11812789053697992},"point_estimate":-0.11855901815033087,"standard_error":0.00027018094727573926}}