{"mean":{"confidence_interval":{"confidence_level":0.95,"lower_bound":3697979.03130357,"upper_bound":3724943.7597321435},"point_estimate":3709781.864285714,"standard_error":6922.650024102995},"median":{"confidence_interval":{"confidence_level":0.95,"lower_bound":3687613.5,"upper_bound":3694857.0714285714},"point_estimate":3692362.75,"standard_error":1760.5031998914146},"median_abs_dev":{"confidence_interval":{"confidence_level":0.95,"lower_bound":9121.961088052916,"upper_bound":17703.938085692072},"point_estimate":13352.93076293819,"standard_error":2245.5578226716925},"slope":null,"std_dev":{"confidence_interval":{"confidence_level":0.95,"lower_bound":27038.282121141237,"upper_bound":102213.8573867945},"point_estimate":69688.5693598139,"standard_error":19286.749038760223}}