{"mean":{"confidence_interval":{"confidence_level":0.95,"lower_bound":4838872.53425,"upper_bound":4845597.547795453},"point_estimate":4842099.009090911,"standard_error":1718.523037622939},"median":{"confidence_interval":{"confidence_level":0.95,"lower_bound":4835251.681818182,"upper_bound":4841892.7272727275},"point_estimate":4839923.090909091,"standard_error":1993.8224866739897},"median_abs_dev":{"confidence_interval":{"confidence_level":0.95,"lower_bound":9274.26935353075,"upper_bound":14776.197855851993},"point_estimate":12571.099958636418,"standard_error":1441.399838685356},"slope":null,"std_dev":{"confidence_interval":{"confidence_level":0.95,"lower_bound":12910.534265200773,"upper_bound":20912.508595059368},"point_estimate":17213.278604165378,"standard_error":2043.2312203213123}}