{"mean":{"confidence_interval":{"confidence_level":0.95,"lower_bound":3690046.902607145,"upper_bound":3706788.1551964288},"point_estimate":3697040.3421428567,"standard_error":4354.935705818197},"median":{"confidence_interval":{"confidence_level":0.95,"lower_bound":3687263.0,"upper_bound":3691801.2142857146},"point_estimate":3690274.928571428,"standard_error":1331.2874506871276},"median_abs_dev":{"confidence_interval":{"confidence_level":0.95,"lower_bound":6186.571990166342,"upper_bound":11034.250304102898},"point_estimate":8821.9993433784,"standard_error":1223.8670973293831},"slope":null,"std_dev":{"confidence_interval":{"confidence_level":0.95,"lower_bound":11683.490291377542,"upper_bound":69676.08255853676},"point_estimate":43845.39061376489,"standard_error":15949.123167685324}}