{"mean":{"confidence_interval":{"confidence_level":0.95,"lower_bound":2987910.2734411773,"upper_bound":2992032.4823235306},"point_estimate":2989635.06,"standard_error":1075.6676217630359},"median":{"confidence_interval":{"confidence_level":0.95,"lower_bound":2987813.529411765,"upper_bound":2989827.2352941176},"point_estimate":2988812.676470588,"standard_error":576.3519365397347},"median_abs_dev":{"confidence_interval":{"confidence_level":0.95,"lower_bound":3059.650286857266,"upper_bound":5880.623780891521},"point_estimate":4284.059835707075,"standard_error":739.1386857466692},"slope":null,"std_dev":{"confidence_interval":{"confidence_level":0.95,"lower_bound":4636.404915406839,"upper_bound":17138.664423791215},"point_estimate":10816.39856529817,"standard_error":4052.323456243235}}