{"mean":{"confidence_interval":{"confidence_level":0.95,"lower_bound":3034956.30735294,"upper_bound":3039565.3049264695},"point_estimate":3037081.9364705887,"standard_error":1175.6438452968637},"median":{"confidence_interval":{"confidence_level":0.95,"lower_bound":3033937.705882353,"upper_bound":3037992.5588235296},"point_estimate":3036087.7647058824,"standard_error":1096.757547246656},"median_abs_dev":{"confidence_interval":{"confidence_level":0.95,"lower_bound":6515.939672553915,"upper_bound":10889.755674609174},"point_estimate":8320.00220523169,"standard_error":1118.459573130394},"slope":null,"std_dev":{"confidence_interval":{"confidence_level":0.95,"lower_bound":7713.792438044841,"upper_bound":16480.353647835287},"point_estimate":11778.889482553952,"standard_error":2563.101006227927}}