{"mean":{"confidence_interval":{"confidence_level":0.95,"lower_bound":2899969.243041667,"upper_bound":2910878.7233611126},"point_estimate":2904893.4272222235,"standard_error":2789.653257285329},"median":{"confidence_interval":{"confidence_level":0.95,"lower_bound":2896076.6666666665,"upper_bound":2898977.6666666665},"point_estimate":2897261.111111111,"standard_error":691.7820134786829},"median_abs_dev":{"confidence_interval":{"confidence_level":0.95,"lower_bound":3783.595132827759,"upper_bound":7544.458095642869},"point_estimate":5063.902576764348,"standard_error":1072.0558567088603},"slope":null,"std_dev":{"confidence_interval":{"confidence_level":0.95,"lower_bound":14777.417922168954,"upper_bound":38281.88998997844},"point_estimate":28075.292223277327,"standard_error":6068.807774149921}}