{"mean":{"confidence_interval":{"confidence_level":0.95,"lower_bound":3018307.2468235283,"upper_bound":3021934.186205882},"point_estimate":3020066.554117646,"standard_error":922.4162264906231},"median":{"confidence_interval":{"confidence_level":0.95,"lower_bound":3016681.411764706,"upper_bound":3021171.911764706},"point_estimate":3019028.176470588,"standard_error":1027.5823812345723},"median_abs_dev":{"confidence_interval":{"confidence_level":0.95,"lower_bound":5687.733163728494,"upper_bound":9743.734238778674},"point_estimate":7634.430535050223,"standard_error":1048.525925951485},"slope":null,"std_dev":{"confidence_interval":{"confidence_level":0.95,"lower_bound":7221.589441171147,"upper_bound":11201.935788975052},"point_estimate":9259.028052291294,"standard_error":1023.016190329449}}