{"mean":{"confidence_interval":{"confidence_level":0.95,"lower_bound":3659103.007375001,"upper_bound":3661830.0748035717},"point_estimate":3660412.907142857,"standard_error":697.6742309043445},"median":{"confidence_interval":{"confidence_level":0.95,"lower_bound":3657916.6785714286,"upper_bound":3659808.4285714286},"point_estimate":3658819.1071428573,"standard_error":511.56231224089703},"median_abs_dev":{"confidence_interval":{"confidence_level":0.95,"lower_bound":3980.4102793335915,"upper_bound":6446.927135543967},"point_estimate":5095.166609542858,"standard_error":633.9863292901168},"slope":null,"std_dev":{"confidence_interval":{"confidence_level":0.95,"lower_bound":5416.580638540473,"upper_bound":8489.526888828883},"point_estimate":7008.211220341142,"standard_error":787.4660747505642}}