{"mean":{"confidence_interval":{"confidence_level":0.95,"lower_bound":2979356.773220588,"upper_bound":2984105.034764705},"point_estimate":2981756.871764707,"standard_error":1216.163141452789},"median":{"confidence_interval":{"confidence_level":0.95,"lower_bound":2981151.8235294116,"upper_bound":2987204.529411765},"point_estimate":2985431.2352941176,"standard_error":1611.6811822078994},"median_abs_dev":{"confidence_interval":{"confidence_level":0.95,"lower_bound":8840.394795993567,"upper_bound":16088.695249662618},"point_estimate":12367.500133374238,"standard_error":1830.0918878959885},"slope":null,"std_dev":{"confidence_interval":{"confidence_level":0.95,"lower_bound":10806.357121591089,"upper_bound":13450.418632259714},"point_estimate":12245.513141503283,"standard_error":675.356049820141}}