{"mean":{"confidence_interval":{"confidence_level":0.95,"lower_bound":3333173.240078125,"upper_bound":3370068.69140625},"point_estimate":3348576.045,"standard_error":9580.585053920018},"median":{"confidence_interval":{"confidence_level":0.95,"lower_bound":3324697.5625,"upper_bound":3329145.34375},"point_estimate":3326516.34375,"standard_error":1250.309181033614},"median_abs_dev":{"confidence_interval":{"confidence_level":0.95,"lower_bound":6930.552570708096,"upper_bound":14823.914830572903},"point_estimate":8970.378478243947,"standard_error":2015.2673341576833},"slope":null,"std_dev":{"confidence_interval":{"confidence_level":0.95,"lower_bound":26999.815836138532,"upper_bound":151380.5083588238},"point_estimate":95979.41414714142,"standard_error":33928.53551752458}}