{"mean":{"confidence_interval":{"confidence_level":0.95,"lower_bound":8099.465601103373,"upper_bound":8138.188609028006},"point_estimate":8115.260182846933,"standard_error":10.162384745920846},"median":{"confidence_interval":{"confidence_level":0.95,"lower_bound":8095.529796328891,"upper_bound":8102.247386759582},"point_estimate":8099.798518584097,"standard_error":1.5653050393739019},"median_abs_dev":{"confidence_interval":{"confidence_level":0.95,"lower_bound":10.586049220526522,"upper_bound":20.68335997777049},"point_estimate":15.227726762603233,"standard_error":2.649019366867168},"slope":{"confidence_interval":{"confidence_level":0.95,"lower_bound":8093.604827326057,"upper_bound":8103.388092668867},"point_estimate":8097.89254204707,"standard_error":2.4950484277355023},"std_dev":{"confidence_interval":{"confidence_level":0.95,"lower_bound":19.171062008771894,"upper_bound":165.05328596495397},"point_estimate":102.45677367821082,"standard_error":40.62870537772553}}