{"mean":{"confidence_interval":{"confidence_level":0.95,"lower_bound":8171.6523306351855,"upper_bound":8459.37283918866},"point_estimate":8294.395544265011,"standard_error":74.06418368377517},"median":{"confidence_interval":{"confidence_level":0.95,"lower_bound":8160.319181973301,"upper_bound":8167.976718801661},"point_estimate":8164.392315687362,"standard_error":2.0191580476718105},"median_abs_dev":{"confidence_interval":{"confidence_level":0.95,"lower_bound":11.21298917146547,"upper_bound":18.420699728566596},"point_estimate":15.100089160156863,"standard_error":1.8998105176932643},"slope":{"confidence_interval":{"confidence_level":0.95,"lower_bound":8163.655155630119,"upper_bound":8179.417934162816},"point_estimate":8169.989515859485,"standard_error":4.131019309881816},"std_dev":{"confidence_interval":{"confidence_level":0.95,"lower_bound":41.802760026122456,"upper_bound":1145.7661070096533},"point_estimate":748.4248615414625,"standard_error":269.49159654653545}}