{"mean":{"confidence_interval":{"confidence_level":0.95,"lower_bound":8326.413282759797,"upper_bound":8346.660877348764},"point_estimate":8335.522173962852,"standard_error":5.16918265475903},"median":{"confidence_interval":{"confidence_level":0.95,"lower_bound":8322.306536438768,"upper_bound":8335.277449822905},"point_estimate":8328.999377126884,"standard_error":2.9484528329862867},"median_abs_dev":{"confidence_interval":{"confidence_level":0.95,"lower_bound":18.425747633501054,"upper_bound":35.18425103920665},"point_estimate":25.3632105731803,"standard_error":4.171065195170714},"slope":{"confidence_interval":{"confidence_level":0.95,"lower_bound":8321.334270586933,"upper_bound":8336.704228838173},"point_estimate":8328.175257808007,"standard_error":3.9086622638955957},"std_dev":{"confidence_interval":{"confidence_level":0.95,"lower_bound":26.454689574541778,"upper_bound":75.08082178517297},"point_estimate":52.149992579215876,"standard_error":12.937548199700972}}