{"mean":{"confidence_interval":{"confidence_level":0.95,"lower_bound":8087.297871471064,"upper_bound":8115.236889903901},"point_estimate":8099.858991044485,"standard_error":7.181453338826931},"median":{"confidence_interval":{"confidence_level":0.95,"lower_bound":8076.8453181945615,"upper_bound":8084.55550024888},"point_estimate":8080.862838792369,"standard_error":2.1599579968963516},"median_abs_dev":{"confidence_interval":{"confidence_level":0.95,"lower_bound":12.771289119014266,"upper_bound":24.34372843113189},"point_estimate":18.39402884593992,"standard_error":2.7861658892006007},"slope":{"confidence_interval":{"confidence_level":0.95,"lower_bound":8084.3714392378415,"upper_bound":8114.856071483144},"point_estimate":8097.391516169455,"standard_error":7.90666415131886},"std_dev":{"confidence_interval":{"confidence_level":0.95,"lower_bound":36.02515207026187,"upper_bound":101.0031422864985},"point_estimate":72.38636817014594,"standard_error":16.535932171023234}}