{"mean":{"confidence_interval":{"confidence_level":0.95,"lower_bound":8065.535645844393,"upper_bound":8085.168500674983},"point_estimate":8074.207015977927,"standard_error":5.043983683136474},"median":{"confidence_interval":{"confidence_level":0.95,"lower_bound":8058.550175949521,"upper_bound":8071.90650406504},"point_estimate":8064.093138491729,"standard_error":3.0434355514807416},"median_abs_dev":{"confidence_interval":{"confidence_level":0.95,"lower_bound":17.5575041878716,"upper_bound":30.146579306972086},"point_estimate":24.404428749447227,"standard_error":3.250624542242375},"slope":{"confidence_interval":{"confidence_level":0.95,"lower_bound":8064.653993893832,"upper_bound":8081.474181783185},"point_estimate":8071.90305382049,"standard_error":4.339676251129261},"std_dev":{"confidence_interval":{"confidence_level":0.95,"lower_bound":22.546343622875405,"upper_bound":74.48112937273423},"point_estimate":50.58422493118411,"standard_error":13.649349118091889}}