{"mean":{"confidence_interval":{"confidence_level":0.95,"lower_bound":777660.150366234,"upper_bound":779838.097451886},"point_estimate":778650.4917349714,"standard_error":557.6635222238111},"median":{"confidence_interval":{"confidence_level":0.95,"lower_bound":776641.6777777778,"upper_bound":778055.6566924066},"point_estimate":777460.8428972713,"standard_error":341.2023350847029},"median_abs_dev":{"confidence_interval":{"confidence_level":0.95,"lower_bound":2139.785294151628,"upper_bound":3670.9062083268445},"point_estimate":2879.5561155371383,"standard_error":396.55502287408007},"slope":{"confidence_interval":{"confidence_level":0.95,"lower_bound":777652.044859904,"upper_bound":779508.6972501513},"point_estimate":778474.995473622,"standard_error":474.276378017615},"std_dev":{"confidence_interval":{"confidence_level":0.95,"lower_bound":3096.6103335773023,"upper_bound":7777.996989067856},"point_estimate":5637.403564809601,"standard_error":1208.846331424611}}