{"mean":{"confidence_interval":{"confidence_level":0.95,"lower_bound":749849.4976611873,"upper_bound":752755.6751109322},"point_estimate":750946.6258560179,"standard_error":786.6231682411334},"median":{"confidence_interval":{"confidence_level":0.95,"lower_bound":749769.1490773509,"upper_bound":750372.2040816327},"point_estimate":750091.3726387678,"standard_error":152.26377630284335},"median_abs_dev":{"confidence_interval":{"confidence_level":0.95,"lower_bound":891.8061848263206,"upper_bound":1427.8666639550993},"point_estimate":1256.6371431989862,"standard_error":146.1352362444228},"slope":{"confidence_interval":{"confidence_level":0.95,"lower_bound":749385.4657948712,"upper_bound":750132.5740045876},"point_estimate":749773.6550746269,"standard_error":190.18378847136583},"std_dev":{"confidence_interval":{"confidence_level":0.95,"lower_bound":1486.0233606243712,"upper_bound":13260.03729631365},"point_estimate":7924.2913211202185,"standard_error":3837.26959110293}}