{"mean":{"confidence_interval":{"confidence_level":0.95,"lower_bound":568111.7568337182,"upper_bound":570598.0233738105},"point_estimate":569046.0031437303,"standard_error":681.3356838870814},"median":{"confidence_interval":{"confidence_level":0.95,"lower_bound":567561.3484848485,"upper_bound":568451.3837209302},"point_estimate":567854.7386980108,"standard_error":247.07175415609575},"median_abs_dev":{"confidence_interval":{"confidence_level":0.95,"lower_bound":1083.3523526718304,"upper_bound":1773.2293241159778},"point_estimate":1417.4889802700725,"standard_error":175.25858445021262},"slope":{"confidence_interval":{"confidence_level":0.95,"lower_bound":567836.9961461549,"upper_bound":569043.5813127459},"point_estimate":568369.6637874981,"standard_error":310.89369142024697},"std_dev":{"confidence_interval":{"confidence_level":0.95,"lower_bound":1503.6082195330036,"upper_bound":11484.057836505634},"point_estimate":6858.207466822522,"standard_error":3381.237013875096}}