{"mean":{"confidence_interval":{"confidence_level":0.95,"lower_bound":568462.1015380205,"upper_bound":571337.5348222564},"point_estimate":569635.1092795563,"standard_error":749.5403184216669},"median":{"confidence_interval":{"confidence_level":0.95,"lower_bound":566984.50546875,"upper_bound":569230.9262672811},"point_estimate":567788.7091269841,"standard_error":564.332499057457},"median_abs_dev":{"confidence_interval":{"confidence_level":0.95,"lower_bound":2074.373786125983,"upper_bound":4578.153048464765},"point_estimate":3387.7331530910405,"standard_error":693.1314284338295},"slope":{"confidence_interval":{"confidence_level":0.95,"lower_bound":567652.9960601351,"upper_bound":569058.2917497036},"point_estimate":568306.6580331018,"standard_error":358.6207886615207},"std_dev":{"confidence_interval":{"confidence_level":0.95,"lower_bound":3105.187556330434,"upper_bound":12060.350708406322},"point_estimate":7519.925861013456,"standard_error":3016.524739253493}}