{"mean":{"confidence_interval":{"confidence_level":0.95,"lower_bound":98529712.021,"upper_bound":98762767.6545},"point_estimate":98639775.82,"standard_error":59332.52600948245},"median":{"confidence_interval":{"confidence_level":0.95,"lower_bound":98444063.0,"upper_bound":98729316.0},"point_estimate":98546904.5,"standard_error":77035.37891312983},"median_abs_dev":{"confidence_interval":{"confidence_level":0.95,"lower_bound":364645.46352624893,"upper_bound":572693.4916676569},"point_estimate":457962.52976953983,"standard_error":54092.79378160454},"slope":null,"std_dev":{"confidence_interval":{"confidence_level":0.95,"lower_bound":424003.2393465595,"upper_bound":799609.6298423515},"point_estimate":596730.7586987108,"standard_error":105524.70936393164}}