{"mean":{"confidence_interval":{"confidence_level":0.95,"lower_bound":101522252.12125,"upper_bound":101947488.06975},"point_estimate":101718698.74,"standard_error":108311.02976327683},"median":{"confidence_interval":{"confidence_level":0.95,"lower_bound":101321576.0,"upper_bound":101606918.5},"point_estimate":101464117.5,"standard_error":59682.053908190406},"median_abs_dev":{"confidence_interval":{"confidence_level":0.95,"lower_bound":441814.42150622624,"upper_bound":734372.5384622812},"point_estimate":621605.2431643009,"standard_error":74897.39750700172},"slope":null,"std_dev":{"confidence_interval":{"confidence_level":0.95,"lower_bound":645515.4142241683,"upper_bound":1447439.835736308},"point_estimate":1084266.739193146,"standard_error":201445.06502162063}}