{"mean":{"confidence_interval":{"confidence_level":0.95,"lower_bound":102335425.33425,"upper_bound":102562649.9175},"point_estimate":102443240.09,"standard_error":57957.276106104626},"median":{"confidence_interval":{"confidence_level":0.95,"lower_bound":102260864.0,"upper_bound":102471124.0},"point_estimate":102386766.5,"standard_error":56008.367089587846},"median_abs_dev":{"confidence_interval":{"confidence_level":0.95,"lower_bound":334750.31765699387,"upper_bound":592236.4202857018},"point_estimate":449068.412527442,"standard_error":64152.83104383439},"slope":null,"std_dev":{"confidence_interval":{"confidence_level":0.95,"lower_bound":410535.5799550357,"upper_bound":780661.0257302182},"point_estimate":582102.2897434849,"standard_error":102643.89097345127}}