{"mean":{"confidence_interval":{"confidence_level":0.95,"lower_bound":101427292.84325,"upper_bound":101756845.427},"point_estimate":101582571.13,"standard_error":84375.46196641539},"median":{"confidence_interval":{"confidence_level":0.95,"lower_bound":101342660.0,"upper_bound":101526505.0},"point_estimate":101424507.5,"standard_error":47479.31546788528},"median_abs_dev":{"confidence_interval":{"confidence_level":0.95,"lower_bound":337579.1184067726,"upper_bound":583769.2918360233},"point_estimate":434707.94918239117,"standard_error":63538.34863195968},"slope":null,"std_dev":{"confidence_interval":{"confidence_level":0.95,"lower_bound":532554.354691962,"upper_bound":1128914.3312942039},"point_estimate":847896.7602236196,"standard_error":153020.11404974095}}