{"mean":{"confidence_interval":{"confidence_level":0.95,"lower_bound":98737854.40375,"upper_bound":99015321.0165},"point_estimate":98871126.23,"standard_error":70857.47075199374},"median":{"confidence_interval":{"confidence_level":0.95,"lower_bound":98668654.0,"upper_bound":98969100.0},"point_estimate":98811834.0,"standard_error":78588.80103632913},"median_abs_dev":{"confidence_interval":{"confidence_level":0.95,"lower_bound":442633.18734169006,"upper_bound":666806.7511618137},"point_estimate":541385.4650884867,"standard_error":58060.33625386319},"slope":null,"std_dev":{"confidence_interval":{"confidence_level":0.95,"lower_bound":517144.55238595925,"upper_bound":927463.9983530863},"point_estimate":712411.619034878,"standard_error":109428.11688516155}}