{"mean":{"confidence_interval":{"confidence_level":0.95,"lower_bound":97842555.53475,"upper_bound":98162125.35},"point_estimate":97995000.94,"standard_error":81939.37687627069},"median":{"confidence_interval":{"confidence_level":0.95,"lower_bound":97644350.5,"upper_bound":97983245.0},"point_estimate":97814261.5,"standard_error":111212.7806293105},"median_abs_dev":{"confidence_interval":{"confidence_level":0.95,"lower_bound":449408.6692214012,"upper_bound":808961.0126555706},"point_estimate":615437.627273798,"standard_error":95971.28075830477},"slope":null,"std_dev":{"confidence_interval":{"confidence_level":0.95,"lower_bound":607812.4827185373,"upper_bound":1032860.9359989205},"point_estimate":825335.8089450047,"standard_error":109670.66230576017}}