{"mean":{"confidence_interval":{"confidence_level":0.95,"lower_bound":99211810.58,"upper_bound":99482075.52675},"point_estimate":99339365.99,"standard_error":68929.67560322002},"median":{"confidence_interval":{"confidence_level":0.95,"lower_bound":99099741.0,"upper_bound":99317419.0},"point_estimate":99200610.0,"standard_error":59198.57206029142},"median_abs_dev":{"confidence_interval":{"confidence_level":0.95,"lower_bound":315377.18380093575,"upper_bound":545134.219121933},"point_estimate":425175.5726516247,"standard_error":59926.95377635516},"slope":null,"std_dev":{"confidence_interval":{"confidence_level":0.95,"lower_bound":479534.7654713406,"upper_bound":889102.0755110127},"point_estimate":693388.3880702332,"standard_error":105305.56711628666}}