{"mean":{"confidence_interval":{"confidence_level":0.95,"lower_bound":86223465.09775,"upper_bound":86680053.24025},"point_estimate":86425007.96,"standard_error":116892.76955502426},"median":{"confidence_interval":{"confidence_level":0.95,"lower_bound":86062129.0,"upper_bound":86225527.5},"point_estimate":86159872.0,"standard_error":44844.80532960398},"median_abs_dev":{"confidence_interval":{"confidence_level":0.95,"lower_bound":256556.5124452114,"upper_bound":455961.4645850657},"point_estimate":377537.4115973711,"standard_error":55151.99839063184},"slope":null,"std_dev":{"confidence_interval":{"confidence_level":0.95,"lower_bound":545723.5737506021,"upper_bound":1736869.1975856568},"point_estimate":1171467.2652813895,"standard_error":313753.4965638209}}