{"mean":{"confidence_interval":{"confidence_level":0.95,"lower_bound":102412310.95575,"upper_bound":102648263.357},"point_estimate":102525978.06,"standard_error":60204.51689559336},"median":{"confidence_interval":{"confidence_level":0.95,"lower_bound":102331905.0,"upper_bound":102601022.0},"point_estimate":102496542.5,"standard_error":61058.92638337995},"median_abs_dev":{"confidence_interval":{"confidence_level":0.95,"lower_bound":353540.7897233963,"upper_bound":606865.9755259752},"point_estimate":475671.44515514374,"standard_error":66097.21690895142},"slope":null,"std_dev":{"confidence_interval":{"confidence_level":0.95,"lower_bound":466512.5399745871,"upper_bound":742297.7831452085},"point_estimate":606966.2233955087,"standard_error":70655.13095690243}}