{"mean":{"confidence_interval":{"confidence_level":0.95,"lower_bound":100123974.431,"upper_bound":100835491.387},"point_estimate":100449070.57,"standard_error":182163.36356676283},"median":{"confidence_interval":{"confidence_level":0.95,"lower_bound":99793901.0,"upper_bound":100178663.0},"point_estimate":100013965.5,"standard_error":98241.2540419199},"median_abs_dev":{"confidence_interval":{"confidence_level":0.95,"lower_bound":476334.16734337807,"upper_bound":824427.8847634792},"point_estimate":675729.7791033983,"standard_error":87217.88942995429},"slope":null,"std_dev":{"confidence_interval":{"confidence_level":0.95,"lower_bound":973523.9605913017,"upper_bound":2517822.2340842374},"point_estimate":1836346.2665978947,"standard_error":397637.8029211358}}