{"mean":{"confidence_interval":{"confidence_level":0.95,"lower_bound":98975014.732,"upper_bound":99270167.59725},"point_estimate":99121224.29,"standard_error":75428.31046562502},"median":{"confidence_interval":{"confidence_level":0.95,"lower_bound":98844023.0,"upper_bound":99226164.0},"point_estimate":99052665.0,"standard_error":94559.9698713457},"median_abs_dev":{"confidence_interval":{"confidence_level":0.95,"lower_bound":645713.8013362885,"upper_bound":1012580.1996231079},"point_estimate":880687.3646646738,"standard_error":92204.41886131055},"slope":null,"std_dev":{"confidence_interval":{"confidence_level":0.95,"lower_bound":652914.8782097226,"upper_bound":852848.8662444884},"point_estimate":756352.1613548329,"standard_error":51084.14215903926}}