{"mean":{"confidence_interval":{"confidence_level":0.95,"lower_bound":99010510.131,"upper_bound":99367817.04025},"point_estimate":99186316.31,"standard_error":90613.1431301064},"median":{"confidence_interval":{"confidence_level":0.95,"lower_bound":98867678.0,"upper_bound":99285212.0},"point_estimate":99121686.5,"standard_error":119765.82888988483},"median_abs_dev":{"confidence_interval":{"confidence_level":0.95,"lower_bound":599043.0367648602,"upper_bound":1011212.5011473894},"point_estimate":784444.3873733282,"standard_error":108304.18909469992},"slope":null,"std_dev":{"confidence_interval":{"confidence_level":0.95,"lower_bound":744860.6639142286,"upper_bound":1056983.8405684996},"point_estimate":906582.6270016017,"standard_error":80177.6899972542}}