{"mean":{"confidence_interval":{"confidence_level":0.95,"lower_bound":99198677.333,"upper_bound":99464427.34525001},"point_estimate":99326966.7,"standard_error":67965.2285756494},"median":{"confidence_interval":{"confidence_level":0.95,"lower_bound":99083210.0,"upper_bound":99362090.5},"point_estimate":99242847.0,"standard_error":72387.32275777051},"median_abs_dev":{"confidence_interval":{"confidence_level":0.95,"lower_bound":417993.11707913876,"upper_bound":663564.3050193787},"point_estimate":550954.9066185951,"standard_error":64231.7994581381},"slope":null,"std_dev":{"confidence_interval":{"confidence_level":0.95,"lower_bound":517192.4161876273,"upper_bound":837318.7981959091},"point_estimate":684957.9099451543,"standard_error":82242.06858578091}}