{"mean":{"confidence_interval":{"confidence_level":0.95,"lower_bound":103350280.61675,"upper_bound":103577440.6385},"point_estimate":103462646.82,"standard_error":57751.72900109339},"median":{"confidence_interval":{"confidence_level":0.95,"lower_bound":103308552.5,"upper_bound":103551153.5},"point_estimate":103421078.5,"standard_error":65739.45253078059},"median_abs_dev":{"confidence_interval":{"confidence_level":0.95,"lower_bound":431237.92394399643,"upper_bound":695284.5314562321},"point_estimate":591219.3567037582,"standard_error":66617.67788222615},"slope":null,"std_dev":{"confidence_interval":{"confidence_level":0.95,"lower_bound":495061.35682276514,"upper_bound":660425.2917355685},"point_estimate":581977.8189257936,"standard_error":42167.61023416562}}