{"mean":{"confidence_interval":{"confidence_level":0.95,"lower_bound":98956412.40775,"upper_bound":99175448.15825},"point_estimate":99062800.1,"standard_error":55920.63762387617},"median":{"confidence_interval":{"confidence_level":0.95,"lower_bound":98850797.0,"upper_bound":99068684.0},"point_estimate":98955998.0,"standard_error":53354.15645261194},"median_abs_dev":{"confidence_interval":{"confidence_level":0.95,"lower_bound":351199.13425996905,"upper_bound":603213.590490818},"point_estimate":502417.5486803055,"standard_error":64430.47050274486},"slope":null,"std_dev":{"confidence_interval":{"confidence_level":0.95,"lower_bound":463153.75472270773,"upper_bound":645713.6872185447},"point_estimate":559758.9654070451,"standard_error":46561.66657672369}}