{"mean":{"confidence_interval":{"confidence_level":0.95,"lower_bound":102699571.457,"upper_bound":103234688.76125},"point_estimate":102931603.6,"standard_error":137451.06701852617},"median":{"confidence_interval":{"confidence_level":0.95,"lower_bound":102577168.5,"upper_bound":102954127.0},"point_estimate":102681478.0,"standard_error":99095.26781372438},"median_abs_dev":{"confidence_interval":{"confidence_level":0.95,"lower_bound":539836.8894159794,"upper_bound":841405.1370620728},"point_estimate":751102.1965652704,"standard_error":80351.15578551091},"slope":null,"std_dev":{"confidence_interval":{"confidence_level":0.95,"lower_bound":665792.4124481545,"upper_bound":2104309.6761090183},"point_estimate":1377901.6838038904,"standard_error":433013.8978407235}}