{"mean":{"confidence_interval":{"confidence_level":0.95,"lower_bound":98064582.4175,"upper_bound":98903936.674},"point_estimate":98428965.05,"standard_error":216021.82532369148},"median":{"confidence_interval":{"confidence_level":0.95,"lower_bound":97760767.5,"upper_bound":98062526.0},"point_estimate":97882933.0,"standard_error":82019.93313286909},"median_abs_dev":{"confidence_interval":{"confidence_level":0.95,"lower_bound":441913.1811969728,"upper_bound":831322.7900710702},"point_estimate":601109.0398281813,"standard_error":98846.21148743195},"slope":null,"std_dev":{"confidence_interval":{"confidence_level":0.95,"lower_bound":837869.1649772224,"upper_bound":3221156.530742671},"point_estimate":2171075.2620625678,"standard_error":622201.5320965131}}