{"mean":{"confidence_interval":{"confidence_level":0.95,"lower_bound":98781545.7665,"upper_bound":99420652.40375},"point_estimate":99070997.46,"standard_error":163176.67642026627},"median":{"confidence_interval":{"confidence_level":0.95,"lower_bound":98536961.0,"upper_bound":98960722.5},"point_estimate":98663399.5,"standard_error":94637.68745026585},"median_abs_dev":{"confidence_interval":{"confidence_level":0.95,"lower_bound":558025.4073605689,"upper_bound":890481.4200907946},"point_estimate":717258.1456661224,"standard_error":86790.40961750232},"slope":null,"std_dev":{"confidence_interval":{"confidence_level":0.95,"lower_bound":863319.7451283752,"upper_bound":2308955.2766202316},"point_estimate":1640074.0210263387,"standard_error":374707.06929709774}}